Analysis & Synthesis report for RISCV_processador
Thu Jul 24 12:58:17 2025
Quartus Prime Version 17.1.0 Build 590 10/25/2017 SJ Lite Edition


---------------------
; Table of Contents ;
---------------------
  1. Legal Notice
  2. Analysis & Synthesis Summary
  3. Analysis & Synthesis Settings
  4. Parallel Compilation
  5. Analysis & Synthesis Source Files Read
  6. Analysis & Synthesis Resource Usage Summary
  7. Analysis & Synthesis Resource Utilization by Entity
  8. Analysis & Synthesis RAM Summary
  9. Registers Removed During Synthesis
 10. Removed Registers Triggering Further Register Optimizations
 11. General Register Statistics
 12. Registers Packed Into Inferred Megafunctions
 13. Multiplexer Restructuring Statistics (Restructuring Performed)
 14. Source assignments for RISCV_processador:cpu|data_memory:data_mem_inst|altsyncram:mem_rtl_0|altsyncram_cf41:auto_generated
 15. Parameter Settings for User Entity Instance: clock_divider:clk_div_1hz
 16. Parameter Settings for Inferred Entity Instance: RISCV_processador:cpu|data_memory:data_mem_inst|altsyncram:mem_rtl_0
 17. altsyncram Parameter Settings by Entity Instance
 18. Port Connectivity Checks: "RISCV_processador:cpu|decoder_mmio_output:dec_out_inst"
 19. Port Connectivity Checks: "RISCV_processador:cpu|ula:ula_inst"
 20. Port Connectivity Checks: "RISCV_processador:cpu"
 21. Port Connectivity Checks: "input_device:input_unit"
 22. Post-Synthesis Netlist Statistics for Top Partition
 23. Elapsed Time Per Partition
 24. Analysis & Synthesis Messages



----------------
; Legal Notice ;
----------------
Copyright (C) 2017  Intel Corporation. All rights reserved.
Your use of Intel Corporation's design tools, logic functions 
and other software and tools, and its AMPP partner logic 
functions, and any output files from any of the foregoing 
(including device programming or simulation files), and any 
associated documentation or information are expressly subject 
to the terms and conditions of the Intel Program License 
Subscription Agreement, the Intel Quartus Prime License Agreement,
the Intel FPGA IP License Agreement, or other applicable license
agreement, including, without limitation, that your use is for
the sole purpose of programming logic devices manufactured by
Intel and sold by Intel or its authorized distributors.  Please
refer to the applicable agreement for further details.



+----------------------------------------------------------------------------------+
; Analysis & Synthesis Summary                                                     ;
+------------------------------------+---------------------------------------------+
; Analysis & Synthesis Status        ; Successful - Thu Jul 24 12:58:17 2025       ;
; Quartus Prime Version              ; 17.1.0 Build 590 10/25/2017 SJ Lite Edition ;
; Revision Name                      ; RISCV_processador                           ;
; Top-level Entity Name              ; toplevel                                    ;
; Family                             ; Cyclone IV E                                ;
; Total logic elements               ; 1,219                                       ;
;     Total combinational functions  ; 1,135                                       ;
;     Dedicated logic registers      ; 280                                         ;
; Total registers                    ; 280                                         ;
; Total pins                         ; 89                                          ;
; Total virtual pins                 ; 0                                           ;
; Total memory bits                  ; 8,192                                       ;
; Embedded Multiplier 9-bit elements ; 0                                           ;
; Total PLLs                         ; 0                                           ;
+------------------------------------+---------------------------------------------+


+----------------------------------------------------------------------------------------------------------------------+
; Analysis & Synthesis Settings                                                                                        ;
+----------------------------------------------------------------------------+--------------------+--------------------+
; Option                                                                     ; Setting            ; Default Value      ;
+----------------------------------------------------------------------------+--------------------+--------------------+
; Device                                                                     ; EP4CE115F29C7      ;                    ;
; Top-level entity name                                                      ; toplevel           ; RISCV_processador  ;
; Family name                                                                ; Cyclone IV E       ; Cyclone V          ;
; Use smart compilation                                                      ; Off                ; Off                ;
; Enable parallel Assembler and TimeQuest Timing Analyzer during compilation ; On                 ; On                 ;
; Enable compact report table                                                ; Off                ; Off                ;
; Restructure Multiplexers                                                   ; Auto               ; Auto               ;
; Create Debugging Nodes for IP Cores                                        ; Off                ; Off                ;
; Preserve fewer node names                                                  ; On                 ; On                 ;
; Intel FPGA IP Evaluation Mode                                              ; Enable             ; Enable             ;
; Verilog Version                                                            ; Verilog_2001       ; Verilog_2001       ;
; VHDL Version                                                               ; VHDL_1993          ; VHDL_1993          ;
; State Machine Processing                                                   ; Auto               ; Auto               ;
; Safe State Machine                                                         ; Off                ; Off                ;
; Extract Verilog State Machines                                             ; On                 ; On                 ;
; Extract VHDL State Machines                                                ; On                 ; On                 ;
; Ignore Verilog initial constructs                                          ; Off                ; Off                ;
; Iteration limit for constant Verilog loops                                 ; 5000               ; 5000               ;
; Iteration limit for non-constant Verilog loops                             ; 250                ; 250                ;
; Add Pass-Through Logic to Inferred RAMs                                    ; On                 ; On                 ;
; Infer RAMs from Raw Logic                                                  ; On                 ; On                 ;
; Parallel Synthesis                                                         ; On                 ; On                 ;
; DSP Block Balancing                                                        ; Auto               ; Auto               ;
; NOT Gate Push-Back                                                         ; On                 ; On                 ;
; Power-Up Don't Care                                                        ; On                 ; On                 ;
; Remove Redundant Logic Cells                                               ; Off                ; Off                ;
; Remove Duplicate Registers                                                 ; On                 ; On                 ;
; Ignore CARRY Buffers                                                       ; Off                ; Off                ;
; Ignore CASCADE Buffers                                                     ; Off                ; Off                ;
; Ignore GLOBAL Buffers                                                      ; Off                ; Off                ;
; Ignore ROW GLOBAL Buffers                                                  ; Off                ; Off                ;
; Ignore LCELL Buffers                                                       ; Off                ; Off                ;
; Ignore SOFT Buffers                                                        ; On                 ; On                 ;
; Limit AHDL Integers to 32 Bits                                             ; Off                ; Off                ;
; Optimization Technique                                                     ; Balanced           ; Balanced           ;
; Carry Chain Length                                                         ; 70                 ; 70                 ;
; Auto Carry Chains                                                          ; On                 ; On                 ;
; Auto Open-Drain Pins                                                       ; On                 ; On                 ;
; Perform WYSIWYG Primitive Resynthesis                                      ; Off                ; Off                ;
; Auto ROM Replacement                                                       ; On                 ; On                 ;
; Auto RAM Replacement                                                       ; On                 ; On                 ;
; Auto DSP Block Replacement                                                 ; On                 ; On                 ;
; Auto Shift Register Replacement                                            ; Auto               ; Auto               ;
; Allow Shift Register Merging across Hierarchies                            ; Auto               ; Auto               ;
; Auto Clock Enable Replacement                                              ; On                 ; On                 ;
; Strict RAM Replacement                                                     ; Off                ; Off                ;
; Allow Synchronous Control Signals                                          ; On                 ; On                 ;
; Force Use of Synchronous Clear Signals                                     ; Off                ; Off                ;
; Auto RAM Block Balancing                                                   ; On                 ; On                 ;
; Auto RAM to Logic Cell Conversion                                          ; Off                ; Off                ;
; Auto Resource Sharing                                                      ; Off                ; Off                ;
; Allow Any RAM Size For Recognition                                         ; Off                ; Off                ;
; Allow Any ROM Size For Recognition                                         ; Off                ; Off                ;
; Allow Any Shift Register Size For Recognition                              ; Off                ; Off                ;
; Use LogicLock Constraints during Resource Balancing                        ; On                 ; On                 ;
; Ignore translate_off and synthesis_off directives                          ; Off                ; Off                ;
; Timing-Driven Synthesis                                                    ; On                 ; On                 ;
; Report Parameter Settings                                                  ; On                 ; On                 ;
; Report Source Assignments                                                  ; On                 ; On                 ;
; Report Connectivity Checks                                                 ; On                 ; On                 ;
; Ignore Maximum Fan-Out Assignments                                         ; Off                ; Off                ;
; Synchronization Register Chain Length                                      ; 2                  ; 2                  ;
; Power Optimization During Synthesis                                        ; Normal compilation ; Normal compilation ;
; HDL message level                                                          ; Level2             ; Level2             ;
; Suppress Register Optimization Related Messages                            ; Off                ; Off                ;
; Number of Removed Registers Reported in Synthesis Report                   ; 5000               ; 5000               ;
; Number of Swept Nodes Reported in Synthesis Report                         ; 5000               ; 5000               ;
; Number of Inverted Registers Reported in Synthesis Report                  ; 100                ; 100                ;
; Clock MUX Protection                                                       ; On                 ; On                 ;
; Auto Gated Clock Conversion                                                ; Off                ; Off                ;
; Block Design Naming                                                        ; Auto               ; Auto               ;
; SDC constraint protection                                                  ; Off                ; Off                ;
; Synthesis Effort                                                           ; Auto               ; Auto               ;
; Shift Register Replacement - Allow Asynchronous Clear Signal               ; On                 ; On                 ;
; Pre-Mapping Resynthesis Optimization                                       ; Off                ; Off                ;
; Analysis & Synthesis Message Level                                         ; Medium             ; Medium             ;
; Disable Register Merging Across Hierarchies                                ; Auto               ; Auto               ;
; Resource Aware Inference For Block RAM                                     ; On                 ; On                 ;
+----------------------------------------------------------------------------+--------------------+--------------------+


+------------------------------------------+
; Parallel Compilation                     ;
+----------------------------+-------------+
; Processors                 ; Number      ;
+----------------------------+-------------+
; Number detected on machine ; 10          ;
; Maximum allowed            ; 5           ;
;                            ;             ;
; Average used               ; 1.00        ;
; Maximum used               ; 5           ;
;                            ;             ;
; Usage by Processor         ; % Time Used ;
;     Processor 1            ; 100.0%      ;
;     Processor 2            ;   0.0%      ;
;     Processor 3            ;   0.0%      ;
;     Processor 4            ;   0.0%      ;
;     Processor 5            ;   0.0%      ;
+----------------------------+-------------+


+----------------------------------------------------------------------------------------------------------------------------------------------------------------------------+
; Analysis & Synthesis Source Files Read                                                                                                                                     ;
+----------------------------------+-----------------+------------------------------+------------------------------------------------------------------------------+---------+
; File Name with User-Entered Path ; Used in Netlist ; File Type                    ; File Name with Absolute Path                                                 ; Library ;
+----------------------------------+-----------------+------------------------------+------------------------------------------------------------------------------+---------+
; sinteses/input_device.v          ; yes             ; User Verilog HDL File        ; C:/Users/User/Desktop/RISCV/RISC-V/sinteses/input_device.v                   ;         ;
; sinteses/Unidade_de_controle.v   ; yes             ; User Verilog HDL File        ; C:/Users/User/Desktop/RISCV/RISC-V/sinteses/Unidade_de_controle.v            ;         ;
; sinteses/ula.v                   ; yes             ; User Verilog HDL File        ; C:/Users/User/Desktop/RISCV/RISC-V/sinteses/ula.v                            ;         ;
; sinteses/RISCV_processador.v     ; yes             ; User Verilog HDL File        ; C:/Users/User/Desktop/RISCV/RISC-V/sinteses/RISCV_processador.v              ;         ;
; sinteses/program_counter.v       ; yes             ; User Verilog HDL File        ; C:/Users/User/Desktop/RISCV/RISC-V/sinteses/program_counter.v                ;         ;
; sinteses/pc_target_adder.v       ; yes             ; User Verilog HDL File        ; C:/Users/User/Desktop/RISCV/RISC-V/sinteses/pc_target_adder.v                ;         ;
; sinteses/pc_plus_4_adder.v       ; yes             ; User Verilog HDL File        ; C:/Users/User/Desktop/RISCV/RISC-V/sinteses/pc_plus_4_adder.v                ;         ;
; sinteses/Mux4_pc_source.v        ; yes             ; User Verilog HDL File        ; C:/Users/User/Desktop/RISCV/RISC-V/sinteses/Mux4_pc_source.v                 ;         ;
; sinteses/Mux3.v                  ; yes             ; User Verilog HDL File        ; C:/Users/User/Desktop/RISCV/RISC-V/sinteses/Mux3.v                           ;         ;
; sinteses/Mux2.v                  ; yes             ; User Verilog HDL File        ; C:/Users/User/Desktop/RISCV/RISC-V/sinteses/Mux2.v                           ;         ;
; sinteses/Mux1.v                  ; yes             ; User Verilog HDL File        ; C:/Users/User/Desktop/RISCV/RISC-V/sinteses/Mux1.v                           ;         ;
; sinteses/instruction_memory.v    ; yes             ; User Verilog HDL File        ; C:/Users/User/Desktop/RISCV/RISC-V/sinteses/instruction_memory.v             ;         ;
; sinteses/extensor.v              ; yes             ; User Verilog HDL File        ; C:/Users/User/Desktop/RISCV/RISC-V/sinteses/extensor.v                       ;         ;
; sinteses/div_mult.v              ; yes             ; User Verilog HDL File        ; C:/Users/User/Desktop/RISCV/RISC-V/sinteses/div_mult.v                       ;         ;
; sinteses/decoder_mmio_output.v   ; yes             ; User Verilog HDL File        ; C:/Users/User/Desktop/RISCV/RISC-V/sinteses/decoder_mmio_output.v            ;         ;
; sinteses/decoder_mmio_input.v    ; yes             ; User Verilog HDL File        ; C:/Users/User/Desktop/RISCV/RISC-V/sinteses/decoder_mmio_input.v             ;         ;
; sinteses/data_memory.v           ; yes             ; User Verilog HDL File        ; C:/Users/User/Desktop/RISCV/RISC-V/sinteses/data_memory.v                    ;         ;
; sinteses/brench.v                ; yes             ; User Verilog HDL File        ; C:/Users/User/Desktop/RISCV/RISC-V/sinteses/brench.v                         ;         ;
; sinteses/bancoderegistradores.v  ; yes             ; User Verilog HDL File        ; C:/Users/User/Desktop/RISCV/RISC-V/sinteses/bancoderegistradores.v           ;         ;
; sinteses/toplevel.v              ; yes             ; User Verilog HDL File        ; C:/Users/User/Desktop/RISCV/RISC-V/sinteses/toplevel.v                       ;         ;
; sinteses/binary_to_bcd.v         ; yes             ; User Verilog HDL File        ; C:/Users/User/Desktop/RISCV/RISC-V/sinteses/binary_to_bcd.v                  ;         ;
; sinteses/debouncer.v             ; yes             ; User Verilog HDL File        ; C:/Users/User/Desktop/RISCV/RISC-V/sinteses/debouncer.v                      ;         ;
; sinteses/clock_divider.v         ; yes             ; User Verilog HDL File        ; C:/Users/User/Desktop/RISCV/RISC-V/sinteses/clock_divider.v                  ;         ;
; altsyncram.tdf                   ; yes             ; Megafunction                 ; c:/intelfpga_lite/17.1/quartus/libraries/megafunctions/altsyncram.tdf        ;         ;
; stratix_ram_block.inc            ; yes             ; Megafunction                 ; c:/intelfpga_lite/17.1/quartus/libraries/megafunctions/stratix_ram_block.inc ;         ;
; lpm_mux.inc                      ; yes             ; Megafunction                 ; c:/intelfpga_lite/17.1/quartus/libraries/megafunctions/lpm_mux.inc           ;         ;
; lpm_decode.inc                   ; yes             ; Megafunction                 ; c:/intelfpga_lite/17.1/quartus/libraries/megafunctions/lpm_decode.inc        ;         ;
; aglobal171.inc                   ; yes             ; Megafunction                 ; c:/intelfpga_lite/17.1/quartus/libraries/megafunctions/aglobal171.inc        ;         ;
; a_rdenreg.inc                    ; yes             ; Megafunction                 ; c:/intelfpga_lite/17.1/quartus/libraries/megafunctions/a_rdenreg.inc         ;         ;
; altrom.inc                       ; yes             ; Megafunction                 ; c:/intelfpga_lite/17.1/quartus/libraries/megafunctions/altrom.inc            ;         ;
; altram.inc                       ; yes             ; Megafunction                 ; c:/intelfpga_lite/17.1/quartus/libraries/megafunctions/altram.inc            ;         ;
; altdpram.inc                     ; yes             ; Megafunction                 ; c:/intelfpga_lite/17.1/quartus/libraries/megafunctions/altdpram.inc          ;         ;
; db/altsyncram_cf41.tdf           ; yes             ; Auto-Generated Megafunction  ; C:/Users/User/Desktop/RISCV/RISC-V/db/altsyncram_cf41.tdf                    ;         ;
+----------------------------------+-----------------+------------------------------+------------------------------------------------------------------------------+---------+


+------------------------------------------------------------------------------------+
; Analysis & Synthesis Resource Usage Summary                                        ;
+---------------------------------------------+--------------------------------------+
; Resource                                    ; Usage                                ;
+---------------------------------------------+--------------------------------------+
; Estimated Total logic elements              ; 1,219                                ;
;                                             ;                                      ;
; Total combinational functions               ; 1135                                 ;
; Logic element usage by number of LUT inputs ;                                      ;
;     -- 4 input functions                    ; 859                                  ;
;     -- 3 input functions                    ; 135                                  ;
;     -- <=2 input functions                  ; 141                                  ;
;                                             ;                                      ;
; Logic elements by mode                      ;                                      ;
;     -- normal mode                          ; 984                                  ;
;     -- arithmetic mode                      ; 151                                  ;
;                                             ;                                      ;
; Total registers                             ; 280                                  ;
;     -- Dedicated logic registers            ; 280                                  ;
;     -- I/O registers                        ; 0                                    ;
;                                             ;                                      ;
; I/O pins                                    ; 89                                   ;
; Total memory bits                           ; 8192                                 ;
;                                             ;                                      ;
; Embedded Multiplier 9-bit elements          ; 0                                    ;
;                                             ;                                      ;
; Maximum fan-out node                        ; debouncer:reset_debouncer|button_out ;
; Maximum fan-out                             ; 237                                  ;
; Total fan-out                               ; 5711                                 ;
; Average fan-out                             ; 3.51                                 ;
+---------------------------------------------+--------------------------------------+


+-----------------------------------------------------------------------------------------------------------------------------------------------------------------------------------------------------------------------------------------------------------------------------------------------------------------------------------------+
; Analysis & Synthesis Resource Utilization by Entity                                                                                                                                                                                                                                                                                     ;
+--------------------------------------------------------+---------------------+---------------------------+-------------+--------------+---------+-----------+------+--------------+---------------------------------------------------------------------------------------------------------------+----------------------+--------------+
; Compilation Hierarchy Node                             ; Combinational ALUTs ; Dedicated Logic Registers ; Memory Bits ; DSP Elements ; DSP 9x9 ; DSP 18x18 ; Pins ; Virtual Pins ; Full Hierarchy Name                                                                                           ; Entity Name          ; Library Name ;
+--------------------------------------------------------+---------------------+---------------------------+-------------+--------------+---------+-----------+------+--------------+---------------------------------------------------------------------------------------------------------------+----------------------+--------------+
; |toplevel                                              ; 1135 (134)          ; 280 (57)                  ; 8192        ; 0            ; 0       ; 0         ; 89   ; 0            ; |toplevel                                                                                                     ; toplevel             ; work         ;
;    |RISCV_processador:cpu|                             ; 319 (2)             ; 128 (0)                   ; 8192        ; 0            ; 0       ; 0         ; 0    ; 0            ; |toplevel|RISCV_processador:cpu                                                                               ; RISCV_processador    ; work         ;
;       |Mux3:mux3_inst|                                 ; 66 (66)             ; 0 (0)                     ; 0           ; 0            ; 0       ; 0         ; 0    ; 0            ; |toplevel|RISCV_processador:cpu|Mux3:mux3_inst                                                                ; Mux3                 ; work         ;
;       |Mux4_pc_source:mux4_inst|                       ; 22 (22)             ; 0 (0)                     ; 0           ; 0            ; 0       ; 0         ; 0    ; 0            ; |toplevel|RISCV_processador:cpu|Mux4_pc_source:mux4_inst                                                      ; Mux4_pc_source       ; work         ;
;       |Unidade_de_controle:unidade_de_controle_inst|   ; 4 (4)               ; 0 (0)                     ; 0           ; 0            ; 0       ; 0         ; 0    ; 0            ; |toplevel|RISCV_processador:cpu|Unidade_de_controle:unidade_de_controle_inst                                  ; Unidade_de_controle  ; work         ;
;       |bancoderegistradores:bancoderegistradores_inst| ; 90 (90)             ; 96 (96)                   ; 0           ; 0            ; 0       ; 0         ; 0    ; 0            ; |toplevel|RISCV_processador:cpu|bancoderegistradores:bancoderegistradores_inst                                ; bancoderegistradores ; work         ;
;       |data_memory:data_mem_inst|                      ; 0 (0)               ; 0 (0)                     ; 8192        ; 0            ; 0       ; 0         ; 0    ; 0            ; |toplevel|RISCV_processador:cpu|data_memory:data_mem_inst                                                     ; data_memory          ; work         ;
;          |altsyncram:mem_rtl_0|                        ; 0 (0)               ; 0 (0)                     ; 8192        ; 0            ; 0       ; 0         ; 0    ; 0            ; |toplevel|RISCV_processador:cpu|data_memory:data_mem_inst|altsyncram:mem_rtl_0                                ; altsyncram           ; work         ;
;             |altsyncram_cf41:auto_generated|           ; 0 (0)               ; 0 (0)                     ; 8192        ; 0            ; 0       ; 0         ; 0    ; 0            ; |toplevel|RISCV_processador:cpu|data_memory:data_mem_inst|altsyncram:mem_rtl_0|altsyncram_cf41:auto_generated ; altsyncram_cf41      ; work         ;
;       |decoder_mmio_output:dec_out_inst|               ; 14 (14)             ; 0 (0)                     ; 0           ; 0            ; 0       ; 0         ; 0    ; 0            ; |toplevel|RISCV_processador:cpu|decoder_mmio_output:dec_out_inst                                              ; decoder_mmio_output  ; work         ;
;       |extensor:extensor_inst|                         ; 8 (8)               ; 0 (0)                     ; 0           ; 0            ; 0       ; 0         ; 0    ; 0            ; |toplevel|RISCV_processador:cpu|extensor:extensor_inst                                                        ; extensor             ; work         ;
;       |instruction_memory:instruction_memory_inst|     ; 6 (6)               ; 0 (0)                     ; 0           ; 0            ; 0       ; 0         ; 0    ; 0            ; |toplevel|RISCV_processador:cpu|instruction_memory:instruction_memory_inst                                    ; instruction_memory   ; work         ;
;       |pc_plus_4_adder:pc_plus_4_adder_inst|           ; 30 (30)             ; 0 (0)                     ; 0           ; 0            ; 0       ; 0         ; 0    ; 0            ; |toplevel|RISCV_processador:cpu|pc_plus_4_adder:pc_plus_4_adder_inst                                          ; pc_plus_4_adder      ; work         ;
;       |pc_target_adder:pc_target_adder_inst|           ; 32 (32)             ; 0 (0)                     ; 0           ; 0            ; 0       ; 0         ; 0    ; 0            ; |toplevel|RISCV_processador:cpu|pc_target_adder:pc_target_adder_inst                                          ; pc_target_adder      ; work         ;
;       |program_counter:program_counter_inst|           ; 8 (8)               ; 32 (32)                   ; 0           ; 0            ; 0       ; 0         ; 0    ; 0            ; |toplevel|RISCV_processador:cpu|program_counter:program_counter_inst                                          ; program_counter      ; work         ;
;       |ula:ula_inst|                                   ; 37 (37)             ; 0 (0)                     ; 0           ; 0            ; 0       ; 0         ; 0    ; 0            ; |toplevel|RISCV_processador:cpu|ula:ula_inst                                                                  ; ula                  ; work         ;
;    |binary_to_bcd:bcd_converter|                       ; 575 (575)           ; 0 (0)                     ; 0           ; 0            ; 0       ; 0         ; 0    ; 0            ; |toplevel|binary_to_bcd:bcd_converter                                                                         ; binary_to_bcd        ; work         ;
;    |clock_divider:clk_div_1hz|                         ; 44 (44)             ; 32 (32)                   ; 0           ; 0            ; 0       ; 0         ; 0    ; 0            ; |toplevel|clock_divider:clk_div_1hz                                                                           ; clock_divider        ; work         ;
;    |debouncer:enter_debouncer|                         ; 31 (31)             ; 22 (22)                   ; 0           ; 0            ; 0       ; 0         ; 0    ; 0            ; |toplevel|debouncer:enter_debouncer                                                                           ; debouncer            ; work         ;
;    |debouncer:reset_debouncer|                         ; 31 (31)             ; 22 (22)                   ; 0           ; 0            ; 0       ; 0         ; 0    ; 0            ; |toplevel|debouncer:reset_debouncer                                                                           ; debouncer            ; work         ;
;    |input_device:input_unit|                           ; 1 (1)               ; 19 (19)                   ; 0           ; 0            ; 0       ; 0         ; 0    ; 0            ; |toplevel|input_device:input_unit                                                                             ; input_device         ; work         ;
+--------------------------------------------------------+---------------------+---------------------------+-------------+--------------+---------+-----------+------+--------------+---------------------------------------------------------------------------------------------------------------+----------------------+--------------+
Note: For table entries with two numbers listed, the numbers in parentheses indicate the number of resources of the given type used by the specific entity alone. The numbers listed outside of parentheses indicate the total resources of the given type used by the specific entity and all of its sub-entities in the hierarchy.


+---------------------------------------------------------------------------------------------------------------------------------------------------------------------------------------------------------------+
; Analysis & Synthesis RAM Summary                                                                                                                                                                              ;
+----------------------------------------------------------------------------------------------------------------+------+-------------+--------------+--------------+--------------+--------------+------+------+
; Name                                                                                                           ; Type ; Mode        ; Port A Depth ; Port A Width ; Port B Depth ; Port B Width ; Size ; MIF  ;
+----------------------------------------------------------------------------------------------------------------+------+-------------+--------------+--------------+--------------+--------------+------+------+
; RISCV_processador:cpu|data_memory:data_mem_inst|altsyncram:mem_rtl_0|altsyncram_cf41:auto_generated|ALTSYNCRAM ; AUTO ; Single Port ; 256          ; 32           ; --           ; --           ; 8192 ; None ;
+----------------------------------------------------------------------------------------------------------------+------+-------------+--------------+--------------+--------------+--------------+------+------+


+-------------------------------------------------------------------------------------------------------------------------------------+
; Registers Removed During Synthesis                                                                                                  ;
+---------------------------------------------------------------------------------------+---------------------------------------------+
; Register name                                                                         ; Reason for Removal                          ;
+---------------------------------------------------------------------------------------+---------------------------------------------+
; input_device:input_unit|captured_data[18..30]                                         ; Stuck at GND due to stuck port data_in      ;
; RISCV_processador:cpu|bancoderegistradores:bancoderegistradores_inst|rf_array[4][31]  ; Stuck at GND due to stuck port clock_enable ;
; RISCV_processador:cpu|bancoderegistradores:bancoderegistradores_inst|rf_array[5][31]  ; Stuck at GND due to stuck port clock_enable ;
; RISCV_processador:cpu|bancoderegistradores:bancoderegistradores_inst|rf_array[6][31]  ; Stuck at GND due to stuck port clock_enable ;
; RISCV_processador:cpu|bancoderegistradores:bancoderegistradores_inst|rf_array[7][31]  ; Stuck at GND due to stuck port clock_enable ;
; RISCV_processador:cpu|bancoderegistradores:bancoderegistradores_inst|rf_array[12][31] ; Stuck at GND due to stuck port clock_enable ;
; RISCV_processador:cpu|bancoderegistradores:bancoderegistradores_inst|rf_array[13][31] ; Stuck at GND due to stuck port clock_enable ;
; RISCV_processador:cpu|bancoderegistradores:bancoderegistradores_inst|rf_array[14][31] ; Stuck at GND due to stuck port clock_enable ;
; RISCV_processador:cpu|bancoderegistradores:bancoderegistradores_inst|rf_array[15][31] ; Stuck at GND due to stuck port clock_enable ;
; RISCV_processador:cpu|bancoderegistradores:bancoderegistradores_inst|rf_array[20][31] ; Stuck at GND due to stuck port clock_enable ;
; RISCV_processador:cpu|bancoderegistradores:bancoderegistradores_inst|rf_array[21][31] ; Stuck at GND due to stuck port clock_enable ;
; RISCV_processador:cpu|bancoderegistradores:bancoderegistradores_inst|rf_array[22][31] ; Stuck at GND due to stuck port clock_enable ;
; RISCV_processador:cpu|bancoderegistradores:bancoderegistradores_inst|rf_array[23][31] ; Stuck at GND due to stuck port clock_enable ;
; RISCV_processador:cpu|bancoderegistradores:bancoderegistradores_inst|rf_array[28][31] ; Stuck at GND due to stuck port clock_enable ;
; RISCV_processador:cpu|bancoderegistradores:bancoderegistradores_inst|rf_array[29][31] ; Stuck at GND due to stuck port clock_enable ;
; RISCV_processador:cpu|bancoderegistradores:bancoderegistradores_inst|rf_array[30][31] ; Stuck at GND due to stuck port clock_enable ;
; RISCV_processador:cpu|bancoderegistradores:bancoderegistradores_inst|rf_array[31][31] ; Stuck at GND due to stuck port clock_enable ;
; RISCV_processador:cpu|bancoderegistradores:bancoderegistradores_inst|rf_array[4][30]  ; Stuck at GND due to stuck port clock_enable ;
; RISCV_processador:cpu|bancoderegistradores:bancoderegistradores_inst|rf_array[5][30]  ; Stuck at GND due to stuck port clock_enable ;
; RISCV_processador:cpu|bancoderegistradores:bancoderegistradores_inst|rf_array[6][30]  ; Stuck at GND due to stuck port clock_enable ;
; RISCV_processador:cpu|bancoderegistradores:bancoderegistradores_inst|rf_array[7][30]  ; Stuck at GND due to stuck port clock_enable ;
; RISCV_processador:cpu|bancoderegistradores:bancoderegistradores_inst|rf_array[12][30] ; Stuck at GND due to stuck port clock_enable ;
; RISCV_processador:cpu|bancoderegistradores:bancoderegistradores_inst|rf_array[13][30] ; Stuck at GND due to stuck port clock_enable ;
; RISCV_processador:cpu|bancoderegistradores:bancoderegistradores_inst|rf_array[14][30] ; Stuck at GND due to stuck port clock_enable ;
; RISCV_processador:cpu|bancoderegistradores:bancoderegistradores_inst|rf_array[15][30] ; Stuck at GND due to stuck port clock_enable ;
; RISCV_processador:cpu|bancoderegistradores:bancoderegistradores_inst|rf_array[20][30] ; Stuck at GND due to stuck port clock_enable ;
; RISCV_processador:cpu|bancoderegistradores:bancoderegistradores_inst|rf_array[21][30] ; Stuck at GND due to stuck port clock_enable ;
; RISCV_processador:cpu|bancoderegistradores:bancoderegistradores_inst|rf_array[22][30] ; Stuck at GND due to stuck port clock_enable ;
; RISCV_processador:cpu|bancoderegistradores:bancoderegistradores_inst|rf_array[23][30] ; Stuck at GND due to stuck port clock_enable ;
; RISCV_processador:cpu|bancoderegistradores:bancoderegistradores_inst|rf_array[28][30] ; Stuck at GND due to stuck port clock_enable ;
; RISCV_processador:cpu|bancoderegistradores:bancoderegistradores_inst|rf_array[29][30] ; Stuck at GND due to stuck port clock_enable ;
; RISCV_processador:cpu|bancoderegistradores:bancoderegistradores_inst|rf_array[30][30] ; Stuck at GND due to stuck port clock_enable ;
; RISCV_processador:cpu|bancoderegistradores:bancoderegistradores_inst|rf_array[31][30] ; Stuck at GND due to stuck port clock_enable ;
; RISCV_processador:cpu|bancoderegistradores:bancoderegistradores_inst|rf_array[4][29]  ; Stuck at GND due to stuck port clock_enable ;
; RISCV_processador:cpu|bancoderegistradores:bancoderegistradores_inst|rf_array[5][29]  ; Stuck at GND due to stuck port clock_enable ;
; RISCV_processador:cpu|bancoderegistradores:bancoderegistradores_inst|rf_array[6][29]  ; Stuck at GND due to stuck port clock_enable ;
; RISCV_processador:cpu|bancoderegistradores:bancoderegistradores_inst|rf_array[7][29]  ; Stuck at GND due to stuck port clock_enable ;
; RISCV_processador:cpu|bancoderegistradores:bancoderegistradores_inst|rf_array[12][29] ; Stuck at GND due to stuck port clock_enable ;
; RISCV_processador:cpu|bancoderegistradores:bancoderegistradores_inst|rf_array[13][29] ; Stuck at GND due to stuck port clock_enable ;
; RISCV_processador:cpu|bancoderegistradores:bancoderegistradores_inst|rf_array[14][29] ; Stuck at GND due to stuck port clock_enable ;
; RISCV_processador:cpu|bancoderegistradores:bancoderegistradores_inst|rf_array[15][29] ; Stuck at GND due to stuck port clock_enable ;
; RISCV_processador:cpu|bancoderegistradores:bancoderegistradores_inst|rf_array[20][29] ; Stuck at GND due to stuck port clock_enable ;
; RISCV_processador:cpu|bancoderegistradores:bancoderegistradores_inst|rf_array[21][29] ; Stuck at GND due to stuck port clock_enable ;
; RISCV_processador:cpu|bancoderegistradores:bancoderegistradores_inst|rf_array[22][29] ; Stuck at GND due to stuck port clock_enable ;
; RISCV_processador:cpu|bancoderegistradores:bancoderegistradores_inst|rf_array[23][29] ; Stuck at GND due to stuck port clock_enable ;
; RISCV_processador:cpu|bancoderegistradores:bancoderegistradores_inst|rf_array[28][29] ; Stuck at GND due to stuck port clock_enable ;
; RISCV_processador:cpu|bancoderegistradores:bancoderegistradores_inst|rf_array[29][29] ; Stuck at GND due to stuck port clock_enable ;
; RISCV_processador:cpu|bancoderegistradores:bancoderegistradores_inst|rf_array[30][29] ; Stuck at GND due to stuck port clock_enable ;
; RISCV_processador:cpu|bancoderegistradores:bancoderegistradores_inst|rf_array[31][29] ; Stuck at GND due to stuck port clock_enable ;
; RISCV_processador:cpu|bancoderegistradores:bancoderegistradores_inst|rf_array[4][28]  ; Stuck at GND due to stuck port clock_enable ;
; RISCV_processador:cpu|bancoderegistradores:bancoderegistradores_inst|rf_array[5][28]  ; Stuck at GND due to stuck port clock_enable ;
; RISCV_processador:cpu|bancoderegistradores:bancoderegistradores_inst|rf_array[6][28]  ; Stuck at GND due to stuck port clock_enable ;
; RISCV_processador:cpu|bancoderegistradores:bancoderegistradores_inst|rf_array[7][28]  ; Stuck at GND due to stuck port clock_enable ;
; RISCV_processador:cpu|bancoderegistradores:bancoderegistradores_inst|rf_array[12][28] ; Stuck at GND due to stuck port clock_enable ;
; RISCV_processador:cpu|bancoderegistradores:bancoderegistradores_inst|rf_array[13][28] ; Stuck at GND due to stuck port clock_enable ;
; RISCV_processador:cpu|bancoderegistradores:bancoderegistradores_inst|rf_array[14][28] ; Stuck at GND due to stuck port clock_enable ;
; RISCV_processador:cpu|bancoderegistradores:bancoderegistradores_inst|rf_array[15][28] ; Stuck at GND due to stuck port clock_enable ;
; RISCV_processador:cpu|bancoderegistradores:bancoderegistradores_inst|rf_array[20][28] ; Stuck at GND due to stuck port clock_enable ;
; RISCV_processador:cpu|bancoderegistradores:bancoderegistradores_inst|rf_array[21][28] ; Stuck at GND due to stuck port clock_enable ;
; RISCV_processador:cpu|bancoderegistradores:bancoderegistradores_inst|rf_array[22][28] ; Stuck at GND due to stuck port clock_enable ;
; RISCV_processador:cpu|bancoderegistradores:bancoderegistradores_inst|rf_array[23][28] ; Stuck at GND due to stuck port clock_enable ;
; RISCV_processador:cpu|bancoderegistradores:bancoderegistradores_inst|rf_array[28][28] ; Stuck at GND due to stuck port clock_enable ;
; RISCV_processador:cpu|bancoderegistradores:bancoderegistradores_inst|rf_array[29][28] ; Stuck at GND due to stuck port clock_enable ;
; RISCV_processador:cpu|bancoderegistradores:bancoderegistradores_inst|rf_array[30][28] ; Stuck at GND due to stuck port clock_enable ;
; RISCV_processador:cpu|bancoderegistradores:bancoderegistradores_inst|rf_array[31][28] ; Stuck at GND due to stuck port clock_enable ;
; RISCV_processador:cpu|bancoderegistradores:bancoderegistradores_inst|rf_array[4][27]  ; Stuck at GND due to stuck port clock_enable ;
; RISCV_processador:cpu|bancoderegistradores:bancoderegistradores_inst|rf_array[5][27]  ; Stuck at GND due to stuck port clock_enable ;
; RISCV_processador:cpu|bancoderegistradores:bancoderegistradores_inst|rf_array[6][27]  ; Stuck at GND due to stuck port clock_enable ;
; RISCV_processador:cpu|bancoderegistradores:bancoderegistradores_inst|rf_array[7][27]  ; Stuck at GND due to stuck port clock_enable ;
; RISCV_processador:cpu|bancoderegistradores:bancoderegistradores_inst|rf_array[12][27] ; Stuck at GND due to stuck port clock_enable ;
; RISCV_processador:cpu|bancoderegistradores:bancoderegistradores_inst|rf_array[13][27] ; Stuck at GND due to stuck port clock_enable ;
; RISCV_processador:cpu|bancoderegistradores:bancoderegistradores_inst|rf_array[14][27] ; Stuck at GND due to stuck port clock_enable ;
; RISCV_processador:cpu|bancoderegistradores:bancoderegistradores_inst|rf_array[15][27] ; Stuck at GND due to stuck port clock_enable ;
; RISCV_processador:cpu|bancoderegistradores:bancoderegistradores_inst|rf_array[20][27] ; Stuck at GND due to stuck port clock_enable ;
; RISCV_processador:cpu|bancoderegistradores:bancoderegistradores_inst|rf_array[21][27] ; Stuck at GND due to stuck port clock_enable ;
; RISCV_processador:cpu|bancoderegistradores:bancoderegistradores_inst|rf_array[22][27] ; Stuck at GND due to stuck port clock_enable ;
; RISCV_processador:cpu|bancoderegistradores:bancoderegistradores_inst|rf_array[23][27] ; Stuck at GND due to stuck port clock_enable ;
; RISCV_processador:cpu|bancoderegistradores:bancoderegistradores_inst|rf_array[28][27] ; Stuck at GND due to stuck port clock_enable ;
; RISCV_processador:cpu|bancoderegistradores:bancoderegistradores_inst|rf_array[29][27] ; Stuck at GND due to stuck port clock_enable ;
; RISCV_processador:cpu|bancoderegistradores:bancoderegistradores_inst|rf_array[30][27] ; Stuck at GND due to stuck port clock_enable ;
; RISCV_processador:cpu|bancoderegistradores:bancoderegistradores_inst|rf_array[31][27] ; Stuck at GND due to stuck port clock_enable ;
; RISCV_processador:cpu|bancoderegistradores:bancoderegistradores_inst|rf_array[4][26]  ; Stuck at GND due to stuck port clock_enable ;
; RISCV_processador:cpu|bancoderegistradores:bancoderegistradores_inst|rf_array[5][26]  ; Stuck at GND due to stuck port clock_enable ;
; RISCV_processador:cpu|bancoderegistradores:bancoderegistradores_inst|rf_array[6][26]  ; Stuck at GND due to stuck port clock_enable ;
; RISCV_processador:cpu|bancoderegistradores:bancoderegistradores_inst|rf_array[7][26]  ; Stuck at GND due to stuck port clock_enable ;
; RISCV_processador:cpu|bancoderegistradores:bancoderegistradores_inst|rf_array[12][26] ; Stuck at GND due to stuck port clock_enable ;
; RISCV_processador:cpu|bancoderegistradores:bancoderegistradores_inst|rf_array[13][26] ; Stuck at GND due to stuck port clock_enable ;
; RISCV_processador:cpu|bancoderegistradores:bancoderegistradores_inst|rf_array[14][26] ; Stuck at GND due to stuck port clock_enable ;
; RISCV_processador:cpu|bancoderegistradores:bancoderegistradores_inst|rf_array[15][26] ; Stuck at GND due to stuck port clock_enable ;
; RISCV_processador:cpu|bancoderegistradores:bancoderegistradores_inst|rf_array[20][26] ; Stuck at GND due to stuck port clock_enable ;
; RISCV_processador:cpu|bancoderegistradores:bancoderegistradores_inst|rf_array[21][26] ; Stuck at GND due to stuck port clock_enable ;
; RISCV_processador:cpu|bancoderegistradores:bancoderegistradores_inst|rf_array[22][26] ; Stuck at GND due to stuck port clock_enable ;
; RISCV_processador:cpu|bancoderegistradores:bancoderegistradores_inst|rf_array[23][26] ; Stuck at GND due to stuck port clock_enable ;
; RISCV_processador:cpu|bancoderegistradores:bancoderegistradores_inst|rf_array[28][26] ; Stuck at GND due to stuck port clock_enable ;
; RISCV_processador:cpu|bancoderegistradores:bancoderegistradores_inst|rf_array[29][26] ; Stuck at GND due to stuck port clock_enable ;
; RISCV_processador:cpu|bancoderegistradores:bancoderegistradores_inst|rf_array[30][26] ; Stuck at GND due to stuck port clock_enable ;
; RISCV_processador:cpu|bancoderegistradores:bancoderegistradores_inst|rf_array[31][26] ; Stuck at GND due to stuck port clock_enable ;
; RISCV_processador:cpu|bancoderegistradores:bancoderegistradores_inst|rf_array[4][25]  ; Stuck at GND due to stuck port clock_enable ;
; RISCV_processador:cpu|bancoderegistradores:bancoderegistradores_inst|rf_array[5][25]  ; Stuck at GND due to stuck port clock_enable ;
; RISCV_processador:cpu|bancoderegistradores:bancoderegistradores_inst|rf_array[6][25]  ; Stuck at GND due to stuck port clock_enable ;
; RISCV_processador:cpu|bancoderegistradores:bancoderegistradores_inst|rf_array[7][25]  ; Stuck at GND due to stuck port clock_enable ;
; RISCV_processador:cpu|bancoderegistradores:bancoderegistradores_inst|rf_array[12][25] ; Stuck at GND due to stuck port clock_enable ;
; RISCV_processador:cpu|bancoderegistradores:bancoderegistradores_inst|rf_array[13][25] ; Stuck at GND due to stuck port clock_enable ;
; RISCV_processador:cpu|bancoderegistradores:bancoderegistradores_inst|rf_array[14][25] ; Stuck at GND due to stuck port clock_enable ;
; RISCV_processador:cpu|bancoderegistradores:bancoderegistradores_inst|rf_array[15][25] ; Stuck at GND due to stuck port clock_enable ;
; RISCV_processador:cpu|bancoderegistradores:bancoderegistradores_inst|rf_array[20][25] ; Stuck at GND due to stuck port clock_enable ;
; RISCV_processador:cpu|bancoderegistradores:bancoderegistradores_inst|rf_array[21][25] ; Stuck at GND due to stuck port clock_enable ;
; RISCV_processador:cpu|bancoderegistradores:bancoderegistradores_inst|rf_array[22][25] ; Stuck at GND due to stuck port clock_enable ;
; RISCV_processador:cpu|bancoderegistradores:bancoderegistradores_inst|rf_array[23][25] ; Stuck at GND due to stuck port clock_enable ;
; RISCV_processador:cpu|bancoderegistradores:bancoderegistradores_inst|rf_array[28][25] ; Stuck at GND due to stuck port clock_enable ;
; RISCV_processador:cpu|bancoderegistradores:bancoderegistradores_inst|rf_array[29][25] ; Stuck at GND due to stuck port clock_enable ;
; RISCV_processador:cpu|bancoderegistradores:bancoderegistradores_inst|rf_array[30][25] ; Stuck at GND due to stuck port clock_enable ;
; RISCV_processador:cpu|bancoderegistradores:bancoderegistradores_inst|rf_array[31][25] ; Stuck at GND due to stuck port clock_enable ;
; RISCV_processador:cpu|bancoderegistradores:bancoderegistradores_inst|rf_array[4][24]  ; Stuck at GND due to stuck port clock_enable ;
; RISCV_processador:cpu|bancoderegistradores:bancoderegistradores_inst|rf_array[5][24]  ; Stuck at GND due to stuck port clock_enable ;
; RISCV_processador:cpu|bancoderegistradores:bancoderegistradores_inst|rf_array[6][24]  ; Stuck at GND due to stuck port clock_enable ;
; RISCV_processador:cpu|bancoderegistradores:bancoderegistradores_inst|rf_array[7][24]  ; Stuck at GND due to stuck port clock_enable ;
; RISCV_processador:cpu|bancoderegistradores:bancoderegistradores_inst|rf_array[12][24] ; Stuck at GND due to stuck port clock_enable ;
; RISCV_processador:cpu|bancoderegistradores:bancoderegistradores_inst|rf_array[13][24] ; Stuck at GND due to stuck port clock_enable ;
; RISCV_processador:cpu|bancoderegistradores:bancoderegistradores_inst|rf_array[14][24] ; Stuck at GND due to stuck port clock_enable ;
; RISCV_processador:cpu|bancoderegistradores:bancoderegistradores_inst|rf_array[15][24] ; Stuck at GND due to stuck port clock_enable ;
; RISCV_processador:cpu|bancoderegistradores:bancoderegistradores_inst|rf_array[20][24] ; Stuck at GND due to stuck port clock_enable ;
; RISCV_processador:cpu|bancoderegistradores:bancoderegistradores_inst|rf_array[21][24] ; Stuck at GND due to stuck port clock_enable ;
; RISCV_processador:cpu|bancoderegistradores:bancoderegistradores_inst|rf_array[22][24] ; Stuck at GND due to stuck port clock_enable ;
; RISCV_processador:cpu|bancoderegistradores:bancoderegistradores_inst|rf_array[23][24] ; Stuck at GND due to stuck port clock_enable ;
; RISCV_processador:cpu|bancoderegistradores:bancoderegistradores_inst|rf_array[28][24] ; Stuck at GND due to stuck port clock_enable ;
; RISCV_processador:cpu|bancoderegistradores:bancoderegistradores_inst|rf_array[29][24] ; Stuck at GND due to stuck port clock_enable ;
; RISCV_processador:cpu|bancoderegistradores:bancoderegistradores_inst|rf_array[30][24] ; Stuck at GND due to stuck port clock_enable ;
; RISCV_processador:cpu|bancoderegistradores:bancoderegistradores_inst|rf_array[31][24] ; Stuck at GND due to stuck port clock_enable ;
; RISCV_processador:cpu|bancoderegistradores:bancoderegistradores_inst|rf_array[4][23]  ; Stuck at GND due to stuck port clock_enable ;
; RISCV_processador:cpu|bancoderegistradores:bancoderegistradores_inst|rf_array[5][23]  ; Stuck at GND due to stuck port clock_enable ;
; RISCV_processador:cpu|bancoderegistradores:bancoderegistradores_inst|rf_array[6][23]  ; Stuck at GND due to stuck port clock_enable ;
; RISCV_processador:cpu|bancoderegistradores:bancoderegistradores_inst|rf_array[7][23]  ; Stuck at GND due to stuck port clock_enable ;
; RISCV_processador:cpu|bancoderegistradores:bancoderegistradores_inst|rf_array[12][23] ; Stuck at GND due to stuck port clock_enable ;
; RISCV_processador:cpu|bancoderegistradores:bancoderegistradores_inst|rf_array[13][23] ; Stuck at GND due to stuck port clock_enable ;
; RISCV_processador:cpu|bancoderegistradores:bancoderegistradores_inst|rf_array[14][23] ; Stuck at GND due to stuck port clock_enable ;
; RISCV_processador:cpu|bancoderegistradores:bancoderegistradores_inst|rf_array[15][23] ; Stuck at GND due to stuck port clock_enable ;
; RISCV_processador:cpu|bancoderegistradores:bancoderegistradores_inst|rf_array[20][23] ; Stuck at GND due to stuck port clock_enable ;
; RISCV_processador:cpu|bancoderegistradores:bancoderegistradores_inst|rf_array[21][23] ; Stuck at GND due to stuck port clock_enable ;
; RISCV_processador:cpu|bancoderegistradores:bancoderegistradores_inst|rf_array[22][23] ; Stuck at GND due to stuck port clock_enable ;
; RISCV_processador:cpu|bancoderegistradores:bancoderegistradores_inst|rf_array[23][23] ; Stuck at GND due to stuck port clock_enable ;
; RISCV_processador:cpu|bancoderegistradores:bancoderegistradores_inst|rf_array[28][23] ; Stuck at GND due to stuck port clock_enable ;
; RISCV_processador:cpu|bancoderegistradores:bancoderegistradores_inst|rf_array[29][23] ; Stuck at GND due to stuck port clock_enable ;
; RISCV_processador:cpu|bancoderegistradores:bancoderegistradores_inst|rf_array[30][23] ; Stuck at GND due to stuck port clock_enable ;
; RISCV_processador:cpu|bancoderegistradores:bancoderegistradores_inst|rf_array[31][23] ; Stuck at GND due to stuck port clock_enable ;
; RISCV_processador:cpu|bancoderegistradores:bancoderegistradores_inst|rf_array[4][22]  ; Stuck at GND due to stuck port clock_enable ;
; RISCV_processador:cpu|bancoderegistradores:bancoderegistradores_inst|rf_array[5][22]  ; Stuck at GND due to stuck port clock_enable ;
; RISCV_processador:cpu|bancoderegistradores:bancoderegistradores_inst|rf_array[6][22]  ; Stuck at GND due to stuck port clock_enable ;
; RISCV_processador:cpu|bancoderegistradores:bancoderegistradores_inst|rf_array[7][22]  ; Stuck at GND due to stuck port clock_enable ;
; RISCV_processador:cpu|bancoderegistradores:bancoderegistradores_inst|rf_array[12][22] ; Stuck at GND due to stuck port clock_enable ;
; RISCV_processador:cpu|bancoderegistradores:bancoderegistradores_inst|rf_array[13][22] ; Stuck at GND due to stuck port clock_enable ;
; RISCV_processador:cpu|bancoderegistradores:bancoderegistradores_inst|rf_array[14][22] ; Stuck at GND due to stuck port clock_enable ;
; RISCV_processador:cpu|bancoderegistradores:bancoderegistradores_inst|rf_array[15][22] ; Stuck at GND due to stuck port clock_enable ;
; RISCV_processador:cpu|bancoderegistradores:bancoderegistradores_inst|rf_array[20][22] ; Stuck at GND due to stuck port clock_enable ;
; RISCV_processador:cpu|bancoderegistradores:bancoderegistradores_inst|rf_array[21][22] ; Stuck at GND due to stuck port clock_enable ;
; RISCV_processador:cpu|bancoderegistradores:bancoderegistradores_inst|rf_array[22][22] ; Stuck at GND due to stuck port clock_enable ;
; RISCV_processador:cpu|bancoderegistradores:bancoderegistradores_inst|rf_array[23][22] ; Stuck at GND due to stuck port clock_enable ;
; RISCV_processador:cpu|bancoderegistradores:bancoderegistradores_inst|rf_array[28][22] ; Stuck at GND due to stuck port clock_enable ;
; RISCV_processador:cpu|bancoderegistradores:bancoderegistradores_inst|rf_array[29][22] ; Stuck at GND due to stuck port clock_enable ;
; RISCV_processador:cpu|bancoderegistradores:bancoderegistradores_inst|rf_array[30][22] ; Stuck at GND due to stuck port clock_enable ;
; RISCV_processador:cpu|bancoderegistradores:bancoderegistradores_inst|rf_array[31][22] ; Stuck at GND due to stuck port clock_enable ;
; RISCV_processador:cpu|bancoderegistradores:bancoderegistradores_inst|rf_array[4][21]  ; Stuck at GND due to stuck port clock_enable ;
; RISCV_processador:cpu|bancoderegistradores:bancoderegistradores_inst|rf_array[5][21]  ; Stuck at GND due to stuck port clock_enable ;
; RISCV_processador:cpu|bancoderegistradores:bancoderegistradores_inst|rf_array[6][21]  ; Stuck at GND due to stuck port clock_enable ;
; RISCV_processador:cpu|bancoderegistradores:bancoderegistradores_inst|rf_array[7][21]  ; Stuck at GND due to stuck port clock_enable ;
; RISCV_processador:cpu|bancoderegistradores:bancoderegistradores_inst|rf_array[12][21] ; Stuck at GND due to stuck port clock_enable ;
; RISCV_processador:cpu|bancoderegistradores:bancoderegistradores_inst|rf_array[13][21] ; Stuck at GND due to stuck port clock_enable ;
; RISCV_processador:cpu|bancoderegistradores:bancoderegistradores_inst|rf_array[14][21] ; Stuck at GND due to stuck port clock_enable ;
; RISCV_processador:cpu|bancoderegistradores:bancoderegistradores_inst|rf_array[15][21] ; Stuck at GND due to stuck port clock_enable ;
; RISCV_processador:cpu|bancoderegistradores:bancoderegistradores_inst|rf_array[20][21] ; Stuck at GND due to stuck port clock_enable ;
; RISCV_processador:cpu|bancoderegistradores:bancoderegistradores_inst|rf_array[21][21] ; Stuck at GND due to stuck port clock_enable ;
; RISCV_processador:cpu|bancoderegistradores:bancoderegistradores_inst|rf_array[22][21] ; Stuck at GND due to stuck port clock_enable ;
; RISCV_processador:cpu|bancoderegistradores:bancoderegistradores_inst|rf_array[23][21] ; Stuck at GND due to stuck port clock_enable ;
; RISCV_processador:cpu|bancoderegistradores:bancoderegistradores_inst|rf_array[28][21] ; Stuck at GND due to stuck port clock_enable ;
; RISCV_processador:cpu|bancoderegistradores:bancoderegistradores_inst|rf_array[29][21] ; Stuck at GND due to stuck port clock_enable ;
; RISCV_processador:cpu|bancoderegistradores:bancoderegistradores_inst|rf_array[30][21] ; Stuck at GND due to stuck port clock_enable ;
; RISCV_processador:cpu|bancoderegistradores:bancoderegistradores_inst|rf_array[31][21] ; Stuck at GND due to stuck port clock_enable ;
; RISCV_processador:cpu|bancoderegistradores:bancoderegistradores_inst|rf_array[4][20]  ; Stuck at GND due to stuck port clock_enable ;
; RISCV_processador:cpu|bancoderegistradores:bancoderegistradores_inst|rf_array[5][20]  ; Stuck at GND due to stuck port clock_enable ;
; RISCV_processador:cpu|bancoderegistradores:bancoderegistradores_inst|rf_array[6][20]  ; Stuck at GND due to stuck port clock_enable ;
; RISCV_processador:cpu|bancoderegistradores:bancoderegistradores_inst|rf_array[7][20]  ; Stuck at GND due to stuck port clock_enable ;
; RISCV_processador:cpu|bancoderegistradores:bancoderegistradores_inst|rf_array[12][20] ; Stuck at GND due to stuck port clock_enable ;
; RISCV_processador:cpu|bancoderegistradores:bancoderegistradores_inst|rf_array[13][20] ; Stuck at GND due to stuck port clock_enable ;
; RISCV_processador:cpu|bancoderegistradores:bancoderegistradores_inst|rf_array[14][20] ; Stuck at GND due to stuck port clock_enable ;
; RISCV_processador:cpu|bancoderegistradores:bancoderegistradores_inst|rf_array[15][20] ; Stuck at GND due to stuck port clock_enable ;
; RISCV_processador:cpu|bancoderegistradores:bancoderegistradores_inst|rf_array[20][20] ; Stuck at GND due to stuck port clock_enable ;
; RISCV_processador:cpu|bancoderegistradores:bancoderegistradores_inst|rf_array[21][20] ; Stuck at GND due to stuck port clock_enable ;
; RISCV_processador:cpu|bancoderegistradores:bancoderegistradores_inst|rf_array[22][20] ; Stuck at GND due to stuck port clock_enable ;
; RISCV_processador:cpu|bancoderegistradores:bancoderegistradores_inst|rf_array[23][20] ; Stuck at GND due to stuck port clock_enable ;
; RISCV_processador:cpu|bancoderegistradores:bancoderegistradores_inst|rf_array[28][20] ; Stuck at GND due to stuck port clock_enable ;
; RISCV_processador:cpu|bancoderegistradores:bancoderegistradores_inst|rf_array[29][20] ; Stuck at GND due to stuck port clock_enable ;
; RISCV_processador:cpu|bancoderegistradores:bancoderegistradores_inst|rf_array[30][20] ; Stuck at GND due to stuck port clock_enable ;
; RISCV_processador:cpu|bancoderegistradores:bancoderegistradores_inst|rf_array[31][20] ; Stuck at GND due to stuck port clock_enable ;
; RISCV_processador:cpu|bancoderegistradores:bancoderegistradores_inst|rf_array[4][19]  ; Stuck at GND due to stuck port clock_enable ;
; RISCV_processador:cpu|bancoderegistradores:bancoderegistradores_inst|rf_array[5][19]  ; Stuck at GND due to stuck port clock_enable ;
; RISCV_processador:cpu|bancoderegistradores:bancoderegistradores_inst|rf_array[6][19]  ; Stuck at GND due to stuck port clock_enable ;
; RISCV_processador:cpu|bancoderegistradores:bancoderegistradores_inst|rf_array[7][19]  ; Stuck at GND due to stuck port clock_enable ;
; RISCV_processador:cpu|bancoderegistradores:bancoderegistradores_inst|rf_array[12][19] ; Stuck at GND due to stuck port clock_enable ;
; RISCV_processador:cpu|bancoderegistradores:bancoderegistradores_inst|rf_array[13][19] ; Stuck at GND due to stuck port clock_enable ;
; RISCV_processador:cpu|bancoderegistradores:bancoderegistradores_inst|rf_array[14][19] ; Stuck at GND due to stuck port clock_enable ;
; RISCV_processador:cpu|bancoderegistradores:bancoderegistradores_inst|rf_array[15][19] ; Stuck at GND due to stuck port clock_enable ;
; RISCV_processador:cpu|bancoderegistradores:bancoderegistradores_inst|rf_array[20][19] ; Stuck at GND due to stuck port clock_enable ;
; RISCV_processador:cpu|bancoderegistradores:bancoderegistradores_inst|rf_array[21][19] ; Stuck at GND due to stuck port clock_enable ;
; RISCV_processador:cpu|bancoderegistradores:bancoderegistradores_inst|rf_array[22][19] ; Stuck at GND due to stuck port clock_enable ;
; RISCV_processador:cpu|bancoderegistradores:bancoderegistradores_inst|rf_array[23][19] ; Stuck at GND due to stuck port clock_enable ;
; RISCV_processador:cpu|bancoderegistradores:bancoderegistradores_inst|rf_array[28][19] ; Stuck at GND due to stuck port clock_enable ;
; RISCV_processador:cpu|bancoderegistradores:bancoderegistradores_inst|rf_array[29][19] ; Stuck at GND due to stuck port clock_enable ;
; RISCV_processador:cpu|bancoderegistradores:bancoderegistradores_inst|rf_array[30][19] ; Stuck at GND due to stuck port clock_enable ;
; RISCV_processador:cpu|bancoderegistradores:bancoderegistradores_inst|rf_array[31][19] ; Stuck at GND due to stuck port clock_enable ;
; RISCV_processador:cpu|bancoderegistradores:bancoderegistradores_inst|rf_array[4][18]  ; Stuck at GND due to stuck port clock_enable ;
; RISCV_processador:cpu|bancoderegistradores:bancoderegistradores_inst|rf_array[5][18]  ; Stuck at GND due to stuck port clock_enable ;
; RISCV_processador:cpu|bancoderegistradores:bancoderegistradores_inst|rf_array[6][18]  ; Stuck at GND due to stuck port clock_enable ;
; RISCV_processador:cpu|bancoderegistradores:bancoderegistradores_inst|rf_array[7][18]  ; Stuck at GND due to stuck port clock_enable ;
; RISCV_processador:cpu|bancoderegistradores:bancoderegistradores_inst|rf_array[12][18] ; Stuck at GND due to stuck port clock_enable ;
; RISCV_processador:cpu|bancoderegistradores:bancoderegistradores_inst|rf_array[13][18] ; Stuck at GND due to stuck port clock_enable ;
; RISCV_processador:cpu|bancoderegistradores:bancoderegistradores_inst|rf_array[14][18] ; Stuck at GND due to stuck port clock_enable ;
; RISCV_processador:cpu|bancoderegistradores:bancoderegistradores_inst|rf_array[15][18] ; Stuck at GND due to stuck port clock_enable ;
; RISCV_processador:cpu|bancoderegistradores:bancoderegistradores_inst|rf_array[20][18] ; Stuck at GND due to stuck port clock_enable ;
; RISCV_processador:cpu|bancoderegistradores:bancoderegistradores_inst|rf_array[21][18] ; Stuck at GND due to stuck port clock_enable ;
; RISCV_processador:cpu|bancoderegistradores:bancoderegistradores_inst|rf_array[22][18] ; Stuck at GND due to stuck port clock_enable ;
; RISCV_processador:cpu|bancoderegistradores:bancoderegistradores_inst|rf_array[23][18] ; Stuck at GND due to stuck port clock_enable ;
; RISCV_processador:cpu|bancoderegistradores:bancoderegistradores_inst|rf_array[28][18] ; Stuck at GND due to stuck port clock_enable ;
; RISCV_processador:cpu|bancoderegistradores:bancoderegistradores_inst|rf_array[29][18] ; Stuck at GND due to stuck port clock_enable ;
; RISCV_processador:cpu|bancoderegistradores:bancoderegistradores_inst|rf_array[30][18] ; Stuck at GND due to stuck port clock_enable ;
; RISCV_processador:cpu|bancoderegistradores:bancoderegistradores_inst|rf_array[31][18] ; Stuck at GND due to stuck port clock_enable ;
; RISCV_processador:cpu|bancoderegistradores:bancoderegistradores_inst|rf_array[4][17]  ; Stuck at GND due to stuck port clock_enable ;
; RISCV_processador:cpu|bancoderegistradores:bancoderegistradores_inst|rf_array[5][17]  ; Stuck at GND due to stuck port clock_enable ;
; RISCV_processador:cpu|bancoderegistradores:bancoderegistradores_inst|rf_array[6][17]  ; Stuck at GND due to stuck port clock_enable ;
; RISCV_processador:cpu|bancoderegistradores:bancoderegistradores_inst|rf_array[7][17]  ; Stuck at GND due to stuck port clock_enable ;
; RISCV_processador:cpu|bancoderegistradores:bancoderegistradores_inst|rf_array[12][17] ; Stuck at GND due to stuck port clock_enable ;
; RISCV_processador:cpu|bancoderegistradores:bancoderegistradores_inst|rf_array[13][17] ; Stuck at GND due to stuck port clock_enable ;
; RISCV_processador:cpu|bancoderegistradores:bancoderegistradores_inst|rf_array[14][17] ; Stuck at GND due to stuck port clock_enable ;
; RISCV_processador:cpu|bancoderegistradores:bancoderegistradores_inst|rf_array[15][17] ; Stuck at GND due to stuck port clock_enable ;
; RISCV_processador:cpu|bancoderegistradores:bancoderegistradores_inst|rf_array[20][17] ; Stuck at GND due to stuck port clock_enable ;
; RISCV_processador:cpu|bancoderegistradores:bancoderegistradores_inst|rf_array[21][17] ; Stuck at GND due to stuck port clock_enable ;
; RISCV_processador:cpu|bancoderegistradores:bancoderegistradores_inst|rf_array[22][17] ; Stuck at GND due to stuck port clock_enable ;
; RISCV_processador:cpu|bancoderegistradores:bancoderegistradores_inst|rf_array[23][17] ; Stuck at GND due to stuck port clock_enable ;
; RISCV_processador:cpu|bancoderegistradores:bancoderegistradores_inst|rf_array[28][17] ; Stuck at GND due to stuck port clock_enable ;
; RISCV_processador:cpu|bancoderegistradores:bancoderegistradores_inst|rf_array[29][17] ; Stuck at GND due to stuck port clock_enable ;
; RISCV_processador:cpu|bancoderegistradores:bancoderegistradores_inst|rf_array[30][17] ; Stuck at GND due to stuck port clock_enable ;
; RISCV_processador:cpu|bancoderegistradores:bancoderegistradores_inst|rf_array[31][17] ; Stuck at GND due to stuck port clock_enable ;
; RISCV_processador:cpu|bancoderegistradores:bancoderegistradores_inst|rf_array[4][16]  ; Stuck at GND due to stuck port clock_enable ;
; RISCV_processador:cpu|bancoderegistradores:bancoderegistradores_inst|rf_array[5][16]  ; Stuck at GND due to stuck port clock_enable ;
; RISCV_processador:cpu|bancoderegistradores:bancoderegistradores_inst|rf_array[6][16]  ; Stuck at GND due to stuck port clock_enable ;
; RISCV_processador:cpu|bancoderegistradores:bancoderegistradores_inst|rf_array[7][16]  ; Stuck at GND due to stuck port clock_enable ;
; RISCV_processador:cpu|bancoderegistradores:bancoderegistradores_inst|rf_array[12][16] ; Stuck at GND due to stuck port clock_enable ;
; RISCV_processador:cpu|bancoderegistradores:bancoderegistradores_inst|rf_array[13][16] ; Stuck at GND due to stuck port clock_enable ;
; RISCV_processador:cpu|bancoderegistradores:bancoderegistradores_inst|rf_array[14][16] ; Stuck at GND due to stuck port clock_enable ;
; RISCV_processador:cpu|bancoderegistradores:bancoderegistradores_inst|rf_array[15][16] ; Stuck at GND due to stuck port clock_enable ;
; RISCV_processador:cpu|bancoderegistradores:bancoderegistradores_inst|rf_array[20][16] ; Stuck at GND due to stuck port clock_enable ;
; RISCV_processador:cpu|bancoderegistradores:bancoderegistradores_inst|rf_array[21][16] ; Stuck at GND due to stuck port clock_enable ;
; RISCV_processador:cpu|bancoderegistradores:bancoderegistradores_inst|rf_array[22][16] ; Stuck at GND due to stuck port clock_enable ;
; RISCV_processador:cpu|bancoderegistradores:bancoderegistradores_inst|rf_array[23][16] ; Stuck at GND due to stuck port clock_enable ;
; RISCV_processador:cpu|bancoderegistradores:bancoderegistradores_inst|rf_array[28][16] ; Stuck at GND due to stuck port clock_enable ;
; RISCV_processador:cpu|bancoderegistradores:bancoderegistradores_inst|rf_array[29][16] ; Stuck at GND due to stuck port clock_enable ;
; RISCV_processador:cpu|bancoderegistradores:bancoderegistradores_inst|rf_array[30][16] ; Stuck at GND due to stuck port clock_enable ;
; RISCV_processador:cpu|bancoderegistradores:bancoderegistradores_inst|rf_array[31][16] ; Stuck at GND due to stuck port clock_enable ;
; RISCV_processador:cpu|bancoderegistradores:bancoderegistradores_inst|rf_array[4][15]  ; Stuck at GND due to stuck port clock_enable ;
; RISCV_processador:cpu|bancoderegistradores:bancoderegistradores_inst|rf_array[5][15]  ; Stuck at GND due to stuck port clock_enable ;
; RISCV_processador:cpu|bancoderegistradores:bancoderegistradores_inst|rf_array[6][15]  ; Stuck at GND due to stuck port clock_enable ;
; RISCV_processador:cpu|bancoderegistradores:bancoderegistradores_inst|rf_array[7][15]  ; Stuck at GND due to stuck port clock_enable ;
; RISCV_processador:cpu|bancoderegistradores:bancoderegistradores_inst|rf_array[12][15] ; Stuck at GND due to stuck port clock_enable ;
; RISCV_processador:cpu|bancoderegistradores:bancoderegistradores_inst|rf_array[13][15] ; Stuck at GND due to stuck port clock_enable ;
; RISCV_processador:cpu|bancoderegistradores:bancoderegistradores_inst|rf_array[14][15] ; Stuck at GND due to stuck port clock_enable ;
; RISCV_processador:cpu|bancoderegistradores:bancoderegistradores_inst|rf_array[15][15] ; Stuck at GND due to stuck port clock_enable ;
; RISCV_processador:cpu|bancoderegistradores:bancoderegistradores_inst|rf_array[20][15] ; Stuck at GND due to stuck port clock_enable ;
; RISCV_processador:cpu|bancoderegistradores:bancoderegistradores_inst|rf_array[21][15] ; Stuck at GND due to stuck port clock_enable ;
; RISCV_processador:cpu|bancoderegistradores:bancoderegistradores_inst|rf_array[22][15] ; Stuck at GND due to stuck port clock_enable ;
; RISCV_processador:cpu|bancoderegistradores:bancoderegistradores_inst|rf_array[23][15] ; Stuck at GND due to stuck port clock_enable ;
; RISCV_processador:cpu|bancoderegistradores:bancoderegistradores_inst|rf_array[28][15] ; Stuck at GND due to stuck port clock_enable ;
; RISCV_processador:cpu|bancoderegistradores:bancoderegistradores_inst|rf_array[29][15] ; Stuck at GND due to stuck port clock_enable ;
; RISCV_processador:cpu|bancoderegistradores:bancoderegistradores_inst|rf_array[30][15] ; Stuck at GND due to stuck port clock_enable ;
; RISCV_processador:cpu|bancoderegistradores:bancoderegistradores_inst|rf_array[31][15] ; Stuck at GND due to stuck port clock_enable ;
; RISCV_processador:cpu|bancoderegistradores:bancoderegistradores_inst|rf_array[4][14]  ; Stuck at GND due to stuck port clock_enable ;
; RISCV_processador:cpu|bancoderegistradores:bancoderegistradores_inst|rf_array[5][14]  ; Stuck at GND due to stuck port clock_enable ;
; RISCV_processador:cpu|bancoderegistradores:bancoderegistradores_inst|rf_array[6][14]  ; Stuck at GND due to stuck port clock_enable ;
; RISCV_processador:cpu|bancoderegistradores:bancoderegistradores_inst|rf_array[7][14]  ; Stuck at GND due to stuck port clock_enable ;
; RISCV_processador:cpu|bancoderegistradores:bancoderegistradores_inst|rf_array[12][14] ; Stuck at GND due to stuck port clock_enable ;
; RISCV_processador:cpu|bancoderegistradores:bancoderegistradores_inst|rf_array[13][14] ; Stuck at GND due to stuck port clock_enable ;
; RISCV_processador:cpu|bancoderegistradores:bancoderegistradores_inst|rf_array[14][14] ; Stuck at GND due to stuck port clock_enable ;
; RISCV_processador:cpu|bancoderegistradores:bancoderegistradores_inst|rf_array[15][14] ; Stuck at GND due to stuck port clock_enable ;
; RISCV_processador:cpu|bancoderegistradores:bancoderegistradores_inst|rf_array[20][14] ; Stuck at GND due to stuck port clock_enable ;
; RISCV_processador:cpu|bancoderegistradores:bancoderegistradores_inst|rf_array[21][14] ; Stuck at GND due to stuck port clock_enable ;
; RISCV_processador:cpu|bancoderegistradores:bancoderegistradores_inst|rf_array[22][14] ; Stuck at GND due to stuck port clock_enable ;
; RISCV_processador:cpu|bancoderegistradores:bancoderegistradores_inst|rf_array[23][14] ; Stuck at GND due to stuck port clock_enable ;
; RISCV_processador:cpu|bancoderegistradores:bancoderegistradores_inst|rf_array[28][14] ; Stuck at GND due to stuck port clock_enable ;
; RISCV_processador:cpu|bancoderegistradores:bancoderegistradores_inst|rf_array[29][14] ; Stuck at GND due to stuck port clock_enable ;
; RISCV_processador:cpu|bancoderegistradores:bancoderegistradores_inst|rf_array[30][14] ; Stuck at GND due to stuck port clock_enable ;
; RISCV_processador:cpu|bancoderegistradores:bancoderegistradores_inst|rf_array[31][14] ; Stuck at GND due to stuck port clock_enable ;
; RISCV_processador:cpu|bancoderegistradores:bancoderegistradores_inst|rf_array[4][13]  ; Stuck at GND due to stuck port clock_enable ;
; RISCV_processador:cpu|bancoderegistradores:bancoderegistradores_inst|rf_array[5][13]  ; Stuck at GND due to stuck port clock_enable ;
; RISCV_processador:cpu|bancoderegistradores:bancoderegistradores_inst|rf_array[6][13]  ; Stuck at GND due to stuck port clock_enable ;
; RISCV_processador:cpu|bancoderegistradores:bancoderegistradores_inst|rf_array[7][13]  ; Stuck at GND due to stuck port clock_enable ;
; RISCV_processador:cpu|bancoderegistradores:bancoderegistradores_inst|rf_array[12][13] ; Stuck at GND due to stuck port clock_enable ;
; RISCV_processador:cpu|bancoderegistradores:bancoderegistradores_inst|rf_array[13][13] ; Stuck at GND due to stuck port clock_enable ;
; RISCV_processador:cpu|bancoderegistradores:bancoderegistradores_inst|rf_array[14][13] ; Stuck at GND due to stuck port clock_enable ;
; RISCV_processador:cpu|bancoderegistradores:bancoderegistradores_inst|rf_array[15][13] ; Stuck at GND due to stuck port clock_enable ;
; RISCV_processador:cpu|bancoderegistradores:bancoderegistradores_inst|rf_array[20][13] ; Stuck at GND due to stuck port clock_enable ;
; RISCV_processador:cpu|bancoderegistradores:bancoderegistradores_inst|rf_array[21][13] ; Stuck at GND due to stuck port clock_enable ;
; RISCV_processador:cpu|bancoderegistradores:bancoderegistradores_inst|rf_array[22][13] ; Stuck at GND due to stuck port clock_enable ;
; RISCV_processador:cpu|bancoderegistradores:bancoderegistradores_inst|rf_array[23][13] ; Stuck at GND due to stuck port clock_enable ;
; RISCV_processador:cpu|bancoderegistradores:bancoderegistradores_inst|rf_array[28][13] ; Stuck at GND due to stuck port clock_enable ;
; RISCV_processador:cpu|bancoderegistradores:bancoderegistradores_inst|rf_array[29][13] ; Stuck at GND due to stuck port clock_enable ;
; RISCV_processador:cpu|bancoderegistradores:bancoderegistradores_inst|rf_array[30][13] ; Stuck at GND due to stuck port clock_enable ;
; RISCV_processador:cpu|bancoderegistradores:bancoderegistradores_inst|rf_array[31][13] ; Stuck at GND due to stuck port clock_enable ;
; RISCV_processador:cpu|bancoderegistradores:bancoderegistradores_inst|rf_array[4][12]  ; Stuck at GND due to stuck port clock_enable ;
; RISCV_processador:cpu|bancoderegistradores:bancoderegistradores_inst|rf_array[5][12]  ; Stuck at GND due to stuck port clock_enable ;
; RISCV_processador:cpu|bancoderegistradores:bancoderegistradores_inst|rf_array[6][12]  ; Stuck at GND due to stuck port clock_enable ;
; RISCV_processador:cpu|bancoderegistradores:bancoderegistradores_inst|rf_array[7][12]  ; Stuck at GND due to stuck port clock_enable ;
; RISCV_processador:cpu|bancoderegistradores:bancoderegistradores_inst|rf_array[12][12] ; Stuck at GND due to stuck port clock_enable ;
; RISCV_processador:cpu|bancoderegistradores:bancoderegistradores_inst|rf_array[13][12] ; Stuck at GND due to stuck port clock_enable ;
; RISCV_processador:cpu|bancoderegistradores:bancoderegistradores_inst|rf_array[14][12] ; Stuck at GND due to stuck port clock_enable ;
; RISCV_processador:cpu|bancoderegistradores:bancoderegistradores_inst|rf_array[15][12] ; Stuck at GND due to stuck port clock_enable ;
; RISCV_processador:cpu|bancoderegistradores:bancoderegistradores_inst|rf_array[20][12] ; Stuck at GND due to stuck port clock_enable ;
; RISCV_processador:cpu|bancoderegistradores:bancoderegistradores_inst|rf_array[21][12] ; Stuck at GND due to stuck port clock_enable ;
; RISCV_processador:cpu|bancoderegistradores:bancoderegistradores_inst|rf_array[22][12] ; Stuck at GND due to stuck port clock_enable ;
; RISCV_processador:cpu|bancoderegistradores:bancoderegistradores_inst|rf_array[23][12] ; Stuck at GND due to stuck port clock_enable ;
; RISCV_processador:cpu|bancoderegistradores:bancoderegistradores_inst|rf_array[28][12] ; Stuck at GND due to stuck port clock_enable ;
; RISCV_processador:cpu|bancoderegistradores:bancoderegistradores_inst|rf_array[29][12] ; Stuck at GND due to stuck port clock_enable ;
; RISCV_processador:cpu|bancoderegistradores:bancoderegistradores_inst|rf_array[30][12] ; Stuck at GND due to stuck port clock_enable ;
; RISCV_processador:cpu|bancoderegistradores:bancoderegistradores_inst|rf_array[31][12] ; Stuck at GND due to stuck port clock_enable ;
; RISCV_processador:cpu|bancoderegistradores:bancoderegistradores_inst|rf_array[4][11]  ; Stuck at GND due to stuck port clock_enable ;
; RISCV_processador:cpu|bancoderegistradores:bancoderegistradores_inst|rf_array[5][11]  ; Stuck at GND due to stuck port clock_enable ;
; RISCV_processador:cpu|bancoderegistradores:bancoderegistradores_inst|rf_array[6][11]  ; Stuck at GND due to stuck port clock_enable ;
; RISCV_processador:cpu|bancoderegistradores:bancoderegistradores_inst|rf_array[7][11]  ; Stuck at GND due to stuck port clock_enable ;
; RISCV_processador:cpu|bancoderegistradores:bancoderegistradores_inst|rf_array[12][11] ; Stuck at GND due to stuck port clock_enable ;
; RISCV_processador:cpu|bancoderegistradores:bancoderegistradores_inst|rf_array[13][11] ; Stuck at GND due to stuck port clock_enable ;
; RISCV_processador:cpu|bancoderegistradores:bancoderegistradores_inst|rf_array[14][11] ; Stuck at GND due to stuck port clock_enable ;
; RISCV_processador:cpu|bancoderegistradores:bancoderegistradores_inst|rf_array[15][11] ; Stuck at GND due to stuck port clock_enable ;
; RISCV_processador:cpu|bancoderegistradores:bancoderegistradores_inst|rf_array[20][11] ; Stuck at GND due to stuck port clock_enable ;
; RISCV_processador:cpu|bancoderegistradores:bancoderegistradores_inst|rf_array[21][11] ; Stuck at GND due to stuck port clock_enable ;
; RISCV_processador:cpu|bancoderegistradores:bancoderegistradores_inst|rf_array[22][11] ; Stuck at GND due to stuck port clock_enable ;
; RISCV_processador:cpu|bancoderegistradores:bancoderegistradores_inst|rf_array[23][11] ; Stuck at GND due to stuck port clock_enable ;
; RISCV_processador:cpu|bancoderegistradores:bancoderegistradores_inst|rf_array[28][11] ; Stuck at GND due to stuck port clock_enable ;
; RISCV_processador:cpu|bancoderegistradores:bancoderegistradores_inst|rf_array[29][11] ; Stuck at GND due to stuck port clock_enable ;
; RISCV_processador:cpu|bancoderegistradores:bancoderegistradores_inst|rf_array[30][11] ; Stuck at GND due to stuck port clock_enable ;
; RISCV_processador:cpu|bancoderegistradores:bancoderegistradores_inst|rf_array[31][11] ; Stuck at GND due to stuck port clock_enable ;
; RISCV_processador:cpu|bancoderegistradores:bancoderegistradores_inst|rf_array[4][10]  ; Stuck at GND due to stuck port clock_enable ;
; RISCV_processador:cpu|bancoderegistradores:bancoderegistradores_inst|rf_array[5][10]  ; Stuck at GND due to stuck port clock_enable ;
; RISCV_processador:cpu|bancoderegistradores:bancoderegistradores_inst|rf_array[6][10]  ; Stuck at GND due to stuck port clock_enable ;
; RISCV_processador:cpu|bancoderegistradores:bancoderegistradores_inst|rf_array[7][10]  ; Stuck at GND due to stuck port clock_enable ;
; RISCV_processador:cpu|bancoderegistradores:bancoderegistradores_inst|rf_array[12][10] ; Stuck at GND due to stuck port clock_enable ;
; RISCV_processador:cpu|bancoderegistradores:bancoderegistradores_inst|rf_array[13][10] ; Stuck at GND due to stuck port clock_enable ;
; RISCV_processador:cpu|bancoderegistradores:bancoderegistradores_inst|rf_array[14][10] ; Stuck at GND due to stuck port clock_enable ;
; RISCV_processador:cpu|bancoderegistradores:bancoderegistradores_inst|rf_array[15][10] ; Stuck at GND due to stuck port clock_enable ;
; RISCV_processador:cpu|bancoderegistradores:bancoderegistradores_inst|rf_array[20][10] ; Stuck at GND due to stuck port clock_enable ;
; RISCV_processador:cpu|bancoderegistradores:bancoderegistradores_inst|rf_array[21][10] ; Stuck at GND due to stuck port clock_enable ;
; RISCV_processador:cpu|bancoderegistradores:bancoderegistradores_inst|rf_array[22][10] ; Stuck at GND due to stuck port clock_enable ;
; RISCV_processador:cpu|bancoderegistradores:bancoderegistradores_inst|rf_array[23][10] ; Stuck at GND due to stuck port clock_enable ;
; RISCV_processador:cpu|bancoderegistradores:bancoderegistradores_inst|rf_array[28][10] ; Stuck at GND due to stuck port clock_enable ;
; RISCV_processador:cpu|bancoderegistradores:bancoderegistradores_inst|rf_array[29][10] ; Stuck at GND due to stuck port clock_enable ;
; RISCV_processador:cpu|bancoderegistradores:bancoderegistradores_inst|rf_array[30][10] ; Stuck at GND due to stuck port clock_enable ;
; RISCV_processador:cpu|bancoderegistradores:bancoderegistradores_inst|rf_array[31][10] ; Stuck at GND due to stuck port clock_enable ;
; RISCV_processador:cpu|bancoderegistradores:bancoderegistradores_inst|rf_array[4][9]   ; Stuck at GND due to stuck port clock_enable ;
; RISCV_processador:cpu|bancoderegistradores:bancoderegistradores_inst|rf_array[5][9]   ; Stuck at GND due to stuck port clock_enable ;
; RISCV_processador:cpu|bancoderegistradores:bancoderegistradores_inst|rf_array[6][9]   ; Stuck at GND due to stuck port clock_enable ;
; RISCV_processador:cpu|bancoderegistradores:bancoderegistradores_inst|rf_array[7][9]   ; Stuck at GND due to stuck port clock_enable ;
; RISCV_processador:cpu|bancoderegistradores:bancoderegistradores_inst|rf_array[12][9]  ; Stuck at GND due to stuck port clock_enable ;
; RISCV_processador:cpu|bancoderegistradores:bancoderegistradores_inst|rf_array[13][9]  ; Stuck at GND due to stuck port clock_enable ;
; RISCV_processador:cpu|bancoderegistradores:bancoderegistradores_inst|rf_array[14][9]  ; Stuck at GND due to stuck port clock_enable ;
; RISCV_processador:cpu|bancoderegistradores:bancoderegistradores_inst|rf_array[15][9]  ; Stuck at GND due to stuck port clock_enable ;
; RISCV_processador:cpu|bancoderegistradores:bancoderegistradores_inst|rf_array[20][9]  ; Stuck at GND due to stuck port clock_enable ;
; RISCV_processador:cpu|bancoderegistradores:bancoderegistradores_inst|rf_array[21][9]  ; Stuck at GND due to stuck port clock_enable ;
; RISCV_processador:cpu|bancoderegistradores:bancoderegistradores_inst|rf_array[22][9]  ; Stuck at GND due to stuck port clock_enable ;
; RISCV_processador:cpu|bancoderegistradores:bancoderegistradores_inst|rf_array[23][9]  ; Stuck at GND due to stuck port clock_enable ;
; RISCV_processador:cpu|bancoderegistradores:bancoderegistradores_inst|rf_array[28][9]  ; Stuck at GND due to stuck port clock_enable ;
; RISCV_processador:cpu|bancoderegistradores:bancoderegistradores_inst|rf_array[29][9]  ; Stuck at GND due to stuck port clock_enable ;
; RISCV_processador:cpu|bancoderegistradores:bancoderegistradores_inst|rf_array[30][9]  ; Stuck at GND due to stuck port clock_enable ;
; RISCV_processador:cpu|bancoderegistradores:bancoderegistradores_inst|rf_array[31][9]  ; Stuck at GND due to stuck port clock_enable ;
; RISCV_processador:cpu|bancoderegistradores:bancoderegistradores_inst|rf_array[4][8]   ; Stuck at GND due to stuck port clock_enable ;
; RISCV_processador:cpu|bancoderegistradores:bancoderegistradores_inst|rf_array[5][8]   ; Stuck at GND due to stuck port clock_enable ;
; RISCV_processador:cpu|bancoderegistradores:bancoderegistradores_inst|rf_array[6][8]   ; Stuck at GND due to stuck port clock_enable ;
; RISCV_processador:cpu|bancoderegistradores:bancoderegistradores_inst|rf_array[7][8]   ; Stuck at GND due to stuck port clock_enable ;
; RISCV_processador:cpu|bancoderegistradores:bancoderegistradores_inst|rf_array[12][8]  ; Stuck at GND due to stuck port clock_enable ;
; RISCV_processador:cpu|bancoderegistradores:bancoderegistradores_inst|rf_array[13][8]  ; Stuck at GND due to stuck port clock_enable ;
; RISCV_processador:cpu|bancoderegistradores:bancoderegistradores_inst|rf_array[14][8]  ; Stuck at GND due to stuck port clock_enable ;
; RISCV_processador:cpu|bancoderegistradores:bancoderegistradores_inst|rf_array[15][8]  ; Stuck at GND due to stuck port clock_enable ;
; RISCV_processador:cpu|bancoderegistradores:bancoderegistradores_inst|rf_array[20][8]  ; Stuck at GND due to stuck port clock_enable ;
; RISCV_processador:cpu|bancoderegistradores:bancoderegistradores_inst|rf_array[21][8]  ; Stuck at GND due to stuck port clock_enable ;
; RISCV_processador:cpu|bancoderegistradores:bancoderegistradores_inst|rf_array[22][8]  ; Stuck at GND due to stuck port clock_enable ;
; RISCV_processador:cpu|bancoderegistradores:bancoderegistradores_inst|rf_array[23][8]  ; Stuck at GND due to stuck port clock_enable ;
; RISCV_processador:cpu|bancoderegistradores:bancoderegistradores_inst|rf_array[28][8]  ; Stuck at GND due to stuck port clock_enable ;
; RISCV_processador:cpu|bancoderegistradores:bancoderegistradores_inst|rf_array[29][8]  ; Stuck at GND due to stuck port clock_enable ;
; RISCV_processador:cpu|bancoderegistradores:bancoderegistradores_inst|rf_array[30][8]  ; Stuck at GND due to stuck port clock_enable ;
; RISCV_processador:cpu|bancoderegistradores:bancoderegistradores_inst|rf_array[31][8]  ; Stuck at GND due to stuck port clock_enable ;
; RISCV_processador:cpu|bancoderegistradores:bancoderegistradores_inst|rf_array[4][7]   ; Stuck at GND due to stuck port clock_enable ;
; RISCV_processador:cpu|bancoderegistradores:bancoderegistradores_inst|rf_array[5][7]   ; Stuck at GND due to stuck port clock_enable ;
; RISCV_processador:cpu|bancoderegistradores:bancoderegistradores_inst|rf_array[6][7]   ; Stuck at GND due to stuck port clock_enable ;
; RISCV_processador:cpu|bancoderegistradores:bancoderegistradores_inst|rf_array[7][7]   ; Stuck at GND due to stuck port clock_enable ;
; RISCV_processador:cpu|bancoderegistradores:bancoderegistradores_inst|rf_array[12][7]  ; Stuck at GND due to stuck port clock_enable ;
; RISCV_processador:cpu|bancoderegistradores:bancoderegistradores_inst|rf_array[13][7]  ; Stuck at GND due to stuck port clock_enable ;
; RISCV_processador:cpu|bancoderegistradores:bancoderegistradores_inst|rf_array[14][7]  ; Stuck at GND due to stuck port clock_enable ;
; RISCV_processador:cpu|bancoderegistradores:bancoderegistradores_inst|rf_array[15][7]  ; Stuck at GND due to stuck port clock_enable ;
; RISCV_processador:cpu|bancoderegistradores:bancoderegistradores_inst|rf_array[20][7]  ; Stuck at GND due to stuck port clock_enable ;
; RISCV_processador:cpu|bancoderegistradores:bancoderegistradores_inst|rf_array[21][7]  ; Stuck at GND due to stuck port clock_enable ;
; RISCV_processador:cpu|bancoderegistradores:bancoderegistradores_inst|rf_array[22][7]  ; Stuck at GND due to stuck port clock_enable ;
; RISCV_processador:cpu|bancoderegistradores:bancoderegistradores_inst|rf_array[23][7]  ; Stuck at GND due to stuck port clock_enable ;
; RISCV_processador:cpu|bancoderegistradores:bancoderegistradores_inst|rf_array[28][7]  ; Stuck at GND due to stuck port clock_enable ;
; RISCV_processador:cpu|bancoderegistradores:bancoderegistradores_inst|rf_array[29][7]  ; Stuck at GND due to stuck port clock_enable ;
; RISCV_processador:cpu|bancoderegistradores:bancoderegistradores_inst|rf_array[30][7]  ; Stuck at GND due to stuck port clock_enable ;
; RISCV_processador:cpu|bancoderegistradores:bancoderegistradores_inst|rf_array[31][7]  ; Stuck at GND due to stuck port clock_enable ;
; RISCV_processador:cpu|bancoderegistradores:bancoderegistradores_inst|rf_array[4][6]   ; Stuck at GND due to stuck port clock_enable ;
; RISCV_processador:cpu|bancoderegistradores:bancoderegistradores_inst|rf_array[5][6]   ; Stuck at GND due to stuck port clock_enable ;
; RISCV_processador:cpu|bancoderegistradores:bancoderegistradores_inst|rf_array[6][6]   ; Stuck at GND due to stuck port clock_enable ;
; RISCV_processador:cpu|bancoderegistradores:bancoderegistradores_inst|rf_array[7][6]   ; Stuck at GND due to stuck port clock_enable ;
; RISCV_processador:cpu|bancoderegistradores:bancoderegistradores_inst|rf_array[12][6]  ; Stuck at GND due to stuck port clock_enable ;
; RISCV_processador:cpu|bancoderegistradores:bancoderegistradores_inst|rf_array[13][6]  ; Stuck at GND due to stuck port clock_enable ;
; RISCV_processador:cpu|bancoderegistradores:bancoderegistradores_inst|rf_array[14][6]  ; Stuck at GND due to stuck port clock_enable ;
; RISCV_processador:cpu|bancoderegistradores:bancoderegistradores_inst|rf_array[15][6]  ; Stuck at GND due to stuck port clock_enable ;
; RISCV_processador:cpu|bancoderegistradores:bancoderegistradores_inst|rf_array[20][6]  ; Stuck at GND due to stuck port clock_enable ;
; RISCV_processador:cpu|bancoderegistradores:bancoderegistradores_inst|rf_array[21][6]  ; Stuck at GND due to stuck port clock_enable ;
; RISCV_processador:cpu|bancoderegistradores:bancoderegistradores_inst|rf_array[22][6]  ; Stuck at GND due to stuck port clock_enable ;
; RISCV_processador:cpu|bancoderegistradores:bancoderegistradores_inst|rf_array[23][6]  ; Stuck at GND due to stuck port clock_enable ;
; RISCV_processador:cpu|bancoderegistradores:bancoderegistradores_inst|rf_array[28][6]  ; Stuck at GND due to stuck port clock_enable ;
; RISCV_processador:cpu|bancoderegistradores:bancoderegistradores_inst|rf_array[29][6]  ; Stuck at GND due to stuck port clock_enable ;
; RISCV_processador:cpu|bancoderegistradores:bancoderegistradores_inst|rf_array[30][6]  ; Stuck at GND due to stuck port clock_enable ;
; RISCV_processador:cpu|bancoderegistradores:bancoderegistradores_inst|rf_array[31][6]  ; Stuck at GND due to stuck port clock_enable ;
; RISCV_processador:cpu|bancoderegistradores:bancoderegistradores_inst|rf_array[4][5]   ; Stuck at GND due to stuck port clock_enable ;
; RISCV_processador:cpu|bancoderegistradores:bancoderegistradores_inst|rf_array[5][5]   ; Stuck at GND due to stuck port clock_enable ;
; RISCV_processador:cpu|bancoderegistradores:bancoderegistradores_inst|rf_array[6][5]   ; Stuck at GND due to stuck port clock_enable ;
; RISCV_processador:cpu|bancoderegistradores:bancoderegistradores_inst|rf_array[7][5]   ; Stuck at GND due to stuck port clock_enable ;
; RISCV_processador:cpu|bancoderegistradores:bancoderegistradores_inst|rf_array[12][5]  ; Stuck at GND due to stuck port clock_enable ;
; RISCV_processador:cpu|bancoderegistradores:bancoderegistradores_inst|rf_array[13][5]  ; Stuck at GND due to stuck port clock_enable ;
; RISCV_processador:cpu|bancoderegistradores:bancoderegistradores_inst|rf_array[14][5]  ; Stuck at GND due to stuck port clock_enable ;
; RISCV_processador:cpu|bancoderegistradores:bancoderegistradores_inst|rf_array[15][5]  ; Stuck at GND due to stuck port clock_enable ;
; RISCV_processador:cpu|bancoderegistradores:bancoderegistradores_inst|rf_array[20][5]  ; Stuck at GND due to stuck port clock_enable ;
; RISCV_processador:cpu|bancoderegistradores:bancoderegistradores_inst|rf_array[21][5]  ; Stuck at GND due to stuck port clock_enable ;
; RISCV_processador:cpu|bancoderegistradores:bancoderegistradores_inst|rf_array[22][5]  ; Stuck at GND due to stuck port clock_enable ;
; RISCV_processador:cpu|bancoderegistradores:bancoderegistradores_inst|rf_array[23][5]  ; Stuck at GND due to stuck port clock_enable ;
; RISCV_processador:cpu|bancoderegistradores:bancoderegistradores_inst|rf_array[28][5]  ; Stuck at GND due to stuck port clock_enable ;
; RISCV_processador:cpu|bancoderegistradores:bancoderegistradores_inst|rf_array[29][5]  ; Stuck at GND due to stuck port clock_enable ;
; RISCV_processador:cpu|bancoderegistradores:bancoderegistradores_inst|rf_array[30][5]  ; Stuck at GND due to stuck port clock_enable ;
; RISCV_processador:cpu|bancoderegistradores:bancoderegistradores_inst|rf_array[31][5]  ; Stuck at GND due to stuck port clock_enable ;
; RISCV_processador:cpu|bancoderegistradores:bancoderegistradores_inst|rf_array[4][4]   ; Stuck at GND due to stuck port clock_enable ;
; RISCV_processador:cpu|bancoderegistradores:bancoderegistradores_inst|rf_array[5][4]   ; Stuck at GND due to stuck port clock_enable ;
; RISCV_processador:cpu|bancoderegistradores:bancoderegistradores_inst|rf_array[6][4]   ; Stuck at GND due to stuck port clock_enable ;
; RISCV_processador:cpu|bancoderegistradores:bancoderegistradores_inst|rf_array[7][4]   ; Stuck at GND due to stuck port clock_enable ;
; RISCV_processador:cpu|bancoderegistradores:bancoderegistradores_inst|rf_array[12][4]  ; Stuck at GND due to stuck port clock_enable ;
; RISCV_processador:cpu|bancoderegistradores:bancoderegistradores_inst|rf_array[13][4]  ; Stuck at GND due to stuck port clock_enable ;
; RISCV_processador:cpu|bancoderegistradores:bancoderegistradores_inst|rf_array[14][4]  ; Stuck at GND due to stuck port clock_enable ;
; RISCV_processador:cpu|bancoderegistradores:bancoderegistradores_inst|rf_array[15][4]  ; Stuck at GND due to stuck port clock_enable ;
; RISCV_processador:cpu|bancoderegistradores:bancoderegistradores_inst|rf_array[20][4]  ; Stuck at GND due to stuck port clock_enable ;
; RISCV_processador:cpu|bancoderegistradores:bancoderegistradores_inst|rf_array[21][4]  ; Stuck at GND due to stuck port clock_enable ;
; RISCV_processador:cpu|bancoderegistradores:bancoderegistradores_inst|rf_array[22][4]  ; Stuck at GND due to stuck port clock_enable ;
; RISCV_processador:cpu|bancoderegistradores:bancoderegistradores_inst|rf_array[23][4]  ; Stuck at GND due to stuck port clock_enable ;
; RISCV_processador:cpu|bancoderegistradores:bancoderegistradores_inst|rf_array[28][4]  ; Stuck at GND due to stuck port clock_enable ;
; RISCV_processador:cpu|bancoderegistradores:bancoderegistradores_inst|rf_array[29][4]  ; Stuck at GND due to stuck port clock_enable ;
; RISCV_processador:cpu|bancoderegistradores:bancoderegistradores_inst|rf_array[30][4]  ; Stuck at GND due to stuck port clock_enable ;
; RISCV_processador:cpu|bancoderegistradores:bancoderegistradores_inst|rf_array[31][4]  ; Stuck at GND due to stuck port clock_enable ;
; RISCV_processador:cpu|bancoderegistradores:bancoderegistradores_inst|rf_array[4][3]   ; Stuck at GND due to stuck port clock_enable ;
; RISCV_processador:cpu|bancoderegistradores:bancoderegistradores_inst|rf_array[5][3]   ; Stuck at GND due to stuck port clock_enable ;
; RISCV_processador:cpu|bancoderegistradores:bancoderegistradores_inst|rf_array[6][3]   ; Stuck at GND due to stuck port clock_enable ;
; RISCV_processador:cpu|bancoderegistradores:bancoderegistradores_inst|rf_array[7][3]   ; Stuck at GND due to stuck port clock_enable ;
; RISCV_processador:cpu|bancoderegistradores:bancoderegistradores_inst|rf_array[12][3]  ; Stuck at GND due to stuck port clock_enable ;
; RISCV_processador:cpu|bancoderegistradores:bancoderegistradores_inst|rf_array[13][3]  ; Stuck at GND due to stuck port clock_enable ;
; RISCV_processador:cpu|bancoderegistradores:bancoderegistradores_inst|rf_array[14][3]  ; Stuck at GND due to stuck port clock_enable ;
; RISCV_processador:cpu|bancoderegistradores:bancoderegistradores_inst|rf_array[15][3]  ; Stuck at GND due to stuck port clock_enable ;
; RISCV_processador:cpu|bancoderegistradores:bancoderegistradores_inst|rf_array[20][3]  ; Stuck at GND due to stuck port clock_enable ;
; RISCV_processador:cpu|bancoderegistradores:bancoderegistradores_inst|rf_array[21][3]  ; Stuck at GND due to stuck port clock_enable ;
; RISCV_processador:cpu|bancoderegistradores:bancoderegistradores_inst|rf_array[22][3]  ; Stuck at GND due to stuck port clock_enable ;
; RISCV_processador:cpu|bancoderegistradores:bancoderegistradores_inst|rf_array[23][3]  ; Stuck at GND due to stuck port clock_enable ;
; RISCV_processador:cpu|bancoderegistradores:bancoderegistradores_inst|rf_array[28][3]  ; Stuck at GND due to stuck port clock_enable ;
; RISCV_processador:cpu|bancoderegistradores:bancoderegistradores_inst|rf_array[29][3]  ; Stuck at GND due to stuck port clock_enable ;
; RISCV_processador:cpu|bancoderegistradores:bancoderegistradores_inst|rf_array[30][3]  ; Stuck at GND due to stuck port clock_enable ;
; RISCV_processador:cpu|bancoderegistradores:bancoderegistradores_inst|rf_array[31][3]  ; Stuck at GND due to stuck port clock_enable ;
; RISCV_processador:cpu|bancoderegistradores:bancoderegistradores_inst|rf_array[4][2]   ; Stuck at GND due to stuck port clock_enable ;
; RISCV_processador:cpu|bancoderegistradores:bancoderegistradores_inst|rf_array[5][2]   ; Stuck at GND due to stuck port clock_enable ;
; RISCV_processador:cpu|bancoderegistradores:bancoderegistradores_inst|rf_array[6][2]   ; Stuck at GND due to stuck port clock_enable ;
; RISCV_processador:cpu|bancoderegistradores:bancoderegistradores_inst|rf_array[7][2]   ; Stuck at GND due to stuck port clock_enable ;
; RISCV_processador:cpu|bancoderegistradores:bancoderegistradores_inst|rf_array[12][2]  ; Stuck at GND due to stuck port clock_enable ;
; RISCV_processador:cpu|bancoderegistradores:bancoderegistradores_inst|rf_array[13][2]  ; Stuck at GND due to stuck port clock_enable ;
; RISCV_processador:cpu|bancoderegistradores:bancoderegistradores_inst|rf_array[14][2]  ; Stuck at GND due to stuck port clock_enable ;
; RISCV_processador:cpu|bancoderegistradores:bancoderegistradores_inst|rf_array[15][2]  ; Stuck at GND due to stuck port clock_enable ;
; RISCV_processador:cpu|bancoderegistradores:bancoderegistradores_inst|rf_array[20][2]  ; Stuck at GND due to stuck port clock_enable ;
; RISCV_processador:cpu|bancoderegistradores:bancoderegistradores_inst|rf_array[21][2]  ; Stuck at GND due to stuck port clock_enable ;
; RISCV_processador:cpu|bancoderegistradores:bancoderegistradores_inst|rf_array[22][2]  ; Stuck at GND due to stuck port clock_enable ;
; RISCV_processador:cpu|bancoderegistradores:bancoderegistradores_inst|rf_array[23][2]  ; Stuck at GND due to stuck port clock_enable ;
; RISCV_processador:cpu|bancoderegistradores:bancoderegistradores_inst|rf_array[28][2]  ; Stuck at GND due to stuck port clock_enable ;
; RISCV_processador:cpu|bancoderegistradores:bancoderegistradores_inst|rf_array[29][2]  ; Stuck at GND due to stuck port clock_enable ;
; RISCV_processador:cpu|bancoderegistradores:bancoderegistradores_inst|rf_array[30][2]  ; Stuck at GND due to stuck port clock_enable ;
; RISCV_processador:cpu|bancoderegistradores:bancoderegistradores_inst|rf_array[31][2]  ; Stuck at GND due to stuck port clock_enable ;
; RISCV_processador:cpu|bancoderegistradores:bancoderegistradores_inst|rf_array[4][1]   ; Stuck at GND due to stuck port clock_enable ;
; RISCV_processador:cpu|bancoderegistradores:bancoderegistradores_inst|rf_array[5][1]   ; Stuck at GND due to stuck port clock_enable ;
; RISCV_processador:cpu|bancoderegistradores:bancoderegistradores_inst|rf_array[6][1]   ; Stuck at GND due to stuck port clock_enable ;
; RISCV_processador:cpu|bancoderegistradores:bancoderegistradores_inst|rf_array[7][1]   ; Stuck at GND due to stuck port clock_enable ;
; RISCV_processador:cpu|bancoderegistradores:bancoderegistradores_inst|rf_array[12][1]  ; Stuck at GND due to stuck port clock_enable ;
; RISCV_processador:cpu|bancoderegistradores:bancoderegistradores_inst|rf_array[13][1]  ; Stuck at GND due to stuck port clock_enable ;
; RISCV_processador:cpu|bancoderegistradores:bancoderegistradores_inst|rf_array[14][1]  ; Stuck at GND due to stuck port clock_enable ;
; RISCV_processador:cpu|bancoderegistradores:bancoderegistradores_inst|rf_array[15][1]  ; Stuck at GND due to stuck port clock_enable ;
; RISCV_processador:cpu|bancoderegistradores:bancoderegistradores_inst|rf_array[20][1]  ; Stuck at GND due to stuck port clock_enable ;
; RISCV_processador:cpu|bancoderegistradores:bancoderegistradores_inst|rf_array[21][1]  ; Stuck at GND due to stuck port clock_enable ;
; RISCV_processador:cpu|bancoderegistradores:bancoderegistradores_inst|rf_array[22][1]  ; Stuck at GND due to stuck port clock_enable ;
; RISCV_processador:cpu|bancoderegistradores:bancoderegistradores_inst|rf_array[23][1]  ; Stuck at GND due to stuck port clock_enable ;
; RISCV_processador:cpu|bancoderegistradores:bancoderegistradores_inst|rf_array[28][1]  ; Stuck at GND due to stuck port clock_enable ;
; RISCV_processador:cpu|bancoderegistradores:bancoderegistradores_inst|rf_array[29][1]  ; Stuck at GND due to stuck port clock_enable ;
; RISCV_processador:cpu|bancoderegistradores:bancoderegistradores_inst|rf_array[30][1]  ; Stuck at GND due to stuck port clock_enable ;
; RISCV_processador:cpu|bancoderegistradores:bancoderegistradores_inst|rf_array[31][1]  ; Stuck at GND due to stuck port clock_enable ;
; RISCV_processador:cpu|bancoderegistradores:bancoderegistradores_inst|rf_array[4][0]   ; Stuck at GND due to stuck port clock_enable ;
; RISCV_processador:cpu|bancoderegistradores:bancoderegistradores_inst|rf_array[5][0]   ; Stuck at GND due to stuck port clock_enable ;
; RISCV_processador:cpu|bancoderegistradores:bancoderegistradores_inst|rf_array[6][0]   ; Stuck at GND due to stuck port clock_enable ;
; RISCV_processador:cpu|bancoderegistradores:bancoderegistradores_inst|rf_array[7][0]   ; Stuck at GND due to stuck port clock_enable ;
; RISCV_processador:cpu|bancoderegistradores:bancoderegistradores_inst|rf_array[12][0]  ; Stuck at GND due to stuck port clock_enable ;
; RISCV_processador:cpu|bancoderegistradores:bancoderegistradores_inst|rf_array[13][0]  ; Stuck at GND due to stuck port clock_enable ;
; RISCV_processador:cpu|bancoderegistradores:bancoderegistradores_inst|rf_array[14][0]  ; Stuck at GND due to stuck port clock_enable ;
; RISCV_processador:cpu|bancoderegistradores:bancoderegistradores_inst|rf_array[15][0]  ; Stuck at GND due to stuck port clock_enable ;
; RISCV_processador:cpu|bancoderegistradores:bancoderegistradores_inst|rf_array[20][0]  ; Stuck at GND due to stuck port clock_enable ;
; RISCV_processador:cpu|bancoderegistradores:bancoderegistradores_inst|rf_array[21][0]  ; Stuck at GND due to stuck port clock_enable ;
; RISCV_processador:cpu|bancoderegistradores:bancoderegistradores_inst|rf_array[22][0]  ; Stuck at GND due to stuck port clock_enable ;
; RISCV_processador:cpu|bancoderegistradores:bancoderegistradores_inst|rf_array[23][0]  ; Stuck at GND due to stuck port clock_enable ;
; RISCV_processador:cpu|bancoderegistradores:bancoderegistradores_inst|rf_array[28][0]  ; Stuck at GND due to stuck port clock_enable ;
; RISCV_processador:cpu|bancoderegistradores:bancoderegistradores_inst|rf_array[29][0]  ; Stuck at GND due to stuck port clock_enable ;
; RISCV_processador:cpu|bancoderegistradores:bancoderegistradores_inst|rf_array[30][0]  ; Stuck at GND due to stuck port clock_enable ;
; RISCV_processador:cpu|bancoderegistradores:bancoderegistradores_inst|rf_array[31][0]  ; Stuck at GND due to stuck port clock_enable ;
; RISCV_processador:cpu|bancoderegistradores:bancoderegistradores_inst|rf_array[16][31] ; Lost fanout                                 ;
; RISCV_processador:cpu|bancoderegistradores:bancoderegistradores_inst|rf_array[17][31] ; Lost fanout                                 ;
; RISCV_processador:cpu|bancoderegistradores:bancoderegistradores_inst|rf_array[18][31] ; Lost fanout                                 ;
; RISCV_processador:cpu|bancoderegistradores:bancoderegistradores_inst|rf_array[19][31] ; Lost fanout                                 ;
; RISCV_processador:cpu|bancoderegistradores:bancoderegistradores_inst|rf_array[24][31] ; Lost fanout                                 ;
; RISCV_processador:cpu|bancoderegistradores:bancoderegistradores_inst|rf_array[25][31] ; Lost fanout                                 ;
; RISCV_processador:cpu|bancoderegistradores:bancoderegistradores_inst|rf_array[26][31] ; Lost fanout                                 ;
; RISCV_processador:cpu|bancoderegistradores:bancoderegistradores_inst|rf_array[27][31] ; Lost fanout                                 ;
; RISCV_processador:cpu|bancoderegistradores:bancoderegistradores_inst|rf_array[16][30] ; Lost fanout                                 ;
; RISCV_processador:cpu|bancoderegistradores:bancoderegistradores_inst|rf_array[17][30] ; Lost fanout                                 ;
; RISCV_processador:cpu|bancoderegistradores:bancoderegistradores_inst|rf_array[18][30] ; Lost fanout                                 ;
; RISCV_processador:cpu|bancoderegistradores:bancoderegistradores_inst|rf_array[19][30] ; Lost fanout                                 ;
; RISCV_processador:cpu|bancoderegistradores:bancoderegistradores_inst|rf_array[24][30] ; Lost fanout                                 ;
; RISCV_processador:cpu|bancoderegistradores:bancoderegistradores_inst|rf_array[25][30] ; Lost fanout                                 ;
; RISCV_processador:cpu|bancoderegistradores:bancoderegistradores_inst|rf_array[26][30] ; Lost fanout                                 ;
; RISCV_processador:cpu|bancoderegistradores:bancoderegistradores_inst|rf_array[27][30] ; Lost fanout                                 ;
; RISCV_processador:cpu|bancoderegistradores:bancoderegistradores_inst|rf_array[16][29] ; Lost fanout                                 ;
; RISCV_processador:cpu|bancoderegistradores:bancoderegistradores_inst|rf_array[17][29] ; Lost fanout                                 ;
; RISCV_processador:cpu|bancoderegistradores:bancoderegistradores_inst|rf_array[18][29] ; Lost fanout                                 ;
; RISCV_processador:cpu|bancoderegistradores:bancoderegistradores_inst|rf_array[19][29] ; Lost fanout                                 ;
; RISCV_processador:cpu|bancoderegistradores:bancoderegistradores_inst|rf_array[24][29] ; Lost fanout                                 ;
; RISCV_processador:cpu|bancoderegistradores:bancoderegistradores_inst|rf_array[25][29] ; Lost fanout                                 ;
; RISCV_processador:cpu|bancoderegistradores:bancoderegistradores_inst|rf_array[26][29] ; Lost fanout                                 ;
; RISCV_processador:cpu|bancoderegistradores:bancoderegistradores_inst|rf_array[27][29] ; Lost fanout                                 ;
; RISCV_processador:cpu|bancoderegistradores:bancoderegistradores_inst|rf_array[16][28] ; Lost fanout                                 ;
; RISCV_processador:cpu|bancoderegistradores:bancoderegistradores_inst|rf_array[17][28] ; Lost fanout                                 ;
; RISCV_processador:cpu|bancoderegistradores:bancoderegistradores_inst|rf_array[18][28] ; Lost fanout                                 ;
; RISCV_processador:cpu|bancoderegistradores:bancoderegistradores_inst|rf_array[19][28] ; Lost fanout                                 ;
; RISCV_processador:cpu|bancoderegistradores:bancoderegistradores_inst|rf_array[24][28] ; Lost fanout                                 ;
; RISCV_processador:cpu|bancoderegistradores:bancoderegistradores_inst|rf_array[25][28] ; Lost fanout                                 ;
; RISCV_processador:cpu|bancoderegistradores:bancoderegistradores_inst|rf_array[26][28] ; Lost fanout                                 ;
; RISCV_processador:cpu|bancoderegistradores:bancoderegistradores_inst|rf_array[27][28] ; Lost fanout                                 ;
; RISCV_processador:cpu|bancoderegistradores:bancoderegistradores_inst|rf_array[16][27] ; Lost fanout                                 ;
; RISCV_processador:cpu|bancoderegistradores:bancoderegistradores_inst|rf_array[17][27] ; Lost fanout                                 ;
; RISCV_processador:cpu|bancoderegistradores:bancoderegistradores_inst|rf_array[18][27] ; Lost fanout                                 ;
; RISCV_processador:cpu|bancoderegistradores:bancoderegistradores_inst|rf_array[19][27] ; Lost fanout                                 ;
; RISCV_processador:cpu|bancoderegistradores:bancoderegistradores_inst|rf_array[24][27] ; Lost fanout                                 ;
; RISCV_processador:cpu|bancoderegistradores:bancoderegistradores_inst|rf_array[25][27] ; Lost fanout                                 ;
; RISCV_processador:cpu|bancoderegistradores:bancoderegistradores_inst|rf_array[26][27] ; Lost fanout                                 ;
; RISCV_processador:cpu|bancoderegistradores:bancoderegistradores_inst|rf_array[27][27] ; Lost fanout                                 ;
; RISCV_processador:cpu|bancoderegistradores:bancoderegistradores_inst|rf_array[16][26] ; Lost fanout                                 ;
; RISCV_processador:cpu|bancoderegistradores:bancoderegistradores_inst|rf_array[17][26] ; Lost fanout                                 ;
; RISCV_processador:cpu|bancoderegistradores:bancoderegistradores_inst|rf_array[18][26] ; Lost fanout                                 ;
; RISCV_processador:cpu|bancoderegistradores:bancoderegistradores_inst|rf_array[19][26] ; Lost fanout                                 ;
; RISCV_processador:cpu|bancoderegistradores:bancoderegistradores_inst|rf_array[24][26] ; Lost fanout                                 ;
; RISCV_processador:cpu|bancoderegistradores:bancoderegistradores_inst|rf_array[25][26] ; Lost fanout                                 ;
; RISCV_processador:cpu|bancoderegistradores:bancoderegistradores_inst|rf_array[26][26] ; Lost fanout                                 ;
; RISCV_processador:cpu|bancoderegistradores:bancoderegistradores_inst|rf_array[27][26] ; Lost fanout                                 ;
; RISCV_processador:cpu|bancoderegistradores:bancoderegistradores_inst|rf_array[16][25] ; Lost fanout                                 ;
; RISCV_processador:cpu|bancoderegistradores:bancoderegistradores_inst|rf_array[17][25] ; Lost fanout                                 ;
; RISCV_processador:cpu|bancoderegistradores:bancoderegistradores_inst|rf_array[18][25] ; Lost fanout                                 ;
; RISCV_processador:cpu|bancoderegistradores:bancoderegistradores_inst|rf_array[19][25] ; Lost fanout                                 ;
; RISCV_processador:cpu|bancoderegistradores:bancoderegistradores_inst|rf_array[24][25] ; Lost fanout                                 ;
; RISCV_processador:cpu|bancoderegistradores:bancoderegistradores_inst|rf_array[25][25] ; Lost fanout                                 ;
; RISCV_processador:cpu|bancoderegistradores:bancoderegistradores_inst|rf_array[26][25] ; Lost fanout                                 ;
; RISCV_processador:cpu|bancoderegistradores:bancoderegistradores_inst|rf_array[27][25] ; Lost fanout                                 ;
; RISCV_processador:cpu|bancoderegistradores:bancoderegistradores_inst|rf_array[16][24] ; Lost fanout                                 ;
; RISCV_processador:cpu|bancoderegistradores:bancoderegistradores_inst|rf_array[17][24] ; Lost fanout                                 ;
; RISCV_processador:cpu|bancoderegistradores:bancoderegistradores_inst|rf_array[18][24] ; Lost fanout                                 ;
; RISCV_processador:cpu|bancoderegistradores:bancoderegistradores_inst|rf_array[19][24] ; Lost fanout                                 ;
; RISCV_processador:cpu|bancoderegistradores:bancoderegistradores_inst|rf_array[24][24] ; Lost fanout                                 ;
; RISCV_processador:cpu|bancoderegistradores:bancoderegistradores_inst|rf_array[25][24] ; Lost fanout                                 ;
; RISCV_processador:cpu|bancoderegistradores:bancoderegistradores_inst|rf_array[26][24] ; Lost fanout                                 ;
; RISCV_processador:cpu|bancoderegistradores:bancoderegistradores_inst|rf_array[27][24] ; Lost fanout                                 ;
; RISCV_processador:cpu|bancoderegistradores:bancoderegistradores_inst|rf_array[16][23] ; Lost fanout                                 ;
; RISCV_processador:cpu|bancoderegistradores:bancoderegistradores_inst|rf_array[17][23] ; Lost fanout                                 ;
; RISCV_processador:cpu|bancoderegistradores:bancoderegistradores_inst|rf_array[18][23] ; Lost fanout                                 ;
; RISCV_processador:cpu|bancoderegistradores:bancoderegistradores_inst|rf_array[19][23] ; Lost fanout                                 ;
; RISCV_processador:cpu|bancoderegistradores:bancoderegistradores_inst|rf_array[24][23] ; Lost fanout                                 ;
; RISCV_processador:cpu|bancoderegistradores:bancoderegistradores_inst|rf_array[25][23] ; Lost fanout                                 ;
; RISCV_processador:cpu|bancoderegistradores:bancoderegistradores_inst|rf_array[26][23] ; Lost fanout                                 ;
; RISCV_processador:cpu|bancoderegistradores:bancoderegistradores_inst|rf_array[27][23] ; Lost fanout                                 ;
; RISCV_processador:cpu|bancoderegistradores:bancoderegistradores_inst|rf_array[16][22] ; Lost fanout                                 ;
; RISCV_processador:cpu|bancoderegistradores:bancoderegistradores_inst|rf_array[17][22] ; Lost fanout                                 ;
; RISCV_processador:cpu|bancoderegistradores:bancoderegistradores_inst|rf_array[18][22] ; Lost fanout                                 ;
; RISCV_processador:cpu|bancoderegistradores:bancoderegistradores_inst|rf_array[19][22] ; Lost fanout                                 ;
; RISCV_processador:cpu|bancoderegistradores:bancoderegistradores_inst|rf_array[24][22] ; Lost fanout                                 ;
; RISCV_processador:cpu|bancoderegistradores:bancoderegistradores_inst|rf_array[25][22] ; Lost fanout                                 ;
; RISCV_processador:cpu|bancoderegistradores:bancoderegistradores_inst|rf_array[26][22] ; Lost fanout                                 ;
; RISCV_processador:cpu|bancoderegistradores:bancoderegistradores_inst|rf_array[27][22] ; Lost fanout                                 ;
; RISCV_processador:cpu|bancoderegistradores:bancoderegistradores_inst|rf_array[16][21] ; Lost fanout                                 ;
; RISCV_processador:cpu|bancoderegistradores:bancoderegistradores_inst|rf_array[17][21] ; Lost fanout                                 ;
; RISCV_processador:cpu|bancoderegistradores:bancoderegistradores_inst|rf_array[18][21] ; Lost fanout                                 ;
; RISCV_processador:cpu|bancoderegistradores:bancoderegistradores_inst|rf_array[19][21] ; Lost fanout                                 ;
; RISCV_processador:cpu|bancoderegistradores:bancoderegistradores_inst|rf_array[24][21] ; Lost fanout                                 ;
; RISCV_processador:cpu|bancoderegistradores:bancoderegistradores_inst|rf_array[25][21] ; Lost fanout                                 ;
; RISCV_processador:cpu|bancoderegistradores:bancoderegistradores_inst|rf_array[26][21] ; Lost fanout                                 ;
; RISCV_processador:cpu|bancoderegistradores:bancoderegistradores_inst|rf_array[27][21] ; Lost fanout                                 ;
; RISCV_processador:cpu|bancoderegistradores:bancoderegistradores_inst|rf_array[16][20] ; Lost fanout                                 ;
; RISCV_processador:cpu|bancoderegistradores:bancoderegistradores_inst|rf_array[17][20] ; Lost fanout                                 ;
; RISCV_processador:cpu|bancoderegistradores:bancoderegistradores_inst|rf_array[18][20] ; Lost fanout                                 ;
; RISCV_processador:cpu|bancoderegistradores:bancoderegistradores_inst|rf_array[19][20] ; Lost fanout                                 ;
; RISCV_processador:cpu|bancoderegistradores:bancoderegistradores_inst|rf_array[24][20] ; Lost fanout                                 ;
; RISCV_processador:cpu|bancoderegistradores:bancoderegistradores_inst|rf_array[25][20] ; Lost fanout                                 ;
; RISCV_processador:cpu|bancoderegistradores:bancoderegistradores_inst|rf_array[26][20] ; Lost fanout                                 ;
; RISCV_processador:cpu|bancoderegistradores:bancoderegistradores_inst|rf_array[27][20] ; Lost fanout                                 ;
; RISCV_processador:cpu|bancoderegistradores:bancoderegistradores_inst|rf_array[16][19] ; Lost fanout                                 ;
; RISCV_processador:cpu|bancoderegistradores:bancoderegistradores_inst|rf_array[17][19] ; Lost fanout                                 ;
; RISCV_processador:cpu|bancoderegistradores:bancoderegistradores_inst|rf_array[18][19] ; Lost fanout                                 ;
; RISCV_processador:cpu|bancoderegistradores:bancoderegistradores_inst|rf_array[19][19] ; Lost fanout                                 ;
; RISCV_processador:cpu|bancoderegistradores:bancoderegistradores_inst|rf_array[24][19] ; Lost fanout                                 ;
; RISCV_processador:cpu|bancoderegistradores:bancoderegistradores_inst|rf_array[25][19] ; Lost fanout                                 ;
; RISCV_processador:cpu|bancoderegistradores:bancoderegistradores_inst|rf_array[26][19] ; Lost fanout                                 ;
; RISCV_processador:cpu|bancoderegistradores:bancoderegistradores_inst|rf_array[27][19] ; Lost fanout                                 ;
; RISCV_processador:cpu|bancoderegistradores:bancoderegistradores_inst|rf_array[16][18] ; Lost fanout                                 ;
; RISCV_processador:cpu|bancoderegistradores:bancoderegistradores_inst|rf_array[17][18] ; Lost fanout                                 ;
; RISCV_processador:cpu|bancoderegistradores:bancoderegistradores_inst|rf_array[18][18] ; Lost fanout                                 ;
; RISCV_processador:cpu|bancoderegistradores:bancoderegistradores_inst|rf_array[19][18] ; Lost fanout                                 ;
; RISCV_processador:cpu|bancoderegistradores:bancoderegistradores_inst|rf_array[24][18] ; Lost fanout                                 ;
; RISCV_processador:cpu|bancoderegistradores:bancoderegistradores_inst|rf_array[25][18] ; Lost fanout                                 ;
; RISCV_processador:cpu|bancoderegistradores:bancoderegistradores_inst|rf_array[26][18] ; Lost fanout                                 ;
; RISCV_processador:cpu|bancoderegistradores:bancoderegistradores_inst|rf_array[27][18] ; Lost fanout                                 ;
; RISCV_processador:cpu|bancoderegistradores:bancoderegistradores_inst|rf_array[16][17] ; Lost fanout                                 ;
; RISCV_processador:cpu|bancoderegistradores:bancoderegistradores_inst|rf_array[17][17] ; Lost fanout                                 ;
; RISCV_processador:cpu|bancoderegistradores:bancoderegistradores_inst|rf_array[18][17] ; Lost fanout                                 ;
; RISCV_processador:cpu|bancoderegistradores:bancoderegistradores_inst|rf_array[19][17] ; Lost fanout                                 ;
; RISCV_processador:cpu|bancoderegistradores:bancoderegistradores_inst|rf_array[24][17] ; Lost fanout                                 ;
; RISCV_processador:cpu|bancoderegistradores:bancoderegistradores_inst|rf_array[25][17] ; Lost fanout                                 ;
; RISCV_processador:cpu|bancoderegistradores:bancoderegistradores_inst|rf_array[26][17] ; Lost fanout                                 ;
; RISCV_processador:cpu|bancoderegistradores:bancoderegistradores_inst|rf_array[27][17] ; Lost fanout                                 ;
; RISCV_processador:cpu|bancoderegistradores:bancoderegistradores_inst|rf_array[16][16] ; Lost fanout                                 ;
; RISCV_processador:cpu|bancoderegistradores:bancoderegistradores_inst|rf_array[17][16] ; Lost fanout                                 ;
; RISCV_processador:cpu|bancoderegistradores:bancoderegistradores_inst|rf_array[18][16] ; Lost fanout                                 ;
; RISCV_processador:cpu|bancoderegistradores:bancoderegistradores_inst|rf_array[19][16] ; Lost fanout                                 ;
; RISCV_processador:cpu|bancoderegistradores:bancoderegistradores_inst|rf_array[24][16] ; Lost fanout                                 ;
; RISCV_processador:cpu|bancoderegistradores:bancoderegistradores_inst|rf_array[25][16] ; Lost fanout                                 ;
; RISCV_processador:cpu|bancoderegistradores:bancoderegistradores_inst|rf_array[26][16] ; Lost fanout                                 ;
; RISCV_processador:cpu|bancoderegistradores:bancoderegistradores_inst|rf_array[27][16] ; Lost fanout                                 ;
; RISCV_processador:cpu|bancoderegistradores:bancoderegistradores_inst|rf_array[16][15] ; Lost fanout                                 ;
; RISCV_processador:cpu|bancoderegistradores:bancoderegistradores_inst|rf_array[17][15] ; Lost fanout                                 ;
; RISCV_processador:cpu|bancoderegistradores:bancoderegistradores_inst|rf_array[18][15] ; Lost fanout                                 ;
; RISCV_processador:cpu|bancoderegistradores:bancoderegistradores_inst|rf_array[19][15] ; Lost fanout                                 ;
; RISCV_processador:cpu|bancoderegistradores:bancoderegistradores_inst|rf_array[24][15] ; Lost fanout                                 ;
; RISCV_processador:cpu|bancoderegistradores:bancoderegistradores_inst|rf_array[25][15] ; Lost fanout                                 ;
; RISCV_processador:cpu|bancoderegistradores:bancoderegistradores_inst|rf_array[26][15] ; Lost fanout                                 ;
; RISCV_processador:cpu|bancoderegistradores:bancoderegistradores_inst|rf_array[27][15] ; Lost fanout                                 ;
; RISCV_processador:cpu|bancoderegistradores:bancoderegistradores_inst|rf_array[16][14] ; Lost fanout                                 ;
; RISCV_processador:cpu|bancoderegistradores:bancoderegistradores_inst|rf_array[17][14] ; Lost fanout                                 ;
; RISCV_processador:cpu|bancoderegistradores:bancoderegistradores_inst|rf_array[18][14] ; Lost fanout                                 ;
; RISCV_processador:cpu|bancoderegistradores:bancoderegistradores_inst|rf_array[19][14] ; Lost fanout                                 ;
; RISCV_processador:cpu|bancoderegistradores:bancoderegistradores_inst|rf_array[24][14] ; Lost fanout                                 ;
; RISCV_processador:cpu|bancoderegistradores:bancoderegistradores_inst|rf_array[25][14] ; Lost fanout                                 ;
; RISCV_processador:cpu|bancoderegistradores:bancoderegistradores_inst|rf_array[26][14] ; Lost fanout                                 ;
; RISCV_processador:cpu|bancoderegistradores:bancoderegistradores_inst|rf_array[27][14] ; Lost fanout                                 ;
; RISCV_processador:cpu|bancoderegistradores:bancoderegistradores_inst|rf_array[16][13] ; Lost fanout                                 ;
; RISCV_processador:cpu|bancoderegistradores:bancoderegistradores_inst|rf_array[17][13] ; Lost fanout                                 ;
; RISCV_processador:cpu|bancoderegistradores:bancoderegistradores_inst|rf_array[18][13] ; Lost fanout                                 ;
; RISCV_processador:cpu|bancoderegistradores:bancoderegistradores_inst|rf_array[19][13] ; Lost fanout                                 ;
; RISCV_processador:cpu|bancoderegistradores:bancoderegistradores_inst|rf_array[24][13] ; Lost fanout                                 ;
; RISCV_processador:cpu|bancoderegistradores:bancoderegistradores_inst|rf_array[25][13] ; Lost fanout                                 ;
; RISCV_processador:cpu|bancoderegistradores:bancoderegistradores_inst|rf_array[26][13] ; Lost fanout                                 ;
; RISCV_processador:cpu|bancoderegistradores:bancoderegistradores_inst|rf_array[27][13] ; Lost fanout                                 ;
; RISCV_processador:cpu|bancoderegistradores:bancoderegistradores_inst|rf_array[16][12] ; Lost fanout                                 ;
; RISCV_processador:cpu|bancoderegistradores:bancoderegistradores_inst|rf_array[17][12] ; Lost fanout                                 ;
; RISCV_processador:cpu|bancoderegistradores:bancoderegistradores_inst|rf_array[18][12] ; Lost fanout                                 ;
; RISCV_processador:cpu|bancoderegistradores:bancoderegistradores_inst|rf_array[19][12] ; Lost fanout                                 ;
; RISCV_processador:cpu|bancoderegistradores:bancoderegistradores_inst|rf_array[24][12] ; Lost fanout                                 ;
; RISCV_processador:cpu|bancoderegistradores:bancoderegistradores_inst|rf_array[25][12] ; Lost fanout                                 ;
; RISCV_processador:cpu|bancoderegistradores:bancoderegistradores_inst|rf_array[26][12] ; Lost fanout                                 ;
; RISCV_processador:cpu|bancoderegistradores:bancoderegistradores_inst|rf_array[27][12] ; Lost fanout                                 ;
; RISCV_processador:cpu|bancoderegistradores:bancoderegistradores_inst|rf_array[16][11] ; Lost fanout                                 ;
; RISCV_processador:cpu|bancoderegistradores:bancoderegistradores_inst|rf_array[17][11] ; Lost fanout                                 ;
; RISCV_processador:cpu|bancoderegistradores:bancoderegistradores_inst|rf_array[18][11] ; Lost fanout                                 ;
; RISCV_processador:cpu|bancoderegistradores:bancoderegistradores_inst|rf_array[19][11] ; Lost fanout                                 ;
; RISCV_processador:cpu|bancoderegistradores:bancoderegistradores_inst|rf_array[24][11] ; Lost fanout                                 ;
; RISCV_processador:cpu|bancoderegistradores:bancoderegistradores_inst|rf_array[25][11] ; Lost fanout                                 ;
; RISCV_processador:cpu|bancoderegistradores:bancoderegistradores_inst|rf_array[26][11] ; Lost fanout                                 ;
; RISCV_processador:cpu|bancoderegistradores:bancoderegistradores_inst|rf_array[27][11] ; Lost fanout                                 ;
; RISCV_processador:cpu|bancoderegistradores:bancoderegistradores_inst|rf_array[16][10] ; Lost fanout                                 ;
; RISCV_processador:cpu|bancoderegistradores:bancoderegistradores_inst|rf_array[17][10] ; Lost fanout                                 ;
; RISCV_processador:cpu|bancoderegistradores:bancoderegistradores_inst|rf_array[18][10] ; Lost fanout                                 ;
; RISCV_processador:cpu|bancoderegistradores:bancoderegistradores_inst|rf_array[19][10] ; Lost fanout                                 ;
; RISCV_processador:cpu|bancoderegistradores:bancoderegistradores_inst|rf_array[24][10] ; Lost fanout                                 ;
; RISCV_processador:cpu|bancoderegistradores:bancoderegistradores_inst|rf_array[25][10] ; Lost fanout                                 ;
; RISCV_processador:cpu|bancoderegistradores:bancoderegistradores_inst|rf_array[26][10] ; Lost fanout                                 ;
; RISCV_processador:cpu|bancoderegistradores:bancoderegistradores_inst|rf_array[27][10] ; Lost fanout                                 ;
; RISCV_processador:cpu|bancoderegistradores:bancoderegistradores_inst|rf_array[16][9]  ; Lost fanout                                 ;
; RISCV_processador:cpu|bancoderegistradores:bancoderegistradores_inst|rf_array[17][9]  ; Lost fanout                                 ;
; RISCV_processador:cpu|bancoderegistradores:bancoderegistradores_inst|rf_array[18][9]  ; Lost fanout                                 ;
; RISCV_processador:cpu|bancoderegistradores:bancoderegistradores_inst|rf_array[19][9]  ; Lost fanout                                 ;
; RISCV_processador:cpu|bancoderegistradores:bancoderegistradores_inst|rf_array[24][9]  ; Lost fanout                                 ;
; RISCV_processador:cpu|bancoderegistradores:bancoderegistradores_inst|rf_array[25][9]  ; Lost fanout                                 ;
; RISCV_processador:cpu|bancoderegistradores:bancoderegistradores_inst|rf_array[26][9]  ; Lost fanout                                 ;
; RISCV_processador:cpu|bancoderegistradores:bancoderegistradores_inst|rf_array[27][9]  ; Lost fanout                                 ;
; RISCV_processador:cpu|bancoderegistradores:bancoderegistradores_inst|rf_array[16][8]  ; Lost fanout                                 ;
; RISCV_processador:cpu|bancoderegistradores:bancoderegistradores_inst|rf_array[17][8]  ; Lost fanout                                 ;
; RISCV_processador:cpu|bancoderegistradores:bancoderegistradores_inst|rf_array[18][8]  ; Lost fanout                                 ;
; RISCV_processador:cpu|bancoderegistradores:bancoderegistradores_inst|rf_array[19][8]  ; Lost fanout                                 ;
; RISCV_processador:cpu|bancoderegistradores:bancoderegistradores_inst|rf_array[24][8]  ; Lost fanout                                 ;
; RISCV_processador:cpu|bancoderegistradores:bancoderegistradores_inst|rf_array[25][8]  ; Lost fanout                                 ;
; RISCV_processador:cpu|bancoderegistradores:bancoderegistradores_inst|rf_array[26][8]  ; Lost fanout                                 ;
; RISCV_processador:cpu|bancoderegistradores:bancoderegistradores_inst|rf_array[27][8]  ; Lost fanout                                 ;
; RISCV_processador:cpu|bancoderegistradores:bancoderegistradores_inst|rf_array[16][7]  ; Lost fanout                                 ;
; RISCV_processador:cpu|bancoderegistradores:bancoderegistradores_inst|rf_array[17][7]  ; Lost fanout                                 ;
; RISCV_processador:cpu|bancoderegistradores:bancoderegistradores_inst|rf_array[18][7]  ; Lost fanout                                 ;
; RISCV_processador:cpu|bancoderegistradores:bancoderegistradores_inst|rf_array[19][7]  ; Lost fanout                                 ;
; RISCV_processador:cpu|bancoderegistradores:bancoderegistradores_inst|rf_array[24][7]  ; Lost fanout                                 ;
; RISCV_processador:cpu|bancoderegistradores:bancoderegistradores_inst|rf_array[25][7]  ; Lost fanout                                 ;
; RISCV_processador:cpu|bancoderegistradores:bancoderegistradores_inst|rf_array[26][7]  ; Lost fanout                                 ;
; RISCV_processador:cpu|bancoderegistradores:bancoderegistradores_inst|rf_array[27][7]  ; Lost fanout                                 ;
; RISCV_processador:cpu|bancoderegistradores:bancoderegistradores_inst|rf_array[16][6]  ; Lost fanout                                 ;
; RISCV_processador:cpu|bancoderegistradores:bancoderegistradores_inst|rf_array[17][6]  ; Lost fanout                                 ;
; RISCV_processador:cpu|bancoderegistradores:bancoderegistradores_inst|rf_array[18][6]  ; Lost fanout                                 ;
; RISCV_processador:cpu|bancoderegistradores:bancoderegistradores_inst|rf_array[19][6]  ; Lost fanout                                 ;
; RISCV_processador:cpu|bancoderegistradores:bancoderegistradores_inst|rf_array[24][6]  ; Lost fanout                                 ;
; RISCV_processador:cpu|bancoderegistradores:bancoderegistradores_inst|rf_array[25][6]  ; Lost fanout                                 ;
; RISCV_processador:cpu|bancoderegistradores:bancoderegistradores_inst|rf_array[26][6]  ; Lost fanout                                 ;
; RISCV_processador:cpu|bancoderegistradores:bancoderegistradores_inst|rf_array[27][6]  ; Lost fanout                                 ;
; RISCV_processador:cpu|bancoderegistradores:bancoderegistradores_inst|rf_array[16][5]  ; Lost fanout                                 ;
; RISCV_processador:cpu|bancoderegistradores:bancoderegistradores_inst|rf_array[17][5]  ; Lost fanout                                 ;
; RISCV_processador:cpu|bancoderegistradores:bancoderegistradores_inst|rf_array[18][5]  ; Lost fanout                                 ;
; RISCV_processador:cpu|bancoderegistradores:bancoderegistradores_inst|rf_array[19][5]  ; Lost fanout                                 ;
; RISCV_processador:cpu|bancoderegistradores:bancoderegistradores_inst|rf_array[24][5]  ; Lost fanout                                 ;
; RISCV_processador:cpu|bancoderegistradores:bancoderegistradores_inst|rf_array[25][5]  ; Lost fanout                                 ;
; RISCV_processador:cpu|bancoderegistradores:bancoderegistradores_inst|rf_array[26][5]  ; Lost fanout                                 ;
; RISCV_processador:cpu|bancoderegistradores:bancoderegistradores_inst|rf_array[27][5]  ; Lost fanout                                 ;
; RISCV_processador:cpu|bancoderegistradores:bancoderegistradores_inst|rf_array[16][4]  ; Lost fanout                                 ;
; RISCV_processador:cpu|bancoderegistradores:bancoderegistradores_inst|rf_array[17][4]  ; Lost fanout                                 ;
; RISCV_processador:cpu|bancoderegistradores:bancoderegistradores_inst|rf_array[18][4]  ; Lost fanout                                 ;
; RISCV_processador:cpu|bancoderegistradores:bancoderegistradores_inst|rf_array[19][4]  ; Lost fanout                                 ;
; RISCV_processador:cpu|bancoderegistradores:bancoderegistradores_inst|rf_array[24][4]  ; Lost fanout                                 ;
; RISCV_processador:cpu|bancoderegistradores:bancoderegistradores_inst|rf_array[25][4]  ; Lost fanout                                 ;
; RISCV_processador:cpu|bancoderegistradores:bancoderegistradores_inst|rf_array[26][4]  ; Lost fanout                                 ;
; RISCV_processador:cpu|bancoderegistradores:bancoderegistradores_inst|rf_array[27][4]  ; Lost fanout                                 ;
; RISCV_processador:cpu|bancoderegistradores:bancoderegistradores_inst|rf_array[16][3]  ; Lost fanout                                 ;
; RISCV_processador:cpu|bancoderegistradores:bancoderegistradores_inst|rf_array[17][3]  ; Lost fanout                                 ;
; RISCV_processador:cpu|bancoderegistradores:bancoderegistradores_inst|rf_array[18][3]  ; Lost fanout                                 ;
; RISCV_processador:cpu|bancoderegistradores:bancoderegistradores_inst|rf_array[19][3]  ; Lost fanout                                 ;
; RISCV_processador:cpu|bancoderegistradores:bancoderegistradores_inst|rf_array[24][3]  ; Lost fanout                                 ;
; RISCV_processador:cpu|bancoderegistradores:bancoderegistradores_inst|rf_array[25][3]  ; Lost fanout                                 ;
; RISCV_processador:cpu|bancoderegistradores:bancoderegistradores_inst|rf_array[26][3]  ; Lost fanout                                 ;
; RISCV_processador:cpu|bancoderegistradores:bancoderegistradores_inst|rf_array[27][3]  ; Lost fanout                                 ;
; RISCV_processador:cpu|bancoderegistradores:bancoderegistradores_inst|rf_array[16][2]  ; Lost fanout                                 ;
; RISCV_processador:cpu|bancoderegistradores:bancoderegistradores_inst|rf_array[17][2]  ; Lost fanout                                 ;
; RISCV_processador:cpu|bancoderegistradores:bancoderegistradores_inst|rf_array[18][2]  ; Lost fanout                                 ;
; RISCV_processador:cpu|bancoderegistradores:bancoderegistradores_inst|rf_array[19][2]  ; Lost fanout                                 ;
; RISCV_processador:cpu|bancoderegistradores:bancoderegistradores_inst|rf_array[24][2]  ; Lost fanout                                 ;
; RISCV_processador:cpu|bancoderegistradores:bancoderegistradores_inst|rf_array[25][2]  ; Lost fanout                                 ;
; RISCV_processador:cpu|bancoderegistradores:bancoderegistradores_inst|rf_array[26][2]  ; Lost fanout                                 ;
; RISCV_processador:cpu|bancoderegistradores:bancoderegistradores_inst|rf_array[27][2]  ; Lost fanout                                 ;
; RISCV_processador:cpu|bancoderegistradores:bancoderegistradores_inst|rf_array[16][1]  ; Lost fanout                                 ;
; RISCV_processador:cpu|bancoderegistradores:bancoderegistradores_inst|rf_array[17][1]  ; Lost fanout                                 ;
; RISCV_processador:cpu|bancoderegistradores:bancoderegistradores_inst|rf_array[18][1]  ; Lost fanout                                 ;
; RISCV_processador:cpu|bancoderegistradores:bancoderegistradores_inst|rf_array[19][1]  ; Lost fanout                                 ;
; RISCV_processador:cpu|bancoderegistradores:bancoderegistradores_inst|rf_array[24][1]  ; Lost fanout                                 ;
; RISCV_processador:cpu|bancoderegistradores:bancoderegistradores_inst|rf_array[25][1]  ; Lost fanout                                 ;
; RISCV_processador:cpu|bancoderegistradores:bancoderegistradores_inst|rf_array[26][1]  ; Lost fanout                                 ;
; RISCV_processador:cpu|bancoderegistradores:bancoderegistradores_inst|rf_array[27][1]  ; Lost fanout                                 ;
; RISCV_processador:cpu|bancoderegistradores:bancoderegistradores_inst|rf_array[16][0]  ; Lost fanout                                 ;
; RISCV_processador:cpu|bancoderegistradores:bancoderegistradores_inst|rf_array[17][0]  ; Lost fanout                                 ;
; RISCV_processador:cpu|bancoderegistradores:bancoderegistradores_inst|rf_array[18][0]  ; Lost fanout                                 ;
; RISCV_processador:cpu|bancoderegistradores:bancoderegistradores_inst|rf_array[19][0]  ; Lost fanout                                 ;
; RISCV_processador:cpu|bancoderegistradores:bancoderegistradores_inst|rf_array[24][0]  ; Lost fanout                                 ;
; RISCV_processador:cpu|bancoderegistradores:bancoderegistradores_inst|rf_array[25][0]  ; Lost fanout                                 ;
; RISCV_processador:cpu|bancoderegistradores:bancoderegistradores_inst|rf_array[26][0]  ; Lost fanout                                 ;
; RISCV_processador:cpu|bancoderegistradores:bancoderegistradores_inst|rf_array[27][0]  ; Lost fanout                                 ;
; RISCV_processador:cpu|bancoderegistradores:bancoderegistradores_inst|rf_array[0][0]   ; Stuck at GND due to stuck port data_in      ;
; RISCV_processador:cpu|bancoderegistradores:bancoderegistradores_inst|rf_array[3][0]   ; Lost fanout                                 ;
; RISCV_processador:cpu|bancoderegistradores:bancoderegistradores_inst|rf_array[11][0]  ; Lost fanout                                 ;
; RISCV_processador:cpu|bancoderegistradores:bancoderegistradores_inst|rf_array[0][31]  ; Stuck at GND due to stuck port data_in      ;
; RISCV_processador:cpu|bancoderegistradores:bancoderegistradores_inst|rf_array[3][31]  ; Lost fanout                                 ;
; RISCV_processador:cpu|bancoderegistradores:bancoderegistradores_inst|rf_array[11][31] ; Lost fanout                                 ;
; RISCV_processador:cpu|bancoderegistradores:bancoderegistradores_inst|rf_array[0][30]  ; Stuck at GND due to stuck port data_in      ;
; RISCV_processador:cpu|bancoderegistradores:bancoderegistradores_inst|rf_array[3][30]  ; Lost fanout                                 ;
; RISCV_processador:cpu|bancoderegistradores:bancoderegistradores_inst|rf_array[11][30] ; Lost fanout                                 ;
; RISCV_processador:cpu|bancoderegistradores:bancoderegistradores_inst|rf_array[0][29]  ; Stuck at GND due to stuck port data_in      ;
; RISCV_processador:cpu|bancoderegistradores:bancoderegistradores_inst|rf_array[3][29]  ; Lost fanout                                 ;
; RISCV_processador:cpu|bancoderegistradores:bancoderegistradores_inst|rf_array[11][29] ; Lost fanout                                 ;
; RISCV_processador:cpu|bancoderegistradores:bancoderegistradores_inst|rf_array[0][28]  ; Stuck at GND due to stuck port data_in      ;
; RISCV_processador:cpu|bancoderegistradores:bancoderegistradores_inst|rf_array[3][28]  ; Lost fanout                                 ;
; RISCV_processador:cpu|bancoderegistradores:bancoderegistradores_inst|rf_array[11][28] ; Lost fanout                                 ;
; RISCV_processador:cpu|bancoderegistradores:bancoderegistradores_inst|rf_array[0][27]  ; Stuck at GND due to stuck port data_in      ;
; RISCV_processador:cpu|bancoderegistradores:bancoderegistradores_inst|rf_array[3][27]  ; Lost fanout                                 ;
; RISCV_processador:cpu|bancoderegistradores:bancoderegistradores_inst|rf_array[11][27] ; Lost fanout                                 ;
; RISCV_processador:cpu|bancoderegistradores:bancoderegistradores_inst|rf_array[0][26]  ; Stuck at GND due to stuck port data_in      ;
; RISCV_processador:cpu|bancoderegistradores:bancoderegistradores_inst|rf_array[3][26]  ; Lost fanout                                 ;
; RISCV_processador:cpu|bancoderegistradores:bancoderegistradores_inst|rf_array[11][26] ; Lost fanout                                 ;
; RISCV_processador:cpu|bancoderegistradores:bancoderegistradores_inst|rf_array[0][25]  ; Stuck at GND due to stuck port data_in      ;
; RISCV_processador:cpu|bancoderegistradores:bancoderegistradores_inst|rf_array[3][25]  ; Lost fanout                                 ;
; RISCV_processador:cpu|bancoderegistradores:bancoderegistradores_inst|rf_array[11][25] ; Lost fanout                                 ;
; RISCV_processador:cpu|bancoderegistradores:bancoderegistradores_inst|rf_array[0][24]  ; Stuck at GND due to stuck port data_in      ;
; RISCV_processador:cpu|bancoderegistradores:bancoderegistradores_inst|rf_array[3][24]  ; Lost fanout                                 ;
; RISCV_processador:cpu|bancoderegistradores:bancoderegistradores_inst|rf_array[11][24] ; Lost fanout                                 ;
; RISCV_processador:cpu|bancoderegistradores:bancoderegistradores_inst|rf_array[0][23]  ; Stuck at GND due to stuck port data_in      ;
; RISCV_processador:cpu|bancoderegistradores:bancoderegistradores_inst|rf_array[3][23]  ; Lost fanout                                 ;
; RISCV_processador:cpu|bancoderegistradores:bancoderegistradores_inst|rf_array[11][23] ; Lost fanout                                 ;
; RISCV_processador:cpu|bancoderegistradores:bancoderegistradores_inst|rf_array[0][22]  ; Stuck at GND due to stuck port data_in      ;
; RISCV_processador:cpu|bancoderegistradores:bancoderegistradores_inst|rf_array[3][22]  ; Lost fanout                                 ;
; RISCV_processador:cpu|bancoderegistradores:bancoderegistradores_inst|rf_array[11][22] ; Lost fanout                                 ;
; RISCV_processador:cpu|bancoderegistradores:bancoderegistradores_inst|rf_array[0][21]  ; Stuck at GND due to stuck port data_in      ;
; RISCV_processador:cpu|bancoderegistradores:bancoderegistradores_inst|rf_array[3][21]  ; Lost fanout                                 ;
; RISCV_processador:cpu|bancoderegistradores:bancoderegistradores_inst|rf_array[11][21] ; Lost fanout                                 ;
; RISCV_processador:cpu|bancoderegistradores:bancoderegistradores_inst|rf_array[0][20]  ; Stuck at GND due to stuck port data_in      ;
; RISCV_processador:cpu|bancoderegistradores:bancoderegistradores_inst|rf_array[3][20]  ; Lost fanout                                 ;
; RISCV_processador:cpu|bancoderegistradores:bancoderegistradores_inst|rf_array[11][20] ; Lost fanout                                 ;
; RISCV_processador:cpu|bancoderegistradores:bancoderegistradores_inst|rf_array[0][19]  ; Stuck at GND due to stuck port data_in      ;
; RISCV_processador:cpu|bancoderegistradores:bancoderegistradores_inst|rf_array[3][19]  ; Lost fanout                                 ;
; RISCV_processador:cpu|bancoderegistradores:bancoderegistradores_inst|rf_array[11][19] ; Lost fanout                                 ;
; RISCV_processador:cpu|bancoderegistradores:bancoderegistradores_inst|rf_array[0][18]  ; Stuck at GND due to stuck port data_in      ;
; RISCV_processador:cpu|bancoderegistradores:bancoderegistradores_inst|rf_array[3][18]  ; Lost fanout                                 ;
; RISCV_processador:cpu|bancoderegistradores:bancoderegistradores_inst|rf_array[11][18] ; Lost fanout                                 ;
; RISCV_processador:cpu|bancoderegistradores:bancoderegistradores_inst|rf_array[0][17]  ; Stuck at GND due to stuck port data_in      ;
; RISCV_processador:cpu|bancoderegistradores:bancoderegistradores_inst|rf_array[3][17]  ; Lost fanout                                 ;
; RISCV_processador:cpu|bancoderegistradores:bancoderegistradores_inst|rf_array[11][17] ; Lost fanout                                 ;
; RISCV_processador:cpu|bancoderegistradores:bancoderegistradores_inst|rf_array[0][16]  ; Stuck at GND due to stuck port data_in      ;
; RISCV_processador:cpu|bancoderegistradores:bancoderegistradores_inst|rf_array[3][16]  ; Lost fanout                                 ;
; RISCV_processador:cpu|bancoderegistradores:bancoderegistradores_inst|rf_array[11][16] ; Lost fanout                                 ;
; RISCV_processador:cpu|bancoderegistradores:bancoderegistradores_inst|rf_array[0][15]  ; Stuck at GND due to stuck port data_in      ;
; RISCV_processador:cpu|bancoderegistradores:bancoderegistradores_inst|rf_array[3][15]  ; Lost fanout                                 ;
; RISCV_processador:cpu|bancoderegistradores:bancoderegistradores_inst|rf_array[11][15] ; Lost fanout                                 ;
; RISCV_processador:cpu|bancoderegistradores:bancoderegistradores_inst|rf_array[0][14]  ; Stuck at GND due to stuck port data_in      ;
; RISCV_processador:cpu|bancoderegistradores:bancoderegistradores_inst|rf_array[3][14]  ; Lost fanout                                 ;
; RISCV_processador:cpu|bancoderegistradores:bancoderegistradores_inst|rf_array[11][14] ; Lost fanout                                 ;
; RISCV_processador:cpu|bancoderegistradores:bancoderegistradores_inst|rf_array[0][13]  ; Stuck at GND due to stuck port data_in      ;
; RISCV_processador:cpu|bancoderegistradores:bancoderegistradores_inst|rf_array[3][13]  ; Lost fanout                                 ;
; RISCV_processador:cpu|bancoderegistradores:bancoderegistradores_inst|rf_array[11][13] ; Lost fanout                                 ;
; RISCV_processador:cpu|bancoderegistradores:bancoderegistradores_inst|rf_array[0][12]  ; Stuck at GND due to stuck port data_in      ;
; RISCV_processador:cpu|bancoderegistradores:bancoderegistradores_inst|rf_array[3][12]  ; Lost fanout                                 ;
; RISCV_processador:cpu|bancoderegistradores:bancoderegistradores_inst|rf_array[11][12] ; Lost fanout                                 ;
; RISCV_processador:cpu|bancoderegistradores:bancoderegistradores_inst|rf_array[0][11]  ; Stuck at GND due to stuck port data_in      ;
; RISCV_processador:cpu|bancoderegistradores:bancoderegistradores_inst|rf_array[3][11]  ; Lost fanout                                 ;
; RISCV_processador:cpu|bancoderegistradores:bancoderegistradores_inst|rf_array[11][11] ; Lost fanout                                 ;
; RISCV_processador:cpu|bancoderegistradores:bancoderegistradores_inst|rf_array[0][10]  ; Stuck at GND due to stuck port data_in      ;
; RISCV_processador:cpu|bancoderegistradores:bancoderegistradores_inst|rf_array[3][10]  ; Lost fanout                                 ;
; RISCV_processador:cpu|bancoderegistradores:bancoderegistradores_inst|rf_array[11][10] ; Lost fanout                                 ;
; RISCV_processador:cpu|bancoderegistradores:bancoderegistradores_inst|rf_array[0][9]   ; Stuck at GND due to stuck port data_in      ;
; RISCV_processador:cpu|bancoderegistradores:bancoderegistradores_inst|rf_array[3][9]   ; Lost fanout                                 ;
; RISCV_processador:cpu|bancoderegistradores:bancoderegistradores_inst|rf_array[11][9]  ; Lost fanout                                 ;
; RISCV_processador:cpu|bancoderegistradores:bancoderegistradores_inst|rf_array[0][8]   ; Stuck at GND due to stuck port data_in      ;
; RISCV_processador:cpu|bancoderegistradores:bancoderegistradores_inst|rf_array[3][8]   ; Lost fanout                                 ;
; RISCV_processador:cpu|bancoderegistradores:bancoderegistradores_inst|rf_array[11][8]  ; Lost fanout                                 ;
; RISCV_processador:cpu|bancoderegistradores:bancoderegistradores_inst|rf_array[0][7]   ; Stuck at GND due to stuck port data_in      ;
; RISCV_processador:cpu|bancoderegistradores:bancoderegistradores_inst|rf_array[3][7]   ; Lost fanout                                 ;
; RISCV_processador:cpu|bancoderegistradores:bancoderegistradores_inst|rf_array[11][7]  ; Lost fanout                                 ;
; RISCV_processador:cpu|bancoderegistradores:bancoderegistradores_inst|rf_array[0][6]   ; Stuck at GND due to stuck port data_in      ;
; RISCV_processador:cpu|bancoderegistradores:bancoderegistradores_inst|rf_array[3][6]   ; Lost fanout                                 ;
; RISCV_processador:cpu|bancoderegistradores:bancoderegistradores_inst|rf_array[11][6]  ; Lost fanout                                 ;
; RISCV_processador:cpu|bancoderegistradores:bancoderegistradores_inst|rf_array[0][5]   ; Stuck at GND due to stuck port data_in      ;
; RISCV_processador:cpu|bancoderegistradores:bancoderegistradores_inst|rf_array[3][5]   ; Lost fanout                                 ;
; RISCV_processador:cpu|bancoderegistradores:bancoderegistradores_inst|rf_array[11][5]  ; Lost fanout                                 ;
; RISCV_processador:cpu|bancoderegistradores:bancoderegistradores_inst|rf_array[0][4]   ; Stuck at GND due to stuck port data_in      ;
; RISCV_processador:cpu|bancoderegistradores:bancoderegistradores_inst|rf_array[3][4]   ; Lost fanout                                 ;
; RISCV_processador:cpu|bancoderegistradores:bancoderegistradores_inst|rf_array[11][4]  ; Lost fanout                                 ;
; RISCV_processador:cpu|bancoderegistradores:bancoderegistradores_inst|rf_array[0][3]   ; Stuck at GND due to stuck port data_in      ;
; RISCV_processador:cpu|bancoderegistradores:bancoderegistradores_inst|rf_array[3][3]   ; Lost fanout                                 ;
; RISCV_processador:cpu|bancoderegistradores:bancoderegistradores_inst|rf_array[11][3]  ; Lost fanout                                 ;
; RISCV_processador:cpu|bancoderegistradores:bancoderegistradores_inst|rf_array[0][2]   ; Stuck at GND due to stuck port data_in      ;
; RISCV_processador:cpu|bancoderegistradores:bancoderegistradores_inst|rf_array[3][2]   ; Lost fanout                                 ;
; RISCV_processador:cpu|bancoderegistradores:bancoderegistradores_inst|rf_array[11][2]  ; Lost fanout                                 ;
; RISCV_processador:cpu|bancoderegistradores:bancoderegistradores_inst|rf_array[0][1]   ; Stuck at GND due to stuck port data_in      ;
; RISCV_processador:cpu|bancoderegistradores:bancoderegistradores_inst|rf_array[3][1]   ; Lost fanout                                 ;
; RISCV_processador:cpu|bancoderegistradores:bancoderegistradores_inst|rf_array[11][1]  ; Lost fanout                                 ;
; RISCV_processador:cpu|bancoderegistradores:bancoderegistradores_inst|rf_array[1][0]   ; Stuck at GND due to stuck port clock_enable ;
; RISCV_processador:cpu|bancoderegistradores:bancoderegistradores_inst|rf_array[2][0]   ; Stuck at GND due to stuck port clock_enable ;
; RISCV_processador:cpu|bancoderegistradores:bancoderegistradores_inst|rf_array[1][31]  ; Stuck at GND due to stuck port clock_enable ;
; RISCV_processador:cpu|bancoderegistradores:bancoderegistradores_inst|rf_array[2][31]  ; Stuck at GND due to stuck port clock_enable ;
; RISCV_processador:cpu|bancoderegistradores:bancoderegistradores_inst|rf_array[1][30]  ; Stuck at GND due to stuck port clock_enable ;
; RISCV_processador:cpu|bancoderegistradores:bancoderegistradores_inst|rf_array[2][30]  ; Stuck at GND due to stuck port clock_enable ;
; RISCV_processador:cpu|bancoderegistradores:bancoderegistradores_inst|rf_array[1][29]  ; Stuck at GND due to stuck port clock_enable ;
; RISCV_processador:cpu|bancoderegistradores:bancoderegistradores_inst|rf_array[2][29]  ; Stuck at GND due to stuck port clock_enable ;
; RISCV_processador:cpu|bancoderegistradores:bancoderegistradores_inst|rf_array[1][28]  ; Stuck at GND due to stuck port clock_enable ;
; RISCV_processador:cpu|bancoderegistradores:bancoderegistradores_inst|rf_array[2][28]  ; Stuck at GND due to stuck port clock_enable ;
; RISCV_processador:cpu|bancoderegistradores:bancoderegistradores_inst|rf_array[1][27]  ; Stuck at GND due to stuck port clock_enable ;
; RISCV_processador:cpu|bancoderegistradores:bancoderegistradores_inst|rf_array[2][27]  ; Stuck at GND due to stuck port clock_enable ;
; RISCV_processador:cpu|bancoderegistradores:bancoderegistradores_inst|rf_array[1][26]  ; Stuck at GND due to stuck port clock_enable ;
; RISCV_processador:cpu|bancoderegistradores:bancoderegistradores_inst|rf_array[2][26]  ; Stuck at GND due to stuck port clock_enable ;
; RISCV_processador:cpu|bancoderegistradores:bancoderegistradores_inst|rf_array[1][25]  ; Stuck at GND due to stuck port clock_enable ;
; RISCV_processador:cpu|bancoderegistradores:bancoderegistradores_inst|rf_array[2][25]  ; Stuck at GND due to stuck port clock_enable ;
; RISCV_processador:cpu|bancoderegistradores:bancoderegistradores_inst|rf_array[1][24]  ; Stuck at GND due to stuck port clock_enable ;
; RISCV_processador:cpu|bancoderegistradores:bancoderegistradores_inst|rf_array[2][24]  ; Stuck at GND due to stuck port clock_enable ;
; RISCV_processador:cpu|bancoderegistradores:bancoderegistradores_inst|rf_array[1][23]  ; Stuck at GND due to stuck port clock_enable ;
; RISCV_processador:cpu|bancoderegistradores:bancoderegistradores_inst|rf_array[2][23]  ; Stuck at GND due to stuck port clock_enable ;
; RISCV_processador:cpu|bancoderegistradores:bancoderegistradores_inst|rf_array[1][22]  ; Stuck at GND due to stuck port clock_enable ;
; RISCV_processador:cpu|bancoderegistradores:bancoderegistradores_inst|rf_array[2][22]  ; Stuck at GND due to stuck port clock_enable ;
; RISCV_processador:cpu|bancoderegistradores:bancoderegistradores_inst|rf_array[1][21]  ; Stuck at GND due to stuck port clock_enable ;
; RISCV_processador:cpu|bancoderegistradores:bancoderegistradores_inst|rf_array[2][21]  ; Stuck at GND due to stuck port clock_enable ;
; RISCV_processador:cpu|bancoderegistradores:bancoderegistradores_inst|rf_array[1][20]  ; Stuck at GND due to stuck port clock_enable ;
; RISCV_processador:cpu|bancoderegistradores:bancoderegistradores_inst|rf_array[2][20]  ; Stuck at GND due to stuck port clock_enable ;
; RISCV_processador:cpu|bancoderegistradores:bancoderegistradores_inst|rf_array[1][19]  ; Stuck at GND due to stuck port clock_enable ;
; RISCV_processador:cpu|bancoderegistradores:bancoderegistradores_inst|rf_array[2][19]  ; Stuck at GND due to stuck port clock_enable ;
; RISCV_processador:cpu|bancoderegistradores:bancoderegistradores_inst|rf_array[1][18]  ; Stuck at GND due to stuck port clock_enable ;
; RISCV_processador:cpu|bancoderegistradores:bancoderegistradores_inst|rf_array[2][18]  ; Stuck at GND due to stuck port clock_enable ;
; RISCV_processador:cpu|bancoderegistradores:bancoderegistradores_inst|rf_array[1][17]  ; Stuck at GND due to stuck port clock_enable ;
; RISCV_processador:cpu|bancoderegistradores:bancoderegistradores_inst|rf_array[2][17]  ; Stuck at GND due to stuck port clock_enable ;
; RISCV_processador:cpu|bancoderegistradores:bancoderegistradores_inst|rf_array[1][16]  ; Stuck at GND due to stuck port clock_enable ;
; RISCV_processador:cpu|bancoderegistradores:bancoderegistradores_inst|rf_array[2][16]  ; Stuck at GND due to stuck port clock_enable ;
; RISCV_processador:cpu|bancoderegistradores:bancoderegistradores_inst|rf_array[1][15]  ; Stuck at GND due to stuck port clock_enable ;
; RISCV_processador:cpu|bancoderegistradores:bancoderegistradores_inst|rf_array[2][15]  ; Stuck at GND due to stuck port clock_enable ;
; RISCV_processador:cpu|bancoderegistradores:bancoderegistradores_inst|rf_array[1][14]  ; Stuck at GND due to stuck port clock_enable ;
; RISCV_processador:cpu|bancoderegistradores:bancoderegistradores_inst|rf_array[2][14]  ; Stuck at GND due to stuck port clock_enable ;
; RISCV_processador:cpu|bancoderegistradores:bancoderegistradores_inst|rf_array[1][13]  ; Stuck at GND due to stuck port clock_enable ;
; RISCV_processador:cpu|bancoderegistradores:bancoderegistradores_inst|rf_array[2][13]  ; Stuck at GND due to stuck port clock_enable ;
; RISCV_processador:cpu|bancoderegistradores:bancoderegistradores_inst|rf_array[1][12]  ; Stuck at GND due to stuck port clock_enable ;
; RISCV_processador:cpu|bancoderegistradores:bancoderegistradores_inst|rf_array[2][12]  ; Stuck at GND due to stuck port clock_enable ;
; RISCV_processador:cpu|bancoderegistradores:bancoderegistradores_inst|rf_array[1][11]  ; Stuck at GND due to stuck port clock_enable ;
; RISCV_processador:cpu|bancoderegistradores:bancoderegistradores_inst|rf_array[2][11]  ; Stuck at GND due to stuck port clock_enable ;
; RISCV_processador:cpu|bancoderegistradores:bancoderegistradores_inst|rf_array[1][10]  ; Stuck at GND due to stuck port clock_enable ;
; RISCV_processador:cpu|bancoderegistradores:bancoderegistradores_inst|rf_array[2][10]  ; Stuck at GND due to stuck port clock_enable ;
; RISCV_processador:cpu|bancoderegistradores:bancoderegistradores_inst|rf_array[1][9]   ; Stuck at GND due to stuck port clock_enable ;
; RISCV_processador:cpu|bancoderegistradores:bancoderegistradores_inst|rf_array[2][9]   ; Stuck at GND due to stuck port clock_enable ;
; RISCV_processador:cpu|bancoderegistradores:bancoderegistradores_inst|rf_array[1][8]   ; Stuck at GND due to stuck port clock_enable ;
; RISCV_processador:cpu|bancoderegistradores:bancoderegistradores_inst|rf_array[2][8]   ; Stuck at GND due to stuck port clock_enable ;
; RISCV_processador:cpu|bancoderegistradores:bancoderegistradores_inst|rf_array[1][7]   ; Stuck at GND due to stuck port clock_enable ;
; RISCV_processador:cpu|bancoderegistradores:bancoderegistradores_inst|rf_array[2][7]   ; Stuck at GND due to stuck port clock_enable ;
; RISCV_processador:cpu|bancoderegistradores:bancoderegistradores_inst|rf_array[1][6]   ; Stuck at GND due to stuck port clock_enable ;
; RISCV_processador:cpu|bancoderegistradores:bancoderegistradores_inst|rf_array[2][6]   ; Stuck at GND due to stuck port clock_enable ;
; RISCV_processador:cpu|bancoderegistradores:bancoderegistradores_inst|rf_array[1][5]   ; Stuck at GND due to stuck port clock_enable ;
; RISCV_processador:cpu|bancoderegistradores:bancoderegistradores_inst|rf_array[2][5]   ; Stuck at GND due to stuck port clock_enable ;
; RISCV_processador:cpu|bancoderegistradores:bancoderegistradores_inst|rf_array[1][4]   ; Stuck at GND due to stuck port clock_enable ;
; RISCV_processador:cpu|bancoderegistradores:bancoderegistradores_inst|rf_array[2][4]   ; Stuck at GND due to stuck port clock_enable ;
; RISCV_processador:cpu|bancoderegistradores:bancoderegistradores_inst|rf_array[1][3]   ; Stuck at GND due to stuck port clock_enable ;
; RISCV_processador:cpu|bancoderegistradores:bancoderegistradores_inst|rf_array[2][3]   ; Stuck at GND due to stuck port clock_enable ;
; RISCV_processador:cpu|bancoderegistradores:bancoderegistradores_inst|rf_array[1][2]   ; Stuck at GND due to stuck port clock_enable ;
; RISCV_processador:cpu|bancoderegistradores:bancoderegistradores_inst|rf_array[2][2]   ; Stuck at GND due to stuck port clock_enable ;
; RISCV_processador:cpu|bancoderegistradores:bancoderegistradores_inst|rf_array[1][1]   ; Stuck at GND due to stuck port clock_enable ;
; RISCV_processador:cpu|bancoderegistradores:bancoderegistradores_inst|rf_array[2][1]   ; Stuck at GND due to stuck port clock_enable ;
; clock_divider:clk_div_1hz|counter[0]                                                  ; Merged with clock_divider_reg[0]            ;
; Total Number of Removed Registers = 942                                               ;                                             ;
+---------------------------------------------------------------------------------------+---------------------------------------------+


+----------------------------------------------------------------------------------------------------------------------------------------------------------------------------------------------------------------+
; Removed Registers Triggering Further Register Optimizations                                                                                                                                                    ;
+--------------------------------------------------------------------------------------+--------------------------------+----------------------------------------------------------------------------------------+
; Register name                                                                        ; Reason for Removal             ; Registers Removed due to This Register                                                 ;
+--------------------------------------------------------------------------------------+--------------------------------+----------------------------------------------------------------------------------------+
; RISCV_processador:cpu|bancoderegistradores:bancoderegistradores_inst|rf_array[4][31] ; Stuck at GND                   ; RISCV_processador:cpu|bancoderegistradores:bancoderegistradores_inst|rf_array[4][17],  ;
;                                                                                      ; due to stuck port clock_enable ; RISCV_processador:cpu|bancoderegistradores:bancoderegistradores_inst|rf_array[5][17],  ;
;                                                                                      ;                                ; RISCV_processador:cpu|bancoderegistradores:bancoderegistradores_inst|rf_array[6][17],  ;
;                                                                                      ;                                ; RISCV_processador:cpu|bancoderegistradores:bancoderegistradores_inst|rf_array[7][17],  ;
;                                                                                      ;                                ; RISCV_processador:cpu|bancoderegistradores:bancoderegistradores_inst|rf_array[12][17], ;
;                                                                                      ;                                ; RISCV_processador:cpu|bancoderegistradores:bancoderegistradores_inst|rf_array[13][17], ;
;                                                                                      ;                                ; RISCV_processador:cpu|bancoderegistradores:bancoderegistradores_inst|rf_array[14][17], ;
;                                                                                      ;                                ; RISCV_processador:cpu|bancoderegistradores:bancoderegistradores_inst|rf_array[15][17], ;
;                                                                                      ;                                ; RISCV_processador:cpu|bancoderegistradores:bancoderegistradores_inst|rf_array[20][17], ;
;                                                                                      ;                                ; RISCV_processador:cpu|bancoderegistradores:bancoderegistradores_inst|rf_array[21][17], ;
;                                                                                      ;                                ; RISCV_processador:cpu|bancoderegistradores:bancoderegistradores_inst|rf_array[22][17], ;
;                                                                                      ;                                ; RISCV_processador:cpu|bancoderegistradores:bancoderegistradores_inst|rf_array[23][17], ;
;                                                                                      ;                                ; RISCV_processador:cpu|bancoderegistradores:bancoderegistradores_inst|rf_array[28][17], ;
;                                                                                      ;                                ; RISCV_processador:cpu|bancoderegistradores:bancoderegistradores_inst|rf_array[29][17], ;
;                                                                                      ;                                ; RISCV_processador:cpu|bancoderegistradores:bancoderegistradores_inst|rf_array[30][17], ;
;                                                                                      ;                                ; RISCV_processador:cpu|bancoderegistradores:bancoderegistradores_inst|rf_array[31][17], ;
;                                                                                      ;                                ; RISCV_processador:cpu|bancoderegistradores:bancoderegistradores_inst|rf_array[4][16],  ;
;                                                                                      ;                                ; RISCV_processador:cpu|bancoderegistradores:bancoderegistradores_inst|rf_array[5][16],  ;
;                                                                                      ;                                ; RISCV_processador:cpu|bancoderegistradores:bancoderegistradores_inst|rf_array[6][16],  ;
;                                                                                      ;                                ; RISCV_processador:cpu|bancoderegistradores:bancoderegistradores_inst|rf_array[7][16],  ;
;                                                                                      ;                                ; RISCV_processador:cpu|bancoderegistradores:bancoderegistradores_inst|rf_array[12][16], ;
;                                                                                      ;                                ; RISCV_processador:cpu|bancoderegistradores:bancoderegistradores_inst|rf_array[13][16], ;
;                                                                                      ;                                ; RISCV_processador:cpu|bancoderegistradores:bancoderegistradores_inst|rf_array[14][16], ;
;                                                                                      ;                                ; RISCV_processador:cpu|bancoderegistradores:bancoderegistradores_inst|rf_array[15][16], ;
;                                                                                      ;                                ; RISCV_processador:cpu|bancoderegistradores:bancoderegistradores_inst|rf_array[20][16], ;
;                                                                                      ;                                ; RISCV_processador:cpu|bancoderegistradores:bancoderegistradores_inst|rf_array[21][16], ;
;                                                                                      ;                                ; RISCV_processador:cpu|bancoderegistradores:bancoderegistradores_inst|rf_array[22][16], ;
;                                                                                      ;                                ; RISCV_processador:cpu|bancoderegistradores:bancoderegistradores_inst|rf_array[23][16], ;
;                                                                                      ;                                ; RISCV_processador:cpu|bancoderegistradores:bancoderegistradores_inst|rf_array[28][16], ;
;                                                                                      ;                                ; RISCV_processador:cpu|bancoderegistradores:bancoderegistradores_inst|rf_array[29][16], ;
;                                                                                      ;                                ; RISCV_processador:cpu|bancoderegistradores:bancoderegistradores_inst|rf_array[30][16], ;
;                                                                                      ;                                ; RISCV_processador:cpu|bancoderegistradores:bancoderegistradores_inst|rf_array[31][16], ;
;                                                                                      ;                                ; RISCV_processador:cpu|bancoderegistradores:bancoderegistradores_inst|rf_array[4][15],  ;
;                                                                                      ;                                ; RISCV_processador:cpu|bancoderegistradores:bancoderegistradores_inst|rf_array[5][15],  ;
;                                                                                      ;                                ; RISCV_processador:cpu|bancoderegistradores:bancoderegistradores_inst|rf_array[6][15],  ;
;                                                                                      ;                                ; RISCV_processador:cpu|bancoderegistradores:bancoderegistradores_inst|rf_array[7][15],  ;
;                                                                                      ;                                ; RISCV_processador:cpu|bancoderegistradores:bancoderegistradores_inst|rf_array[12][15], ;
;                                                                                      ;                                ; RISCV_processador:cpu|bancoderegistradores:bancoderegistradores_inst|rf_array[13][15], ;
;                                                                                      ;                                ; RISCV_processador:cpu|bancoderegistradores:bancoderegistradores_inst|rf_array[14][15], ;
;                                                                                      ;                                ; RISCV_processador:cpu|bancoderegistradores:bancoderegistradores_inst|rf_array[15][15], ;
;                                                                                      ;                                ; RISCV_processador:cpu|bancoderegistradores:bancoderegistradores_inst|rf_array[20][15], ;
;                                                                                      ;                                ; RISCV_processador:cpu|bancoderegistradores:bancoderegistradores_inst|rf_array[21][15], ;
;                                                                                      ;                                ; RISCV_processador:cpu|bancoderegistradores:bancoderegistradores_inst|rf_array[22][15], ;
;                                                                                      ;                                ; RISCV_processador:cpu|bancoderegistradores:bancoderegistradores_inst|rf_array[23][15], ;
;                                                                                      ;                                ; RISCV_processador:cpu|bancoderegistradores:bancoderegistradores_inst|rf_array[28][15], ;
;                                                                                      ;                                ; RISCV_processador:cpu|bancoderegistradores:bancoderegistradores_inst|rf_array[29][15], ;
;                                                                                      ;                                ; RISCV_processador:cpu|bancoderegistradores:bancoderegistradores_inst|rf_array[30][15], ;
;                                                                                      ;                                ; RISCV_processador:cpu|bancoderegistradores:bancoderegistradores_inst|rf_array[31][15], ;
;                                                                                      ;                                ; RISCV_processador:cpu|bancoderegistradores:bancoderegistradores_inst|rf_array[4][13],  ;
;                                                                                      ;                                ; RISCV_processador:cpu|bancoderegistradores:bancoderegistradores_inst|rf_array[5][13],  ;
;                                                                                      ;                                ; RISCV_processador:cpu|bancoderegistradores:bancoderegistradores_inst|rf_array[6][13],  ;
;                                                                                      ;                                ; RISCV_processador:cpu|bancoderegistradores:bancoderegistradores_inst|rf_array[7][13],  ;
;                                                                                      ;                                ; RISCV_processador:cpu|bancoderegistradores:bancoderegistradores_inst|rf_array[12][13], ;
;                                                                                      ;                                ; RISCV_processador:cpu|bancoderegistradores:bancoderegistradores_inst|rf_array[13][13], ;
;                                                                                      ;                                ; RISCV_processador:cpu|bancoderegistradores:bancoderegistradores_inst|rf_array[14][13], ;
;                                                                                      ;                                ; RISCV_processador:cpu|bancoderegistradores:bancoderegistradores_inst|rf_array[15][13], ;
;                                                                                      ;                                ; RISCV_processador:cpu|bancoderegistradores:bancoderegistradores_inst|rf_array[20][13], ;
;                                                                                      ;                                ; RISCV_processador:cpu|bancoderegistradores:bancoderegistradores_inst|rf_array[21][13], ;
;                                                                                      ;                                ; RISCV_processador:cpu|bancoderegistradores:bancoderegistradores_inst|rf_array[22][13], ;
;                                                                                      ;                                ; RISCV_processador:cpu|bancoderegistradores:bancoderegistradores_inst|rf_array[23][13], ;
;                                                                                      ;                                ; RISCV_processador:cpu|bancoderegistradores:bancoderegistradores_inst|rf_array[28][13], ;
;                                                                                      ;                                ; RISCV_processador:cpu|bancoderegistradores:bancoderegistradores_inst|rf_array[29][13], ;
;                                                                                      ;                                ; RISCV_processador:cpu|bancoderegistradores:bancoderegistradores_inst|rf_array[30][13], ;
;                                                                                      ;                                ; RISCV_processador:cpu|bancoderegistradores:bancoderegistradores_inst|rf_array[31][13], ;
;                                                                                      ;                                ; RISCV_processador:cpu|bancoderegistradores:bancoderegistradores_inst|rf_array[4][11],  ;
;                                                                                      ;                                ; RISCV_processador:cpu|bancoderegistradores:bancoderegistradores_inst|rf_array[5][11],  ;
;                                                                                      ;                                ; RISCV_processador:cpu|bancoderegistradores:bancoderegistradores_inst|rf_array[6][11],  ;
;                                                                                      ;                                ; RISCV_processador:cpu|bancoderegistradores:bancoderegistradores_inst|rf_array[7][11],  ;
;                                                                                      ;                                ; RISCV_processador:cpu|bancoderegistradores:bancoderegistradores_inst|rf_array[12][11], ;
;                                                                                      ;                                ; RISCV_processador:cpu|bancoderegistradores:bancoderegistradores_inst|rf_array[13][11], ;
;                                                                                      ;                                ; RISCV_processador:cpu|bancoderegistradores:bancoderegistradores_inst|rf_array[14][11], ;
;                                                                                      ;                                ; RISCV_processador:cpu|bancoderegistradores:bancoderegistradores_inst|rf_array[15][11], ;
;                                                                                      ;                                ; RISCV_processador:cpu|bancoderegistradores:bancoderegistradores_inst|rf_array[20][11], ;
;                                                                                      ;                                ; RISCV_processador:cpu|bancoderegistradores:bancoderegistradores_inst|rf_array[21][11], ;
;                                                                                      ;                                ; RISCV_processador:cpu|bancoderegistradores:bancoderegistradores_inst|rf_array[22][11], ;
;                                                                                      ;                                ; RISCV_processador:cpu|bancoderegistradores:bancoderegistradores_inst|rf_array[23][11], ;
;                                                                                      ;                                ; RISCV_processador:cpu|bancoderegistradores:bancoderegistradores_inst|rf_array[28][11], ;
;                                                                                      ;                                ; RISCV_processador:cpu|bancoderegistradores:bancoderegistradores_inst|rf_array[29][11], ;
;                                                                                      ;                                ; RISCV_processador:cpu|bancoderegistradores:bancoderegistradores_inst|rf_array[30][11], ;
;                                                                                      ;                                ; RISCV_processador:cpu|bancoderegistradores:bancoderegistradores_inst|rf_array[31][11], ;
;                                                                                      ;                                ; RISCV_processador:cpu|bancoderegistradores:bancoderegistradores_inst|rf_array[4][9],   ;
;                                                                                      ;                                ; RISCV_processador:cpu|bancoderegistradores:bancoderegistradores_inst|rf_array[5][9],   ;
;                                                                                      ;                                ; RISCV_processador:cpu|bancoderegistradores:bancoderegistradores_inst|rf_array[6][9],   ;
;                                                                                      ;                                ; RISCV_processador:cpu|bancoderegistradores:bancoderegistradores_inst|rf_array[7][9],   ;
;                                                                                      ;                                ; RISCV_processador:cpu|bancoderegistradores:bancoderegistradores_inst|rf_array[12][9],  ;
;                                                                                      ;                                ; RISCV_processador:cpu|bancoderegistradores:bancoderegistradores_inst|rf_array[13][9],  ;
;                                                                                      ;                                ; RISCV_processador:cpu|bancoderegistradores:bancoderegistradores_inst|rf_array[14][9],  ;
;                                                                                      ;                                ; RISCV_processador:cpu|bancoderegistradores:bancoderegistradores_inst|rf_array[15][9],  ;
;                                                                                      ;                                ; RISCV_processador:cpu|bancoderegistradores:bancoderegistradores_inst|rf_array[20][9],  ;
;                                                                                      ;                                ; RISCV_processador:cpu|bancoderegistradores:bancoderegistradores_inst|rf_array[21][9],  ;
;                                                                                      ;                                ; RISCV_processador:cpu|bancoderegistradores:bancoderegistradores_inst|rf_array[22][9],  ;
;                                                                                      ;                                ; RISCV_processador:cpu|bancoderegistradores:bancoderegistradores_inst|rf_array[23][9],  ;
;                                                                                      ;                                ; RISCV_processador:cpu|bancoderegistradores:bancoderegistradores_inst|rf_array[28][9],  ;
;                                                                                      ;                                ; RISCV_processador:cpu|bancoderegistradores:bancoderegistradores_inst|rf_array[29][9],  ;
;                                                                                      ;                                ; RISCV_processador:cpu|bancoderegistradores:bancoderegistradores_inst|rf_array[30][9],  ;
;                                                                                      ;                                ; RISCV_processador:cpu|bancoderegistradores:bancoderegistradores_inst|rf_array[31][9],  ;
;                                                                                      ;                                ; RISCV_processador:cpu|bancoderegistradores:bancoderegistradores_inst|rf_array[4][7],   ;
;                                                                                      ;                                ; RISCV_processador:cpu|bancoderegistradores:bancoderegistradores_inst|rf_array[5][7],   ;
;                                                                                      ;                                ; RISCV_processador:cpu|bancoderegistradores:bancoderegistradores_inst|rf_array[6][7],   ;
;                                                                                      ;                                ; RISCV_processador:cpu|bancoderegistradores:bancoderegistradores_inst|rf_array[7][7],   ;
;                                                                                      ;                                ; RISCV_processador:cpu|bancoderegistradores:bancoderegistradores_inst|rf_array[12][7],  ;
;                                                                                      ;                                ; RISCV_processador:cpu|bancoderegistradores:bancoderegistradores_inst|rf_array[13][7],  ;
;                                                                                      ;                                ; RISCV_processador:cpu|bancoderegistradores:bancoderegistradores_inst|rf_array[14][7],  ;
;                                                                                      ;                                ; RISCV_processador:cpu|bancoderegistradores:bancoderegistradores_inst|rf_array[15][7],  ;
;                                                                                      ;                                ; RISCV_processador:cpu|bancoderegistradores:bancoderegistradores_inst|rf_array[20][7],  ;
;                                                                                      ;                                ; RISCV_processador:cpu|bancoderegistradores:bancoderegistradores_inst|rf_array[21][7],  ;
;                                                                                      ;                                ; RISCV_processador:cpu|bancoderegistradores:bancoderegistradores_inst|rf_array[22][7],  ;
;                                                                                      ;                                ; RISCV_processador:cpu|bancoderegistradores:bancoderegistradores_inst|rf_array[23][7],  ;
;                                                                                      ;                                ; RISCV_processador:cpu|bancoderegistradores:bancoderegistradores_inst|rf_array[28][7],  ;
;                                                                                      ;                                ; RISCV_processador:cpu|bancoderegistradores:bancoderegistradores_inst|rf_array[29][7],  ;
;                                                                                      ;                                ; RISCV_processador:cpu|bancoderegistradores:bancoderegistradores_inst|rf_array[30][7],  ;
;                                                                                      ;                                ; RISCV_processador:cpu|bancoderegistradores:bancoderegistradores_inst|rf_array[31][7],  ;
;                                                                                      ;                                ; RISCV_processador:cpu|bancoderegistradores:bancoderegistradores_inst|rf_array[4][5],   ;
;                                                                                      ;                                ; RISCV_processador:cpu|bancoderegistradores:bancoderegistradores_inst|rf_array[5][5],   ;
;                                                                                      ;                                ; RISCV_processador:cpu|bancoderegistradores:bancoderegistradores_inst|rf_array[6][5],   ;
;                                                                                      ;                                ; RISCV_processador:cpu|bancoderegistradores:bancoderegistradores_inst|rf_array[7][5],   ;
;                                                                                      ;                                ; RISCV_processador:cpu|bancoderegistradores:bancoderegistradores_inst|rf_array[12][5],  ;
;                                                                                      ;                                ; RISCV_processador:cpu|bancoderegistradores:bancoderegistradores_inst|rf_array[13][5],  ;
;                                                                                      ;                                ; RISCV_processador:cpu|bancoderegistradores:bancoderegistradores_inst|rf_array[14][5],  ;
;                                                                                      ;                                ; RISCV_processador:cpu|bancoderegistradores:bancoderegistradores_inst|rf_array[15][5],  ;
;                                                                                      ;                                ; RISCV_processador:cpu|bancoderegistradores:bancoderegistradores_inst|rf_array[20][5],  ;
;                                                                                      ;                                ; RISCV_processador:cpu|bancoderegistradores:bancoderegistradores_inst|rf_array[21][5],  ;
;                                                                                      ;                                ; RISCV_processador:cpu|bancoderegistradores:bancoderegistradores_inst|rf_array[22][5],  ;
;                                                                                      ;                                ; RISCV_processador:cpu|bancoderegistradores:bancoderegistradores_inst|rf_array[23][5],  ;
;                                                                                      ;                                ; RISCV_processador:cpu|bancoderegistradores:bancoderegistradores_inst|rf_array[28][5],  ;
;                                                                                      ;                                ; RISCV_processador:cpu|bancoderegistradores:bancoderegistradores_inst|rf_array[29][5],  ;
;                                                                                      ;                                ; RISCV_processador:cpu|bancoderegistradores:bancoderegistradores_inst|rf_array[30][5],  ;
;                                                                                      ;                                ; RISCV_processador:cpu|bancoderegistradores:bancoderegistradores_inst|rf_array[31][5],  ;
;                                                                                      ;                                ; RISCV_processador:cpu|bancoderegistradores:bancoderegistradores_inst|rf_array[4][3],   ;
;                                                                                      ;                                ; RISCV_processador:cpu|bancoderegistradores:bancoderegistradores_inst|rf_array[5][3],   ;
;                                                                                      ;                                ; RISCV_processador:cpu|bancoderegistradores:bancoderegistradores_inst|rf_array[6][3],   ;
;                                                                                      ;                                ; RISCV_processador:cpu|bancoderegistradores:bancoderegistradores_inst|rf_array[7][3],   ;
;                                                                                      ;                                ; RISCV_processador:cpu|bancoderegistradores:bancoderegistradores_inst|rf_array[12][3],  ;
;                                                                                      ;                                ; RISCV_processador:cpu|bancoderegistradores:bancoderegistradores_inst|rf_array[13][3],  ;
;                                                                                      ;                                ; RISCV_processador:cpu|bancoderegistradores:bancoderegistradores_inst|rf_array[14][3],  ;
;                                                                                      ;                                ; RISCV_processador:cpu|bancoderegistradores:bancoderegistradores_inst|rf_array[15][3],  ;
;                                                                                      ;                                ; RISCV_processador:cpu|bancoderegistradores:bancoderegistradores_inst|rf_array[20][3],  ;
;                                                                                      ;                                ; RISCV_processador:cpu|bancoderegistradores:bancoderegistradores_inst|rf_array[21][3],  ;
;                                                                                      ;                                ; RISCV_processador:cpu|bancoderegistradores:bancoderegistradores_inst|rf_array[22][3],  ;
;                                                                                      ;                                ; RISCV_processador:cpu|bancoderegistradores:bancoderegistradores_inst|rf_array[23][3],  ;
;                                                                                      ;                                ; RISCV_processador:cpu|bancoderegistradores:bancoderegistradores_inst|rf_array[28][3],  ;
;                                                                                      ;                                ; RISCV_processador:cpu|bancoderegistradores:bancoderegistradores_inst|rf_array[29][3],  ;
;                                                                                      ;                                ; RISCV_processador:cpu|bancoderegistradores:bancoderegistradores_inst|rf_array[30][3],  ;
;                                                                                      ;                                ; RISCV_processador:cpu|bancoderegistradores:bancoderegistradores_inst|rf_array[31][3],  ;
;                                                                                      ;                                ; RISCV_processador:cpu|bancoderegistradores:bancoderegistradores_inst|rf_array[4][0],   ;
;                                                                                      ;                                ; RISCV_processador:cpu|bancoderegistradores:bancoderegistradores_inst|rf_array[5][0],   ;
;                                                                                      ;                                ; RISCV_processador:cpu|bancoderegistradores:bancoderegistradores_inst|rf_array[6][0],   ;
;                                                                                      ;                                ; RISCV_processador:cpu|bancoderegistradores:bancoderegistradores_inst|rf_array[7][0],   ;
;                                                                                      ;                                ; RISCV_processador:cpu|bancoderegistradores:bancoderegistradores_inst|rf_array[12][0],  ;
;                                                                                      ;                                ; RISCV_processador:cpu|bancoderegistradores:bancoderegistradores_inst|rf_array[13][0],  ;
;                                                                                      ;                                ; RISCV_processador:cpu|bancoderegistradores:bancoderegistradores_inst|rf_array[14][0],  ;
;                                                                                      ;                                ; RISCV_processador:cpu|bancoderegistradores:bancoderegistradores_inst|rf_array[15][0],  ;
;                                                                                      ;                                ; RISCV_processador:cpu|bancoderegistradores:bancoderegistradores_inst|rf_array[20][0],  ;
;                                                                                      ;                                ; RISCV_processador:cpu|bancoderegistradores:bancoderegistradores_inst|rf_array[21][0],  ;
;                                                                                      ;                                ; RISCV_processador:cpu|bancoderegistradores:bancoderegistradores_inst|rf_array[22][0],  ;
;                                                                                      ;                                ; RISCV_processador:cpu|bancoderegistradores:bancoderegistradores_inst|rf_array[23][0],  ;
;                                                                                      ;                                ; RISCV_processador:cpu|bancoderegistradores:bancoderegistradores_inst|rf_array[28][0],  ;
;                                                                                      ;                                ; RISCV_processador:cpu|bancoderegistradores:bancoderegistradores_inst|rf_array[29][0],  ;
;                                                                                      ;                                ; RISCV_processador:cpu|bancoderegistradores:bancoderegistradores_inst|rf_array[30][0],  ;
;                                                                                      ;                                ; RISCV_processador:cpu|bancoderegistradores:bancoderegistradores_inst|rf_array[31][0],  ;
;                                                                                      ;                                ; RISCV_processador:cpu|bancoderegistradores:bancoderegistradores_inst|rf_array[0][0],   ;
;                                                                                      ;                                ; RISCV_processador:cpu|bancoderegistradores:bancoderegistradores_inst|rf_array[3][0],   ;
;                                                                                      ;                                ; RISCV_processador:cpu|bancoderegistradores:bancoderegistradores_inst|rf_array[3][31],  ;
;                                                                                      ;                                ; RISCV_processador:cpu|bancoderegistradores:bancoderegistradores_inst|rf_array[0][17],  ;
;                                                                                      ;                                ; RISCV_processador:cpu|bancoderegistradores:bancoderegistradores_inst|rf_array[3][17],  ;
;                                                                                      ;                                ; RISCV_processador:cpu|bancoderegistradores:bancoderegistradores_inst|rf_array[0][16],  ;
;                                                                                      ;                                ; RISCV_processador:cpu|bancoderegistradores:bancoderegistradores_inst|rf_array[3][16],  ;
;                                                                                      ;                                ; RISCV_processador:cpu|bancoderegistradores:bancoderegistradores_inst|rf_array[0][15],  ;
;                                                                                      ;                                ; RISCV_processador:cpu|bancoderegistradores:bancoderegistradores_inst|rf_array[3][15],  ;
;                                                                                      ;                                ; RISCV_processador:cpu|bancoderegistradores:bancoderegistradores_inst|rf_array[0][13],  ;
;                                                                                      ;                                ; RISCV_processador:cpu|bancoderegistradores:bancoderegistradores_inst|rf_array[3][13],  ;
;                                                                                      ;                                ; RISCV_processador:cpu|bancoderegistradores:bancoderegistradores_inst|rf_array[0][11],  ;
;                                                                                      ;                                ; RISCV_processador:cpu|bancoderegistradores:bancoderegistradores_inst|rf_array[3][11],  ;
;                                                                                      ;                                ; RISCV_processador:cpu|bancoderegistradores:bancoderegistradores_inst|rf_array[0][9],   ;
;                                                                                      ;                                ; RISCV_processador:cpu|bancoderegistradores:bancoderegistradores_inst|rf_array[3][9],   ;
;                                                                                      ;                                ; RISCV_processador:cpu|bancoderegistradores:bancoderegistradores_inst|rf_array[0][7],   ;
;                                                                                      ;                                ; RISCV_processador:cpu|bancoderegistradores:bancoderegistradores_inst|rf_array[3][7],   ;
;                                                                                      ;                                ; RISCV_processador:cpu|bancoderegistradores:bancoderegistradores_inst|rf_array[0][5],   ;
;                                                                                      ;                                ; RISCV_processador:cpu|bancoderegistradores:bancoderegistradores_inst|rf_array[3][5],   ;
;                                                                                      ;                                ; RISCV_processador:cpu|bancoderegistradores:bancoderegistradores_inst|rf_array[0][3],   ;
;                                                                                      ;                                ; RISCV_processador:cpu|bancoderegistradores:bancoderegistradores_inst|rf_array[3][3],   ;
;                                                                                      ;                                ; RISCV_processador:cpu|bancoderegistradores:bancoderegistradores_inst|rf_array[0][1],   ;
;                                                                                      ;                                ; RISCV_processador:cpu|bancoderegistradores:bancoderegistradores_inst|rf_array[1][0],   ;
;                                                                                      ;                                ; RISCV_processador:cpu|bancoderegistradores:bancoderegistradores_inst|rf_array[2][0],   ;
;                                                                                      ;                                ; RISCV_processador:cpu|bancoderegistradores:bancoderegistradores_inst|rf_array[1][17],  ;
;                                                                                      ;                                ; RISCV_processador:cpu|bancoderegistradores:bancoderegistradores_inst|rf_array[2][17],  ;
;                                                                                      ;                                ; RISCV_processador:cpu|bancoderegistradores:bancoderegistradores_inst|rf_array[1][16],  ;
;                                                                                      ;                                ; RISCV_processador:cpu|bancoderegistradores:bancoderegistradores_inst|rf_array[2][16],  ;
;                                                                                      ;                                ; RISCV_processador:cpu|bancoderegistradores:bancoderegistradores_inst|rf_array[1][15],  ;
;                                                                                      ;                                ; RISCV_processador:cpu|bancoderegistradores:bancoderegistradores_inst|rf_array[2][15],  ;
;                                                                                      ;                                ; RISCV_processador:cpu|bancoderegistradores:bancoderegistradores_inst|rf_array[1][13],  ;
;                                                                                      ;                                ; RISCV_processador:cpu|bancoderegistradores:bancoderegistradores_inst|rf_array[2][13],  ;
;                                                                                      ;                                ; RISCV_processador:cpu|bancoderegistradores:bancoderegistradores_inst|rf_array[1][11],  ;
;                                                                                      ;                                ; RISCV_processador:cpu|bancoderegistradores:bancoderegistradores_inst|rf_array[2][11],  ;
;                                                                                      ;                                ; RISCV_processador:cpu|bancoderegistradores:bancoderegistradores_inst|rf_array[1][9],   ;
;                                                                                      ;                                ; RISCV_processador:cpu|bancoderegistradores:bancoderegistradores_inst|rf_array[2][9],   ;
;                                                                                      ;                                ; RISCV_processador:cpu|bancoderegistradores:bancoderegistradores_inst|rf_array[1][7],   ;
;                                                                                      ;                                ; RISCV_processador:cpu|bancoderegistradores:bancoderegistradores_inst|rf_array[2][7],   ;
;                                                                                      ;                                ; RISCV_processador:cpu|bancoderegistradores:bancoderegistradores_inst|rf_array[1][5],   ;
;                                                                                      ;                                ; RISCV_processador:cpu|bancoderegistradores:bancoderegistradores_inst|rf_array[2][5],   ;
;                                                                                      ;                                ; RISCV_processador:cpu|bancoderegistradores:bancoderegistradores_inst|rf_array[1][3],   ;
;                                                                                      ;                                ; RISCV_processador:cpu|bancoderegistradores:bancoderegistradores_inst|rf_array[2][3],   ;
;                                                                                      ;                                ; RISCV_processador:cpu|bancoderegistradores:bancoderegistradores_inst|rf_array[1][1],   ;
;                                                                                      ;                                ; RISCV_processador:cpu|bancoderegistradores:bancoderegistradores_inst|rf_array[2][1]    ;
; input_device:input_unit|captured_data[30]                                            ; Stuck at GND                   ; RISCV_processador:cpu|bancoderegistradores:bancoderegistradores_inst|rf_array[4][30],  ;
;                                                                                      ; due to stuck port data_in      ; RISCV_processador:cpu|bancoderegistradores:bancoderegistradores_inst|rf_array[5][30],  ;
;                                                                                      ;                                ; RISCV_processador:cpu|bancoderegistradores:bancoderegistradores_inst|rf_array[6][30],  ;
;                                                                                      ;                                ; RISCV_processador:cpu|bancoderegistradores:bancoderegistradores_inst|rf_array[7][30],  ;
;                                                                                      ;                                ; RISCV_processador:cpu|bancoderegistradores:bancoderegistradores_inst|rf_array[12][30], ;
;                                                                                      ;                                ; RISCV_processador:cpu|bancoderegistradores:bancoderegistradores_inst|rf_array[13][30], ;
;                                                                                      ;                                ; RISCV_processador:cpu|bancoderegistradores:bancoderegistradores_inst|rf_array[14][30], ;
;                                                                                      ;                                ; RISCV_processador:cpu|bancoderegistradores:bancoderegistradores_inst|rf_array[15][30], ;
;                                                                                      ;                                ; RISCV_processador:cpu|bancoderegistradores:bancoderegistradores_inst|rf_array[20][30], ;
;                                                                                      ;                                ; RISCV_processador:cpu|bancoderegistradores:bancoderegistradores_inst|rf_array[21][30], ;
;                                                                                      ;                                ; RISCV_processador:cpu|bancoderegistradores:bancoderegistradores_inst|rf_array[22][30], ;
;                                                                                      ;                                ; RISCV_processador:cpu|bancoderegistradores:bancoderegistradores_inst|rf_array[23][30], ;
;                                                                                      ;                                ; RISCV_processador:cpu|bancoderegistradores:bancoderegistradores_inst|rf_array[28][30], ;
;                                                                                      ;                                ; RISCV_processador:cpu|bancoderegistradores:bancoderegistradores_inst|rf_array[29][30], ;
;                                                                                      ;                                ; RISCV_processador:cpu|bancoderegistradores:bancoderegistradores_inst|rf_array[30][30], ;
;                                                                                      ;                                ; RISCV_processador:cpu|bancoderegistradores:bancoderegistradores_inst|rf_array[31][30], ;
;                                                                                      ;                                ; RISCV_processador:cpu|bancoderegistradores:bancoderegistradores_inst|rf_array[4][14],  ;
;                                                                                      ;                                ; RISCV_processador:cpu|bancoderegistradores:bancoderegistradores_inst|rf_array[5][14],  ;
;                                                                                      ;                                ; RISCV_processador:cpu|bancoderegistradores:bancoderegistradores_inst|rf_array[6][14],  ;
;                                                                                      ;                                ; RISCV_processador:cpu|bancoderegistradores:bancoderegistradores_inst|rf_array[7][14],  ;
;                                                                                      ;                                ; RISCV_processador:cpu|bancoderegistradores:bancoderegistradores_inst|rf_array[12][14], ;
;                                                                                      ;                                ; RISCV_processador:cpu|bancoderegistradores:bancoderegistradores_inst|rf_array[13][14], ;
;                                                                                      ;                                ; RISCV_processador:cpu|bancoderegistradores:bancoderegistradores_inst|rf_array[14][14], ;
;                                                                                      ;                                ; RISCV_processador:cpu|bancoderegistradores:bancoderegistradores_inst|rf_array[15][14], ;
;                                                                                      ;                                ; RISCV_processador:cpu|bancoderegistradores:bancoderegistradores_inst|rf_array[20][14], ;
;                                                                                      ;                                ; RISCV_processador:cpu|bancoderegistradores:bancoderegistradores_inst|rf_array[21][14], ;
;                                                                                      ;                                ; RISCV_processador:cpu|bancoderegistradores:bancoderegistradores_inst|rf_array[22][14], ;
;                                                                                      ;                                ; RISCV_processador:cpu|bancoderegistradores:bancoderegistradores_inst|rf_array[23][14], ;
;                                                                                      ;                                ; RISCV_processador:cpu|bancoderegistradores:bancoderegistradores_inst|rf_array[28][14], ;
;                                                                                      ;                                ; RISCV_processador:cpu|bancoderegistradores:bancoderegistradores_inst|rf_array[29][14], ;
;                                                                                      ;                                ; RISCV_processador:cpu|bancoderegistradores:bancoderegistradores_inst|rf_array[30][14], ;
;                                                                                      ;                                ; RISCV_processador:cpu|bancoderegistradores:bancoderegistradores_inst|rf_array[31][14], ;
;                                                                                      ;                                ; RISCV_processador:cpu|bancoderegistradores:bancoderegistradores_inst|rf_array[4][12],  ;
;                                                                                      ;                                ; RISCV_processador:cpu|bancoderegistradores:bancoderegistradores_inst|rf_array[5][12],  ;
;                                                                                      ;                                ; RISCV_processador:cpu|bancoderegistradores:bancoderegistradores_inst|rf_array[6][12],  ;
;                                                                                      ;                                ; RISCV_processador:cpu|bancoderegistradores:bancoderegistradores_inst|rf_array[7][12],  ;
;                                                                                      ;                                ; RISCV_processador:cpu|bancoderegistradores:bancoderegistradores_inst|rf_array[12][12], ;
;                                                                                      ;                                ; RISCV_processador:cpu|bancoderegistradores:bancoderegistradores_inst|rf_array[13][12], ;
;                                                                                      ;                                ; RISCV_processador:cpu|bancoderegistradores:bancoderegistradores_inst|rf_array[14][12], ;
;                                                                                      ;                                ; RISCV_processador:cpu|bancoderegistradores:bancoderegistradores_inst|rf_array[15][12], ;
;                                                                                      ;                                ; RISCV_processador:cpu|bancoderegistradores:bancoderegistradores_inst|rf_array[20][12], ;
;                                                                                      ;                                ; RISCV_processador:cpu|bancoderegistradores:bancoderegistradores_inst|rf_array[21][12], ;
;                                                                                      ;                                ; RISCV_processador:cpu|bancoderegistradores:bancoderegistradores_inst|rf_array[22][12], ;
;                                                                                      ;                                ; RISCV_processador:cpu|bancoderegistradores:bancoderegistradores_inst|rf_array[23][12], ;
;                                                                                      ;                                ; RISCV_processador:cpu|bancoderegistradores:bancoderegistradores_inst|rf_array[28][12], ;
;                                                                                      ;                                ; RISCV_processador:cpu|bancoderegistradores:bancoderegistradores_inst|rf_array[29][12], ;
;                                                                                      ;                                ; RISCV_processador:cpu|bancoderegistradores:bancoderegistradores_inst|rf_array[30][12], ;
;                                                                                      ;                                ; RISCV_processador:cpu|bancoderegistradores:bancoderegistradores_inst|rf_array[31][12], ;
;                                                                                      ;                                ; RISCV_processador:cpu|bancoderegistradores:bancoderegistradores_inst|rf_array[4][10],  ;
;                                                                                      ;                                ; RISCV_processador:cpu|bancoderegistradores:bancoderegistradores_inst|rf_array[5][10],  ;
;                                                                                      ;                                ; RISCV_processador:cpu|bancoderegistradores:bancoderegistradores_inst|rf_array[6][10],  ;
;                                                                                      ;                                ; RISCV_processador:cpu|bancoderegistradores:bancoderegistradores_inst|rf_array[7][10],  ;
;                                                                                      ;                                ; RISCV_processador:cpu|bancoderegistradores:bancoderegistradores_inst|rf_array[12][10], ;
;                                                                                      ;                                ; RISCV_processador:cpu|bancoderegistradores:bancoderegistradores_inst|rf_array[13][10], ;
;                                                                                      ;                                ; RISCV_processador:cpu|bancoderegistradores:bancoderegistradores_inst|rf_array[14][10], ;
;                                                                                      ;                                ; RISCV_processador:cpu|bancoderegistradores:bancoderegistradores_inst|rf_array[15][10], ;
;                                                                                      ;                                ; RISCV_processador:cpu|bancoderegistradores:bancoderegistradores_inst|rf_array[20][10], ;
;                                                                                      ;                                ; RISCV_processador:cpu|bancoderegistradores:bancoderegistradores_inst|rf_array[21][10], ;
;                                                                                      ;                                ; RISCV_processador:cpu|bancoderegistradores:bancoderegistradores_inst|rf_array[22][10], ;
;                                                                                      ;                                ; RISCV_processador:cpu|bancoderegistradores:bancoderegistradores_inst|rf_array[23][10], ;
;                                                                                      ;                                ; RISCV_processador:cpu|bancoderegistradores:bancoderegistradores_inst|rf_array[28][10], ;
;                                                                                      ;                                ; RISCV_processador:cpu|bancoderegistradores:bancoderegistradores_inst|rf_array[29][10], ;
;                                                                                      ;                                ; RISCV_processador:cpu|bancoderegistradores:bancoderegistradores_inst|rf_array[30][10], ;
;                                                                                      ;                                ; RISCV_processador:cpu|bancoderegistradores:bancoderegistradores_inst|rf_array[31][10], ;
;                                                                                      ;                                ; RISCV_processador:cpu|bancoderegistradores:bancoderegistradores_inst|rf_array[4][8],   ;
;                                                                                      ;                                ; RISCV_processador:cpu|bancoderegistradores:bancoderegistradores_inst|rf_array[5][8],   ;
;                                                                                      ;                                ; RISCV_processador:cpu|bancoderegistradores:bancoderegistradores_inst|rf_array[6][8],   ;
;                                                                                      ;                                ; RISCV_processador:cpu|bancoderegistradores:bancoderegistradores_inst|rf_array[7][8],   ;
;                                                                                      ;                                ; RISCV_processador:cpu|bancoderegistradores:bancoderegistradores_inst|rf_array[12][8],  ;
;                                                                                      ;                                ; RISCV_processador:cpu|bancoderegistradores:bancoderegistradores_inst|rf_array[13][8],  ;
;                                                                                      ;                                ; RISCV_processador:cpu|bancoderegistradores:bancoderegistradores_inst|rf_array[14][8],  ;
;                                                                                      ;                                ; RISCV_processador:cpu|bancoderegistradores:bancoderegistradores_inst|rf_array[15][8],  ;
;                                                                                      ;                                ; RISCV_processador:cpu|bancoderegistradores:bancoderegistradores_inst|rf_array[20][8],  ;
;                                                                                      ;                                ; RISCV_processador:cpu|bancoderegistradores:bancoderegistradores_inst|rf_array[21][8],  ;
;                                                                                      ;                                ; RISCV_processador:cpu|bancoderegistradores:bancoderegistradores_inst|rf_array[22][8],  ;
;                                                                                      ;                                ; RISCV_processador:cpu|bancoderegistradores:bancoderegistradores_inst|rf_array[23][8],  ;
;                                                                                      ;                                ; RISCV_processador:cpu|bancoderegistradores:bancoderegistradores_inst|rf_array[28][8],  ;
;                                                                                      ;                                ; RISCV_processador:cpu|bancoderegistradores:bancoderegistradores_inst|rf_array[29][8],  ;
;                                                                                      ;                                ; RISCV_processador:cpu|bancoderegistradores:bancoderegistradores_inst|rf_array[30][8],  ;
;                                                                                      ;                                ; RISCV_processador:cpu|bancoderegistradores:bancoderegistradores_inst|rf_array[31][8],  ;
;                                                                                      ;                                ; RISCV_processador:cpu|bancoderegistradores:bancoderegistradores_inst|rf_array[4][6],   ;
;                                                                                      ;                                ; RISCV_processador:cpu|bancoderegistradores:bancoderegistradores_inst|rf_array[5][6],   ;
;                                                                                      ;                                ; RISCV_processador:cpu|bancoderegistradores:bancoderegistradores_inst|rf_array[6][6],   ;
;                                                                                      ;                                ; RISCV_processador:cpu|bancoderegistradores:bancoderegistradores_inst|rf_array[7][6],   ;
;                                                                                      ;                                ; RISCV_processador:cpu|bancoderegistradores:bancoderegistradores_inst|rf_array[12][6],  ;
;                                                                                      ;                                ; RISCV_processador:cpu|bancoderegistradores:bancoderegistradores_inst|rf_array[13][6],  ;
;                                                                                      ;                                ; RISCV_processador:cpu|bancoderegistradores:bancoderegistradores_inst|rf_array[14][6],  ;
;                                                                                      ;                                ; RISCV_processador:cpu|bancoderegistradores:bancoderegistradores_inst|rf_array[15][6],  ;
;                                                                                      ;                                ; RISCV_processador:cpu|bancoderegistradores:bancoderegistradores_inst|rf_array[20][6],  ;
;                                                                                      ;                                ; RISCV_processador:cpu|bancoderegistradores:bancoderegistradores_inst|rf_array[21][6],  ;
;                                                                                      ;                                ; RISCV_processador:cpu|bancoderegistradores:bancoderegistradores_inst|rf_array[22][6],  ;
;                                                                                      ;                                ; RISCV_processador:cpu|bancoderegistradores:bancoderegistradores_inst|rf_array[23][6],  ;
;                                                                                      ;                                ; RISCV_processador:cpu|bancoderegistradores:bancoderegistradores_inst|rf_array[28][6],  ;
;                                                                                      ;                                ; RISCV_processador:cpu|bancoderegistradores:bancoderegistradores_inst|rf_array[29][6],  ;
;                                                                                      ;                                ; RISCV_processador:cpu|bancoderegistradores:bancoderegistradores_inst|rf_array[30][6],  ;
;                                                                                      ;                                ; RISCV_processador:cpu|bancoderegistradores:bancoderegistradores_inst|rf_array[31][6],  ;
;                                                                                      ;                                ; RISCV_processador:cpu|bancoderegistradores:bancoderegistradores_inst|rf_array[4][4],   ;
;                                                                                      ;                                ; RISCV_processador:cpu|bancoderegistradores:bancoderegistradores_inst|rf_array[5][4],   ;
;                                                                                      ;                                ; RISCV_processador:cpu|bancoderegistradores:bancoderegistradores_inst|rf_array[6][4],   ;
;                                                                                      ;                                ; RISCV_processador:cpu|bancoderegistradores:bancoderegistradores_inst|rf_array[7][4],   ;
;                                                                                      ;                                ; RISCV_processador:cpu|bancoderegistradores:bancoderegistradores_inst|rf_array[12][4],  ;
;                                                                                      ;                                ; RISCV_processador:cpu|bancoderegistradores:bancoderegistradores_inst|rf_array[13][4],  ;
;                                                                                      ;                                ; RISCV_processador:cpu|bancoderegistradores:bancoderegistradores_inst|rf_array[14][4],  ;
;                                                                                      ;                                ; RISCV_processador:cpu|bancoderegistradores:bancoderegistradores_inst|rf_array[15][4],  ;
;                                                                                      ;                                ; RISCV_processador:cpu|bancoderegistradores:bancoderegistradores_inst|rf_array[20][4],  ;
;                                                                                      ;                                ; RISCV_processador:cpu|bancoderegistradores:bancoderegistradores_inst|rf_array[21][4],  ;
;                                                                                      ;                                ; RISCV_processador:cpu|bancoderegistradores:bancoderegistradores_inst|rf_array[22][4],  ;
;                                                                                      ;                                ; RISCV_processador:cpu|bancoderegistradores:bancoderegistradores_inst|rf_array[23][4],  ;
;                                                                                      ;                                ; RISCV_processador:cpu|bancoderegistradores:bancoderegistradores_inst|rf_array[28][4],  ;
;                                                                                      ;                                ; RISCV_processador:cpu|bancoderegistradores:bancoderegistradores_inst|rf_array[29][4],  ;
;                                                                                      ;                                ; RISCV_processador:cpu|bancoderegistradores:bancoderegistradores_inst|rf_array[30][4],  ;
;                                                                                      ;                                ; RISCV_processador:cpu|bancoderegistradores:bancoderegistradores_inst|rf_array[31][4],  ;
;                                                                                      ;                                ; RISCV_processador:cpu|bancoderegistradores:bancoderegistradores_inst|rf_array[4][2],   ;
;                                                                                      ;                                ; RISCV_processador:cpu|bancoderegistradores:bancoderegistradores_inst|rf_array[5][2],   ;
;                                                                                      ;                                ; RISCV_processador:cpu|bancoderegistradores:bancoderegistradores_inst|rf_array[6][2],   ;
;                                                                                      ;                                ; RISCV_processador:cpu|bancoderegistradores:bancoderegistradores_inst|rf_array[7][2],   ;
;                                                                                      ;                                ; RISCV_processador:cpu|bancoderegistradores:bancoderegistradores_inst|rf_array[12][2],  ;
;                                                                                      ;                                ; RISCV_processador:cpu|bancoderegistradores:bancoderegistradores_inst|rf_array[13][2],  ;
;                                                                                      ;                                ; RISCV_processador:cpu|bancoderegistradores:bancoderegistradores_inst|rf_array[14][2],  ;
;                                                                                      ;                                ; RISCV_processador:cpu|bancoderegistradores:bancoderegistradores_inst|rf_array[15][2],  ;
;                                                                                      ;                                ; RISCV_processador:cpu|bancoderegistradores:bancoderegistradores_inst|rf_array[20][2],  ;
;                                                                                      ;                                ; RISCV_processador:cpu|bancoderegistradores:bancoderegistradores_inst|rf_array[21][2],  ;
;                                                                                      ;                                ; RISCV_processador:cpu|bancoderegistradores:bancoderegistradores_inst|rf_array[22][2],  ;
;                                                                                      ;                                ; RISCV_processador:cpu|bancoderegistradores:bancoderegistradores_inst|rf_array[23][2],  ;
;                                                                                      ;                                ; RISCV_processador:cpu|bancoderegistradores:bancoderegistradores_inst|rf_array[28][2],  ;
;                                                                                      ;                                ; RISCV_processador:cpu|bancoderegistradores:bancoderegistradores_inst|rf_array[29][2],  ;
;                                                                                      ;                                ; RISCV_processador:cpu|bancoderegistradores:bancoderegistradores_inst|rf_array[30][2],  ;
;                                                                                      ;                                ; RISCV_processador:cpu|bancoderegistradores:bancoderegistradores_inst|rf_array[31][2],  ;
;                                                                                      ;                                ; RISCV_processador:cpu|bancoderegistradores:bancoderegistradores_inst|rf_array[0][30],  ;
;                                                                                      ;                                ; RISCV_processador:cpu|bancoderegistradores:bancoderegistradores_inst|rf_array[3][30],  ;
;                                                                                      ;                                ; RISCV_processador:cpu|bancoderegistradores:bancoderegistradores_inst|rf_array[0][14],  ;
;                                                                                      ;                                ; RISCV_processador:cpu|bancoderegistradores:bancoderegistradores_inst|rf_array[3][14],  ;
;                                                                                      ;                                ; RISCV_processador:cpu|bancoderegistradores:bancoderegistradores_inst|rf_array[0][12],  ;
;                                                                                      ;                                ; RISCV_processador:cpu|bancoderegistradores:bancoderegistradores_inst|rf_array[3][12],  ;
;                                                                                      ;                                ; RISCV_processador:cpu|bancoderegistradores:bancoderegistradores_inst|rf_array[0][10],  ;
;                                                                                      ;                                ; RISCV_processador:cpu|bancoderegistradores:bancoderegistradores_inst|rf_array[3][10],  ;
;                                                                                      ;                                ; RISCV_processador:cpu|bancoderegistradores:bancoderegistradores_inst|rf_array[0][8],   ;
;                                                                                      ;                                ; RISCV_processador:cpu|bancoderegistradores:bancoderegistradores_inst|rf_array[3][8],   ;
;                                                                                      ;                                ; RISCV_processador:cpu|bancoderegistradores:bancoderegistradores_inst|rf_array[0][6],   ;
;                                                                                      ;                                ; RISCV_processador:cpu|bancoderegistradores:bancoderegistradores_inst|rf_array[3][6],   ;
;                                                                                      ;                                ; RISCV_processador:cpu|bancoderegistradores:bancoderegistradores_inst|rf_array[0][4],   ;
;                                                                                      ;                                ; RISCV_processador:cpu|bancoderegistradores:bancoderegistradores_inst|rf_array[3][4],   ;
;                                                                                      ;                                ; RISCV_processador:cpu|bancoderegistradores:bancoderegistradores_inst|rf_array[0][2],   ;
;                                                                                      ;                                ; RISCV_processador:cpu|bancoderegistradores:bancoderegistradores_inst|rf_array[3][2],   ;
;                                                                                      ;                                ; RISCV_processador:cpu|bancoderegistradores:bancoderegistradores_inst|rf_array[1][30],  ;
;                                                                                      ;                                ; RISCV_processador:cpu|bancoderegistradores:bancoderegistradores_inst|rf_array[2][30],  ;
;                                                                                      ;                                ; RISCV_processador:cpu|bancoderegistradores:bancoderegistradores_inst|rf_array[1][14],  ;
;                                                                                      ;                                ; RISCV_processador:cpu|bancoderegistradores:bancoderegistradores_inst|rf_array[2][14],  ;
;                                                                                      ;                                ; RISCV_processador:cpu|bancoderegistradores:bancoderegistradores_inst|rf_array[1][12],  ;
;                                                                                      ;                                ; RISCV_processador:cpu|bancoderegistradores:bancoderegistradores_inst|rf_array[2][12],  ;
;                                                                                      ;                                ; RISCV_processador:cpu|bancoderegistradores:bancoderegistradores_inst|rf_array[1][10],  ;
;                                                                                      ;                                ; RISCV_processador:cpu|bancoderegistradores:bancoderegistradores_inst|rf_array[2][10],  ;
;                                                                                      ;                                ; RISCV_processador:cpu|bancoderegistradores:bancoderegistradores_inst|rf_array[1][8],   ;
;                                                                                      ;                                ; RISCV_processador:cpu|bancoderegistradores:bancoderegistradores_inst|rf_array[2][8],   ;
;                                                                                      ;                                ; RISCV_processador:cpu|bancoderegistradores:bancoderegistradores_inst|rf_array[1][6],   ;
;                                                                                      ;                                ; RISCV_processador:cpu|bancoderegistradores:bancoderegistradores_inst|rf_array[2][6],   ;
;                                                                                      ;                                ; RISCV_processador:cpu|bancoderegistradores:bancoderegistradores_inst|rf_array[1][4],   ;
;                                                                                      ;                                ; RISCV_processador:cpu|bancoderegistradores:bancoderegistradores_inst|rf_array[2][4],   ;
;                                                                                      ;                                ; RISCV_processador:cpu|bancoderegistradores:bancoderegistradores_inst|rf_array[1][2],   ;
;                                                                                      ;                                ; RISCV_processador:cpu|bancoderegistradores:bancoderegistradores_inst|rf_array[2][2]    ;
; input_device:input_unit|captured_data[29]                                            ; Stuck at GND                   ; RISCV_processador:cpu|bancoderegistradores:bancoderegistradores_inst|rf_array[4][29],  ;
;                                                                                      ; due to stuck port data_in      ; RISCV_processador:cpu|bancoderegistradores:bancoderegistradores_inst|rf_array[5][29],  ;
;                                                                                      ;                                ; RISCV_processador:cpu|bancoderegistradores:bancoderegistradores_inst|rf_array[6][29],  ;
;                                                                                      ;                                ; RISCV_processador:cpu|bancoderegistradores:bancoderegistradores_inst|rf_array[7][29],  ;
;                                                                                      ;                                ; RISCV_processador:cpu|bancoderegistradores:bancoderegistradores_inst|rf_array[12][29], ;
;                                                                                      ;                                ; RISCV_processador:cpu|bancoderegistradores:bancoderegistradores_inst|rf_array[13][29], ;
;                                                                                      ;                                ; RISCV_processador:cpu|bancoderegistradores:bancoderegistradores_inst|rf_array[14][29], ;
;                                                                                      ;                                ; RISCV_processador:cpu|bancoderegistradores:bancoderegistradores_inst|rf_array[15][29], ;
;                                                                                      ;                                ; RISCV_processador:cpu|bancoderegistradores:bancoderegistradores_inst|rf_array[20][29], ;
;                                                                                      ;                                ; RISCV_processador:cpu|bancoderegistradores:bancoderegistradores_inst|rf_array[21][29], ;
;                                                                                      ;                                ; RISCV_processador:cpu|bancoderegistradores:bancoderegistradores_inst|rf_array[22][29], ;
;                                                                                      ;                                ; RISCV_processador:cpu|bancoderegistradores:bancoderegistradores_inst|rf_array[23][29], ;
;                                                                                      ;                                ; RISCV_processador:cpu|bancoderegistradores:bancoderegistradores_inst|rf_array[28][29], ;
;                                                                                      ;                                ; RISCV_processador:cpu|bancoderegistradores:bancoderegistradores_inst|rf_array[29][29], ;
;                                                                                      ;                                ; RISCV_processador:cpu|bancoderegistradores:bancoderegistradores_inst|rf_array[30][29], ;
;                                                                                      ;                                ; RISCV_processador:cpu|bancoderegistradores:bancoderegistradores_inst|rf_array[31][29], ;
;                                                                                      ;                                ; RISCV_processador:cpu|bancoderegistradores:bancoderegistradores_inst|rf_array[0][29],  ;
;                                                                                      ;                                ; RISCV_processador:cpu|bancoderegistradores:bancoderegistradores_inst|rf_array[3][29],  ;
;                                                                                      ;                                ; RISCV_processador:cpu|bancoderegistradores:bancoderegistradores_inst|rf_array[1][29],  ;
;                                                                                      ;                                ; RISCV_processador:cpu|bancoderegistradores:bancoderegistradores_inst|rf_array[2][29]   ;
; input_device:input_unit|captured_data[28]                                            ; Stuck at GND                   ; RISCV_processador:cpu|bancoderegistradores:bancoderegistradores_inst|rf_array[4][28],  ;
;                                                                                      ; due to stuck port data_in      ; RISCV_processador:cpu|bancoderegistradores:bancoderegistradores_inst|rf_array[5][28],  ;
;                                                                                      ;                                ; RISCV_processador:cpu|bancoderegistradores:bancoderegistradores_inst|rf_array[6][28],  ;
;                                                                                      ;                                ; RISCV_processador:cpu|bancoderegistradores:bancoderegistradores_inst|rf_array[7][28],  ;
;                                                                                      ;                                ; RISCV_processador:cpu|bancoderegistradores:bancoderegistradores_inst|rf_array[12][28], ;
;                                                                                      ;                                ; RISCV_processador:cpu|bancoderegistradores:bancoderegistradores_inst|rf_array[13][28], ;
;                                                                                      ;                                ; RISCV_processador:cpu|bancoderegistradores:bancoderegistradores_inst|rf_array[14][28], ;
;                                                                                      ;                                ; RISCV_processador:cpu|bancoderegistradores:bancoderegistradores_inst|rf_array[15][28], ;
;                                                                                      ;                                ; RISCV_processador:cpu|bancoderegistradores:bancoderegistradores_inst|rf_array[20][28], ;
;                                                                                      ;                                ; RISCV_processador:cpu|bancoderegistradores:bancoderegistradores_inst|rf_array[21][28], ;
;                                                                                      ;                                ; RISCV_processador:cpu|bancoderegistradores:bancoderegistradores_inst|rf_array[22][28], ;
;                                                                                      ;                                ; RISCV_processador:cpu|bancoderegistradores:bancoderegistradores_inst|rf_array[23][28], ;
;                                                                                      ;                                ; RISCV_processador:cpu|bancoderegistradores:bancoderegistradores_inst|rf_array[28][28], ;
;                                                                                      ;                                ; RISCV_processador:cpu|bancoderegistradores:bancoderegistradores_inst|rf_array[29][28], ;
;                                                                                      ;                                ; RISCV_processador:cpu|bancoderegistradores:bancoderegistradores_inst|rf_array[30][28], ;
;                                                                                      ;                                ; RISCV_processador:cpu|bancoderegistradores:bancoderegistradores_inst|rf_array[31][28], ;
;                                                                                      ;                                ; RISCV_processador:cpu|bancoderegistradores:bancoderegistradores_inst|rf_array[0][28],  ;
;                                                                                      ;                                ; RISCV_processador:cpu|bancoderegistradores:bancoderegistradores_inst|rf_array[3][28],  ;
;                                                                                      ;                                ; RISCV_processador:cpu|bancoderegistradores:bancoderegistradores_inst|rf_array[1][28],  ;
;                                                                                      ;                                ; RISCV_processador:cpu|bancoderegistradores:bancoderegistradores_inst|rf_array[2][28]   ;
; input_device:input_unit|captured_data[27]                                            ; Stuck at GND                   ; RISCV_processador:cpu|bancoderegistradores:bancoderegistradores_inst|rf_array[4][27],  ;
;                                                                                      ; due to stuck port data_in      ; RISCV_processador:cpu|bancoderegistradores:bancoderegistradores_inst|rf_array[5][27],  ;
;                                                                                      ;                                ; RISCV_processador:cpu|bancoderegistradores:bancoderegistradores_inst|rf_array[6][27],  ;
;                                                                                      ;                                ; RISCV_processador:cpu|bancoderegistradores:bancoderegistradores_inst|rf_array[7][27],  ;
;                                                                                      ;                                ; RISCV_processador:cpu|bancoderegistradores:bancoderegistradores_inst|rf_array[12][27], ;
;                                                                                      ;                                ; RISCV_processador:cpu|bancoderegistradores:bancoderegistradores_inst|rf_array[13][27], ;
;                                                                                      ;                                ; RISCV_processador:cpu|bancoderegistradores:bancoderegistradores_inst|rf_array[14][27], ;
;                                                                                      ;                                ; RISCV_processador:cpu|bancoderegistradores:bancoderegistradores_inst|rf_array[15][27], ;
;                                                                                      ;                                ; RISCV_processador:cpu|bancoderegistradores:bancoderegistradores_inst|rf_array[20][27], ;
;                                                                                      ;                                ; RISCV_processador:cpu|bancoderegistradores:bancoderegistradores_inst|rf_array[21][27], ;
;                                                                                      ;                                ; RISCV_processador:cpu|bancoderegistradores:bancoderegistradores_inst|rf_array[22][27], ;
;                                                                                      ;                                ; RISCV_processador:cpu|bancoderegistradores:bancoderegistradores_inst|rf_array[23][27], ;
;                                                                                      ;                                ; RISCV_processador:cpu|bancoderegistradores:bancoderegistradores_inst|rf_array[28][27], ;
;                                                                                      ;                                ; RISCV_processador:cpu|bancoderegistradores:bancoderegistradores_inst|rf_array[29][27], ;
;                                                                                      ;                                ; RISCV_processador:cpu|bancoderegistradores:bancoderegistradores_inst|rf_array[30][27], ;
;                                                                                      ;                                ; RISCV_processador:cpu|bancoderegistradores:bancoderegistradores_inst|rf_array[31][27], ;
;                                                                                      ;                                ; RISCV_processador:cpu|bancoderegistradores:bancoderegistradores_inst|rf_array[0][27],  ;
;                                                                                      ;                                ; RISCV_processador:cpu|bancoderegistradores:bancoderegistradores_inst|rf_array[3][27],  ;
;                                                                                      ;                                ; RISCV_processador:cpu|bancoderegistradores:bancoderegistradores_inst|rf_array[1][27],  ;
;                                                                                      ;                                ; RISCV_processador:cpu|bancoderegistradores:bancoderegistradores_inst|rf_array[2][27]   ;
; input_device:input_unit|captured_data[26]                                            ; Stuck at GND                   ; RISCV_processador:cpu|bancoderegistradores:bancoderegistradores_inst|rf_array[4][26],  ;
;                                                                                      ; due to stuck port data_in      ; RISCV_processador:cpu|bancoderegistradores:bancoderegistradores_inst|rf_array[5][26],  ;
;                                                                                      ;                                ; RISCV_processador:cpu|bancoderegistradores:bancoderegistradores_inst|rf_array[6][26],  ;
;                                                                                      ;                                ; RISCV_processador:cpu|bancoderegistradores:bancoderegistradores_inst|rf_array[7][26],  ;
;                                                                                      ;                                ; RISCV_processador:cpu|bancoderegistradores:bancoderegistradores_inst|rf_array[12][26], ;
;                                                                                      ;                                ; RISCV_processador:cpu|bancoderegistradores:bancoderegistradores_inst|rf_array[13][26], ;
;                                                                                      ;                                ; RISCV_processador:cpu|bancoderegistradores:bancoderegistradores_inst|rf_array[14][26], ;
;                                                                                      ;                                ; RISCV_processador:cpu|bancoderegistradores:bancoderegistradores_inst|rf_array[15][26], ;
;                                                                                      ;                                ; RISCV_processador:cpu|bancoderegistradores:bancoderegistradores_inst|rf_array[20][26], ;
;                                                                                      ;                                ; RISCV_processador:cpu|bancoderegistradores:bancoderegistradores_inst|rf_array[21][26], ;
;                                                                                      ;                                ; RISCV_processador:cpu|bancoderegistradores:bancoderegistradores_inst|rf_array[22][26], ;
;                                                                                      ;                                ; RISCV_processador:cpu|bancoderegistradores:bancoderegistradores_inst|rf_array[23][26], ;
;                                                                                      ;                                ; RISCV_processador:cpu|bancoderegistradores:bancoderegistradores_inst|rf_array[28][26], ;
;                                                                                      ;                                ; RISCV_processador:cpu|bancoderegistradores:bancoderegistradores_inst|rf_array[29][26], ;
;                                                                                      ;                                ; RISCV_processador:cpu|bancoderegistradores:bancoderegistradores_inst|rf_array[30][26], ;
;                                                                                      ;                                ; RISCV_processador:cpu|bancoderegistradores:bancoderegistradores_inst|rf_array[31][26], ;
;                                                                                      ;                                ; RISCV_processador:cpu|bancoderegistradores:bancoderegistradores_inst|rf_array[0][26],  ;
;                                                                                      ;                                ; RISCV_processador:cpu|bancoderegistradores:bancoderegistradores_inst|rf_array[3][26],  ;
;                                                                                      ;                                ; RISCV_processador:cpu|bancoderegistradores:bancoderegistradores_inst|rf_array[1][26],  ;
;                                                                                      ;                                ; RISCV_processador:cpu|bancoderegistradores:bancoderegistradores_inst|rf_array[2][26]   ;
; input_device:input_unit|captured_data[25]                                            ; Stuck at GND                   ; RISCV_processador:cpu|bancoderegistradores:bancoderegistradores_inst|rf_array[4][25],  ;
;                                                                                      ; due to stuck port data_in      ; RISCV_processador:cpu|bancoderegistradores:bancoderegistradores_inst|rf_array[5][25],  ;
;                                                                                      ;                                ; RISCV_processador:cpu|bancoderegistradores:bancoderegistradores_inst|rf_array[6][25],  ;
;                                                                                      ;                                ; RISCV_processador:cpu|bancoderegistradores:bancoderegistradores_inst|rf_array[7][25],  ;
;                                                                                      ;                                ; RISCV_processador:cpu|bancoderegistradores:bancoderegistradores_inst|rf_array[12][25], ;
;                                                                                      ;                                ; RISCV_processador:cpu|bancoderegistradores:bancoderegistradores_inst|rf_array[13][25], ;
;                                                                                      ;                                ; RISCV_processador:cpu|bancoderegistradores:bancoderegistradores_inst|rf_array[14][25], ;
;                                                                                      ;                                ; RISCV_processador:cpu|bancoderegistradores:bancoderegistradores_inst|rf_array[15][25], ;
;                                                                                      ;                                ; RISCV_processador:cpu|bancoderegistradores:bancoderegistradores_inst|rf_array[20][25], ;
;                                                                                      ;                                ; RISCV_processador:cpu|bancoderegistradores:bancoderegistradores_inst|rf_array[21][25], ;
;                                                                                      ;                                ; RISCV_processador:cpu|bancoderegistradores:bancoderegistradores_inst|rf_array[22][25], ;
;                                                                                      ;                                ; RISCV_processador:cpu|bancoderegistradores:bancoderegistradores_inst|rf_array[23][25], ;
;                                                                                      ;                                ; RISCV_processador:cpu|bancoderegistradores:bancoderegistradores_inst|rf_array[28][25], ;
;                                                                                      ;                                ; RISCV_processador:cpu|bancoderegistradores:bancoderegistradores_inst|rf_array[29][25], ;
;                                                                                      ;                                ; RISCV_processador:cpu|bancoderegistradores:bancoderegistradores_inst|rf_array[30][25], ;
;                                                                                      ;                                ; RISCV_processador:cpu|bancoderegistradores:bancoderegistradores_inst|rf_array[31][25], ;
;                                                                                      ;                                ; RISCV_processador:cpu|bancoderegistradores:bancoderegistradores_inst|rf_array[0][25],  ;
;                                                                                      ;                                ; RISCV_processador:cpu|bancoderegistradores:bancoderegistradores_inst|rf_array[3][25],  ;
;                                                                                      ;                                ; RISCV_processador:cpu|bancoderegistradores:bancoderegistradores_inst|rf_array[1][25],  ;
;                                                                                      ;                                ; RISCV_processador:cpu|bancoderegistradores:bancoderegistradores_inst|rf_array[2][25]   ;
; input_device:input_unit|captured_data[24]                                            ; Stuck at GND                   ; RISCV_processador:cpu|bancoderegistradores:bancoderegistradores_inst|rf_array[4][24],  ;
;                                                                                      ; due to stuck port data_in      ; RISCV_processador:cpu|bancoderegistradores:bancoderegistradores_inst|rf_array[5][24],  ;
;                                                                                      ;                                ; RISCV_processador:cpu|bancoderegistradores:bancoderegistradores_inst|rf_array[6][24],  ;
;                                                                                      ;                                ; RISCV_processador:cpu|bancoderegistradores:bancoderegistradores_inst|rf_array[7][24],  ;
;                                                                                      ;                                ; RISCV_processador:cpu|bancoderegistradores:bancoderegistradores_inst|rf_array[12][24], ;
;                                                                                      ;                                ; RISCV_processador:cpu|bancoderegistradores:bancoderegistradores_inst|rf_array[13][24], ;
;                                                                                      ;                                ; RISCV_processador:cpu|bancoderegistradores:bancoderegistradores_inst|rf_array[14][24], ;
;                                                                                      ;                                ; RISCV_processador:cpu|bancoderegistradores:bancoderegistradores_inst|rf_array[15][24], ;
;                                                                                      ;                                ; RISCV_processador:cpu|bancoderegistradores:bancoderegistradores_inst|rf_array[20][24], ;
;                                                                                      ;                                ; RISCV_processador:cpu|bancoderegistradores:bancoderegistradores_inst|rf_array[21][24], ;
;                                                                                      ;                                ; RISCV_processador:cpu|bancoderegistradores:bancoderegistradores_inst|rf_array[22][24], ;
;                                                                                      ;                                ; RISCV_processador:cpu|bancoderegistradores:bancoderegistradores_inst|rf_array[23][24], ;
;                                                                                      ;                                ; RISCV_processador:cpu|bancoderegistradores:bancoderegistradores_inst|rf_array[28][24], ;
;                                                                                      ;                                ; RISCV_processador:cpu|bancoderegistradores:bancoderegistradores_inst|rf_array[29][24], ;
;                                                                                      ;                                ; RISCV_processador:cpu|bancoderegistradores:bancoderegistradores_inst|rf_array[30][24], ;
;                                                                                      ;                                ; RISCV_processador:cpu|bancoderegistradores:bancoderegistradores_inst|rf_array[31][24], ;
;                                                                                      ;                                ; RISCV_processador:cpu|bancoderegistradores:bancoderegistradores_inst|rf_array[0][24],  ;
;                                                                                      ;                                ; RISCV_processador:cpu|bancoderegistradores:bancoderegistradores_inst|rf_array[3][24],  ;
;                                                                                      ;                                ; RISCV_processador:cpu|bancoderegistradores:bancoderegistradores_inst|rf_array[1][24],  ;
;                                                                                      ;                                ; RISCV_processador:cpu|bancoderegistradores:bancoderegistradores_inst|rf_array[2][24]   ;
; input_device:input_unit|captured_data[23]                                            ; Stuck at GND                   ; RISCV_processador:cpu|bancoderegistradores:bancoderegistradores_inst|rf_array[4][23],  ;
;                                                                                      ; due to stuck port data_in      ; RISCV_processador:cpu|bancoderegistradores:bancoderegistradores_inst|rf_array[5][23],  ;
;                                                                                      ;                                ; RISCV_processador:cpu|bancoderegistradores:bancoderegistradores_inst|rf_array[6][23],  ;
;                                                                                      ;                                ; RISCV_processador:cpu|bancoderegistradores:bancoderegistradores_inst|rf_array[7][23],  ;
;                                                                                      ;                                ; RISCV_processador:cpu|bancoderegistradores:bancoderegistradores_inst|rf_array[12][23], ;
;                                                                                      ;                                ; RISCV_processador:cpu|bancoderegistradores:bancoderegistradores_inst|rf_array[13][23], ;
;                                                                                      ;                                ; RISCV_processador:cpu|bancoderegistradores:bancoderegistradores_inst|rf_array[14][23], ;
;                                                                                      ;                                ; RISCV_processador:cpu|bancoderegistradores:bancoderegistradores_inst|rf_array[15][23], ;
;                                                                                      ;                                ; RISCV_processador:cpu|bancoderegistradores:bancoderegistradores_inst|rf_array[20][23], ;
;                                                                                      ;                                ; RISCV_processador:cpu|bancoderegistradores:bancoderegistradores_inst|rf_array[21][23], ;
;                                                                                      ;                                ; RISCV_processador:cpu|bancoderegistradores:bancoderegistradores_inst|rf_array[22][23], ;
;                                                                                      ;                                ; RISCV_processador:cpu|bancoderegistradores:bancoderegistradores_inst|rf_array[23][23], ;
;                                                                                      ;                                ; RISCV_processador:cpu|bancoderegistradores:bancoderegistradores_inst|rf_array[28][23], ;
;                                                                                      ;                                ; RISCV_processador:cpu|bancoderegistradores:bancoderegistradores_inst|rf_array[29][23], ;
;                                                                                      ;                                ; RISCV_processador:cpu|bancoderegistradores:bancoderegistradores_inst|rf_array[30][23], ;
;                                                                                      ;                                ; RISCV_processador:cpu|bancoderegistradores:bancoderegistradores_inst|rf_array[31][23], ;
;                                                                                      ;                                ; RISCV_processador:cpu|bancoderegistradores:bancoderegistradores_inst|rf_array[0][23],  ;
;                                                                                      ;                                ; RISCV_processador:cpu|bancoderegistradores:bancoderegistradores_inst|rf_array[3][23],  ;
;                                                                                      ;                                ; RISCV_processador:cpu|bancoderegistradores:bancoderegistradores_inst|rf_array[1][23],  ;
;                                                                                      ;                                ; RISCV_processador:cpu|bancoderegistradores:bancoderegistradores_inst|rf_array[2][23]   ;
; input_device:input_unit|captured_data[22]                                            ; Stuck at GND                   ; RISCV_processador:cpu|bancoderegistradores:bancoderegistradores_inst|rf_array[4][22],  ;
;                                                                                      ; due to stuck port data_in      ; RISCV_processador:cpu|bancoderegistradores:bancoderegistradores_inst|rf_array[5][22],  ;
;                                                                                      ;                                ; RISCV_processador:cpu|bancoderegistradores:bancoderegistradores_inst|rf_array[6][22],  ;
;                                                                                      ;                                ; RISCV_processador:cpu|bancoderegistradores:bancoderegistradores_inst|rf_array[7][22],  ;
;                                                                                      ;                                ; RISCV_processador:cpu|bancoderegistradores:bancoderegistradores_inst|rf_array[12][22], ;
;                                                                                      ;                                ; RISCV_processador:cpu|bancoderegistradores:bancoderegistradores_inst|rf_array[13][22], ;
;                                                                                      ;                                ; RISCV_processador:cpu|bancoderegistradores:bancoderegistradores_inst|rf_array[14][22], ;
;                                                                                      ;                                ; RISCV_processador:cpu|bancoderegistradores:bancoderegistradores_inst|rf_array[15][22], ;
;                                                                                      ;                                ; RISCV_processador:cpu|bancoderegistradores:bancoderegistradores_inst|rf_array[20][22], ;
;                                                                                      ;                                ; RISCV_processador:cpu|bancoderegistradores:bancoderegistradores_inst|rf_array[21][22], ;
;                                                                                      ;                                ; RISCV_processador:cpu|bancoderegistradores:bancoderegistradores_inst|rf_array[22][22], ;
;                                                                                      ;                                ; RISCV_processador:cpu|bancoderegistradores:bancoderegistradores_inst|rf_array[23][22], ;
;                                                                                      ;                                ; RISCV_processador:cpu|bancoderegistradores:bancoderegistradores_inst|rf_array[28][22], ;
;                                                                                      ;                                ; RISCV_processador:cpu|bancoderegistradores:bancoderegistradores_inst|rf_array[29][22], ;
;                                                                                      ;                                ; RISCV_processador:cpu|bancoderegistradores:bancoderegistradores_inst|rf_array[30][22], ;
;                                                                                      ;                                ; RISCV_processador:cpu|bancoderegistradores:bancoderegistradores_inst|rf_array[31][22], ;
;                                                                                      ;                                ; RISCV_processador:cpu|bancoderegistradores:bancoderegistradores_inst|rf_array[0][22],  ;
;                                                                                      ;                                ; RISCV_processador:cpu|bancoderegistradores:bancoderegistradores_inst|rf_array[3][22],  ;
;                                                                                      ;                                ; RISCV_processador:cpu|bancoderegistradores:bancoderegistradores_inst|rf_array[1][22],  ;
;                                                                                      ;                                ; RISCV_processador:cpu|bancoderegistradores:bancoderegistradores_inst|rf_array[2][22]   ;
; input_device:input_unit|captured_data[21]                                            ; Stuck at GND                   ; RISCV_processador:cpu|bancoderegistradores:bancoderegistradores_inst|rf_array[4][21],  ;
;                                                                                      ; due to stuck port data_in      ; RISCV_processador:cpu|bancoderegistradores:bancoderegistradores_inst|rf_array[5][21],  ;
;                                                                                      ;                                ; RISCV_processador:cpu|bancoderegistradores:bancoderegistradores_inst|rf_array[6][21],  ;
;                                                                                      ;                                ; RISCV_processador:cpu|bancoderegistradores:bancoderegistradores_inst|rf_array[7][21],  ;
;                                                                                      ;                                ; RISCV_processador:cpu|bancoderegistradores:bancoderegistradores_inst|rf_array[12][21], ;
;                                                                                      ;                                ; RISCV_processador:cpu|bancoderegistradores:bancoderegistradores_inst|rf_array[13][21], ;
;                                                                                      ;                                ; RISCV_processador:cpu|bancoderegistradores:bancoderegistradores_inst|rf_array[14][21], ;
;                                                                                      ;                                ; RISCV_processador:cpu|bancoderegistradores:bancoderegistradores_inst|rf_array[15][21], ;
;                                                                                      ;                                ; RISCV_processador:cpu|bancoderegistradores:bancoderegistradores_inst|rf_array[20][21], ;
;                                                                                      ;                                ; RISCV_processador:cpu|bancoderegistradores:bancoderegistradores_inst|rf_array[21][21], ;
;                                                                                      ;                                ; RISCV_processador:cpu|bancoderegistradores:bancoderegistradores_inst|rf_array[22][21], ;
;                                                                                      ;                                ; RISCV_processador:cpu|bancoderegistradores:bancoderegistradores_inst|rf_array[23][21], ;
;                                                                                      ;                                ; RISCV_processador:cpu|bancoderegistradores:bancoderegistradores_inst|rf_array[28][21], ;
;                                                                                      ;                                ; RISCV_processador:cpu|bancoderegistradores:bancoderegistradores_inst|rf_array[29][21], ;
;                                                                                      ;                                ; RISCV_processador:cpu|bancoderegistradores:bancoderegistradores_inst|rf_array[30][21], ;
;                                                                                      ;                                ; RISCV_processador:cpu|bancoderegistradores:bancoderegistradores_inst|rf_array[31][21], ;
;                                                                                      ;                                ; RISCV_processador:cpu|bancoderegistradores:bancoderegistradores_inst|rf_array[0][21],  ;
;                                                                                      ;                                ; RISCV_processador:cpu|bancoderegistradores:bancoderegistradores_inst|rf_array[3][21],  ;
;                                                                                      ;                                ; RISCV_processador:cpu|bancoderegistradores:bancoderegistradores_inst|rf_array[1][21],  ;
;                                                                                      ;                                ; RISCV_processador:cpu|bancoderegistradores:bancoderegistradores_inst|rf_array[2][21]   ;
; input_device:input_unit|captured_data[20]                                            ; Stuck at GND                   ; RISCV_processador:cpu|bancoderegistradores:bancoderegistradores_inst|rf_array[4][20],  ;
;                                                                                      ; due to stuck port data_in      ; RISCV_processador:cpu|bancoderegistradores:bancoderegistradores_inst|rf_array[5][20],  ;
;                                                                                      ;                                ; RISCV_processador:cpu|bancoderegistradores:bancoderegistradores_inst|rf_array[6][20],  ;
;                                                                                      ;                                ; RISCV_processador:cpu|bancoderegistradores:bancoderegistradores_inst|rf_array[7][20],  ;
;                                                                                      ;                                ; RISCV_processador:cpu|bancoderegistradores:bancoderegistradores_inst|rf_array[12][20], ;
;                                                                                      ;                                ; RISCV_processador:cpu|bancoderegistradores:bancoderegistradores_inst|rf_array[13][20], ;
;                                                                                      ;                                ; RISCV_processador:cpu|bancoderegistradores:bancoderegistradores_inst|rf_array[14][20], ;
;                                                                                      ;                                ; RISCV_processador:cpu|bancoderegistradores:bancoderegistradores_inst|rf_array[15][20], ;
;                                                                                      ;                                ; RISCV_processador:cpu|bancoderegistradores:bancoderegistradores_inst|rf_array[20][20], ;
;                                                                                      ;                                ; RISCV_processador:cpu|bancoderegistradores:bancoderegistradores_inst|rf_array[21][20], ;
;                                                                                      ;                                ; RISCV_processador:cpu|bancoderegistradores:bancoderegistradores_inst|rf_array[22][20], ;
;                                                                                      ;                                ; RISCV_processador:cpu|bancoderegistradores:bancoderegistradores_inst|rf_array[23][20], ;
;                                                                                      ;                                ; RISCV_processador:cpu|bancoderegistradores:bancoderegistradores_inst|rf_array[28][20], ;
;                                                                                      ;                                ; RISCV_processador:cpu|bancoderegistradores:bancoderegistradores_inst|rf_array[29][20], ;
;                                                                                      ;                                ; RISCV_processador:cpu|bancoderegistradores:bancoderegistradores_inst|rf_array[30][20], ;
;                                                                                      ;                                ; RISCV_processador:cpu|bancoderegistradores:bancoderegistradores_inst|rf_array[31][20], ;
;                                                                                      ;                                ; RISCV_processador:cpu|bancoderegistradores:bancoderegistradores_inst|rf_array[0][20],  ;
;                                                                                      ;                                ; RISCV_processador:cpu|bancoderegistradores:bancoderegistradores_inst|rf_array[3][20],  ;
;                                                                                      ;                                ; RISCV_processador:cpu|bancoderegistradores:bancoderegistradores_inst|rf_array[1][20],  ;
;                                                                                      ;                                ; RISCV_processador:cpu|bancoderegistradores:bancoderegistradores_inst|rf_array[2][20]   ;
; input_device:input_unit|captured_data[19]                                            ; Stuck at GND                   ; RISCV_processador:cpu|bancoderegistradores:bancoderegistradores_inst|rf_array[4][19],  ;
;                                                                                      ; due to stuck port data_in      ; RISCV_processador:cpu|bancoderegistradores:bancoderegistradores_inst|rf_array[5][19],  ;
;                                                                                      ;                                ; RISCV_processador:cpu|bancoderegistradores:bancoderegistradores_inst|rf_array[6][19],  ;
;                                                                                      ;                                ; RISCV_processador:cpu|bancoderegistradores:bancoderegistradores_inst|rf_array[7][19],  ;
;                                                                                      ;                                ; RISCV_processador:cpu|bancoderegistradores:bancoderegistradores_inst|rf_array[12][19], ;
;                                                                                      ;                                ; RISCV_processador:cpu|bancoderegistradores:bancoderegistradores_inst|rf_array[13][19], ;
;                                                                                      ;                                ; RISCV_processador:cpu|bancoderegistradores:bancoderegistradores_inst|rf_array[14][19], ;
;                                                                                      ;                                ; RISCV_processador:cpu|bancoderegistradores:bancoderegistradores_inst|rf_array[15][19], ;
;                                                                                      ;                                ; RISCV_processador:cpu|bancoderegistradores:bancoderegistradores_inst|rf_array[20][19], ;
;                                                                                      ;                                ; RISCV_processador:cpu|bancoderegistradores:bancoderegistradores_inst|rf_array[21][19], ;
;                                                                                      ;                                ; RISCV_processador:cpu|bancoderegistradores:bancoderegistradores_inst|rf_array[22][19], ;
;                                                                                      ;                                ; RISCV_processador:cpu|bancoderegistradores:bancoderegistradores_inst|rf_array[23][19], ;
;                                                                                      ;                                ; RISCV_processador:cpu|bancoderegistradores:bancoderegistradores_inst|rf_array[28][19], ;
;                                                                                      ;                                ; RISCV_processador:cpu|bancoderegistradores:bancoderegistradores_inst|rf_array[29][19], ;
;                                                                                      ;                                ; RISCV_processador:cpu|bancoderegistradores:bancoderegistradores_inst|rf_array[30][19], ;
;                                                                                      ;                                ; RISCV_processador:cpu|bancoderegistradores:bancoderegistradores_inst|rf_array[31][19], ;
;                                                                                      ;                                ; RISCV_processador:cpu|bancoderegistradores:bancoderegistradores_inst|rf_array[0][19],  ;
;                                                                                      ;                                ; RISCV_processador:cpu|bancoderegistradores:bancoderegistradores_inst|rf_array[3][19],  ;
;                                                                                      ;                                ; RISCV_processador:cpu|bancoderegistradores:bancoderegistradores_inst|rf_array[1][19],  ;
;                                                                                      ;                                ; RISCV_processador:cpu|bancoderegistradores:bancoderegistradores_inst|rf_array[2][19]   ;
; input_device:input_unit|captured_data[18]                                            ; Stuck at GND                   ; RISCV_processador:cpu|bancoderegistradores:bancoderegistradores_inst|rf_array[4][18],  ;
;                                                                                      ; due to stuck port data_in      ; RISCV_processador:cpu|bancoderegistradores:bancoderegistradores_inst|rf_array[5][18],  ;
;                                                                                      ;                                ; RISCV_processador:cpu|bancoderegistradores:bancoderegistradores_inst|rf_array[6][18],  ;
;                                                                                      ;                                ; RISCV_processador:cpu|bancoderegistradores:bancoderegistradores_inst|rf_array[7][18],  ;
;                                                                                      ;                                ; RISCV_processador:cpu|bancoderegistradores:bancoderegistradores_inst|rf_array[12][18], ;
;                                                                                      ;                                ; RISCV_processador:cpu|bancoderegistradores:bancoderegistradores_inst|rf_array[13][18], ;
;                                                                                      ;                                ; RISCV_processador:cpu|bancoderegistradores:bancoderegistradores_inst|rf_array[14][18], ;
;                                                                                      ;                                ; RISCV_processador:cpu|bancoderegistradores:bancoderegistradores_inst|rf_array[15][18], ;
;                                                                                      ;                                ; RISCV_processador:cpu|bancoderegistradores:bancoderegistradores_inst|rf_array[20][18], ;
;                                                                                      ;                                ; RISCV_processador:cpu|bancoderegistradores:bancoderegistradores_inst|rf_array[21][18], ;
;                                                                                      ;                                ; RISCV_processador:cpu|bancoderegistradores:bancoderegistradores_inst|rf_array[22][18], ;
;                                                                                      ;                                ; RISCV_processador:cpu|bancoderegistradores:bancoderegistradores_inst|rf_array[23][18], ;
;                                                                                      ;                                ; RISCV_processador:cpu|bancoderegistradores:bancoderegistradores_inst|rf_array[28][18], ;
;                                                                                      ;                                ; RISCV_processador:cpu|bancoderegistradores:bancoderegistradores_inst|rf_array[29][18], ;
;                                                                                      ;                                ; RISCV_processador:cpu|bancoderegistradores:bancoderegistradores_inst|rf_array[30][18], ;
;                                                                                      ;                                ; RISCV_processador:cpu|bancoderegistradores:bancoderegistradores_inst|rf_array[31][18], ;
;                                                                                      ;                                ; RISCV_processador:cpu|bancoderegistradores:bancoderegistradores_inst|rf_array[0][18],  ;
;                                                                                      ;                                ; RISCV_processador:cpu|bancoderegistradores:bancoderegistradores_inst|rf_array[3][18],  ;
;                                                                                      ;                                ; RISCV_processador:cpu|bancoderegistradores:bancoderegistradores_inst|rf_array[1][18],  ;
;                                                                                      ;                                ; RISCV_processador:cpu|bancoderegistradores:bancoderegistradores_inst|rf_array[2][18]   ;
; RISCV_processador:cpu|bancoderegistradores:bancoderegistradores_inst|rf_array[0][31] ; Stuck at GND                   ; RISCV_processador:cpu|bancoderegistradores:bancoderegistradores_inst|rf_array[1][31],  ;
;                                                                                      ; due to stuck port data_in      ; RISCV_processador:cpu|bancoderegistradores:bancoderegistradores_inst|rf_array[2][31]   ;
; RISCV_processador:cpu|bancoderegistradores:bancoderegistradores_inst|rf_array[4][1]  ; Stuck at GND                   ; RISCV_processador:cpu|bancoderegistradores:bancoderegistradores_inst|rf_array[3][1]    ;
;                                                                                      ; due to stuck port clock_enable ;                                                                                        ;
+--------------------------------------------------------------------------------------+--------------------------------+----------------------------------------------------------------------------------------+


+------------------------------------------------------+
; General Register Statistics                          ;
+----------------------------------------------+-------+
; Statistic                                    ; Value ;
+----------------------------------------------+-------+
; Total registers                              ; 280   ;
; Number of registers using Synchronous Clear  ; 0     ;
; Number of registers using Synchronous Load   ; 49    ;
; Number of registers using Asynchronous Clear ; 236   ;
; Number of registers using Asynchronous Load  ; 0     ;
; Number of registers using Clock Enable       ; 210   ;
; Number of registers using Preset             ; 0     ;
+----------------------------------------------+-------+


+----------------------------------------------------------------------------------------------------------------------------------------+
; Registers Packed Into Inferred Megafunctions                                                                                           ;
+---------------------------------------------------------------------+-----------------------------------------------------------+------+
; Register Name                                                       ; Megafunction                                              ; Type ;
+---------------------------------------------------------------------+-----------------------------------------------------------+------+
; RISCV_processador:cpu|data_memory:data_mem_inst|address_latch[2..9] ; RISCV_processador:cpu|data_memory:data_mem_inst|mem_rtl_0 ; RAM  ;
+---------------------------------------------------------------------+-----------------------------------------------------------+------+


+-------------------------------------------------------------------------------------------------------------------------------------------------------------------------------------------------------------+
; Multiplexer Restructuring Statistics (Restructuring Performed)                                                                                                                                              ;
+--------------------+-----------+---------------+----------------------+------------------------+------------+-----------------------------------------------------------------------------------------------+
; Multiplexer Inputs ; Bus Width ; Baseline Area ; Area if Restructured ; Saving if Restructured ; Registered ; Example Multiplexer Output                                                                    ;
+--------------------+-----------+---------------+----------------------+------------------------+------------+-----------------------------------------------------------------------------------------------+
; 3:1                ; 20 bits   ; 40 LEs        ; 20 LEs               ; 20 LEs                 ; Yes        ; |toplevel|debouncer:reset_debouncer|counter[16]                                               ;
; 3:1                ; 20 bits   ; 40 LEs        ; 20 LEs               ; 20 LEs                 ; Yes        ; |toplevel|debouncer:enter_debouncer|counter[1]                                                ;
; 3:1                ; 2 bits    ; 4 LEs         ; 2 LEs                ; 2 LEs                  ; Yes        ; |toplevel|RISCV_processador:cpu|program_counter:program_counter_inst|pc_out[1]                ;
; 3:1                ; 30 bits   ; 60 LEs        ; 60 LEs               ; 0 LEs                  ; Yes        ; |toplevel|RISCV_processador:cpu|program_counter:program_counter_inst|pc_out[22]               ;
; 4:1                ; 2 bits    ; 4 LEs         ; 2 LEs                ; 2 LEs                  ; No         ; |toplevel|RISCV_processador:cpu|Unidade_de_controle:unidade_de_controle_inst|Selector5        ;
; 16:1               ; 31 bits   ; 310 LEs       ; 93 LEs               ; 217 LEs                ; No         ; |toplevel|RISCV_processador:cpu|ula:ula_inst|Mux2                                             ;
; 5:1                ; 13 bits   ; 39 LEs        ; 26 LEs               ; 13 LEs                 ; No         ; |toplevel|RISCV_processador:cpu|Mux3:mux3_inst|out_data[20]                                   ;
; 5:1                ; 19 bits   ; 57 LEs        ; 38 LEs               ; 19 LEs                 ; No         ; |toplevel|RISCV_processador:cpu|Mux3:mux3_inst|out_data[6]                                    ;
; 17:1               ; 32 bits   ; 352 LEs       ; 192 LEs              ; 160 LEs                ; No         ; |toplevel|RISCV_processador:cpu|bancoderegistradores:bancoderegistradores_inst|read_data2[23] ;
+--------------------+-----------+---------------+----------------------+------------------------+------------+-----------------------------------------------------------------------------------------------+


+----------------------------------------------------------------------------------------------------------------------------+
; Source assignments for RISCV_processador:cpu|data_memory:data_mem_inst|altsyncram:mem_rtl_0|altsyncram_cf41:auto_generated ;
+---------------------------------+--------------------+------+--------------------------------------------------------------+
; Assignment                      ; Value              ; From ; To                                                           ;
+---------------------------------+--------------------+------+--------------------------------------------------------------+
; OPTIMIZE_POWER_DURING_SYNTHESIS ; NORMAL_COMPILATION ; -    ; -                                                            ;
+---------------------------------+--------------------+------+--------------------------------------------------------------+


+------------------------------------------------------------------------+
; Parameter Settings for User Entity Instance: clock_divider:clk_div_1hz ;
+----------------+-------+-----------------------------------------------+
; Parameter Name ; Value ; Type                                          ;
+----------------+-------+-----------------------------------------------+
; DIVISOR        ; 2     ; Signed Integer                                ;
+----------------+-------+-----------------------------------------------+
Note: In order to hide this table in the UI and the text report file, please set the "Show Parameter Settings in Synthesis Report" option in "Analysis and Synthesis Settings -> More Settings" to "Off".


+-----------------------------------------------------------------------------------------------------------------------+
; Parameter Settings for Inferred Entity Instance: RISCV_processador:cpu|data_memory:data_mem_inst|altsyncram:mem_rtl_0 ;
+------------------------------------+----------------------+-----------------------------------------------------------+
; Parameter Name                     ; Value                ; Type                                                      ;
+------------------------------------+----------------------+-----------------------------------------------------------+
; BYTE_SIZE_BLOCK                    ; 8                    ; Untyped                                                   ;
; AUTO_CARRY_CHAINS                  ; ON                   ; AUTO_CARRY                                                ;
; IGNORE_CARRY_BUFFERS               ; OFF                  ; IGNORE_CARRY                                              ;
; AUTO_CASCADE_CHAINS                ; ON                   ; AUTO_CASCADE                                              ;
; IGNORE_CASCADE_BUFFERS             ; OFF                  ; IGNORE_CASCADE                                            ;
; WIDTH_BYTEENA                      ; 1                    ; Untyped                                                   ;
; OPERATION_MODE                     ; SINGLE_PORT          ; Untyped                                                   ;
; WIDTH_A                            ; 32                   ; Untyped                                                   ;
; WIDTHAD_A                          ; 8                    ; Untyped                                                   ;
; NUMWORDS_A                         ; 256                  ; Untyped                                                   ;
; OUTDATA_REG_A                      ; UNREGISTERED         ; Untyped                                                   ;
; ADDRESS_ACLR_A                     ; NONE                 ; Untyped                                                   ;
; OUTDATA_ACLR_A                     ; NONE                 ; Untyped                                                   ;
; WRCONTROL_ACLR_A                   ; NONE                 ; Untyped                                                   ;
; INDATA_ACLR_A                      ; NONE                 ; Untyped                                                   ;
; BYTEENA_ACLR_A                     ; NONE                 ; Untyped                                                   ;
; WIDTH_B                            ; 1                    ; Untyped                                                   ;
; WIDTHAD_B                          ; 1                    ; Untyped                                                   ;
; NUMWORDS_B                         ; 1                    ; Untyped                                                   ;
; INDATA_REG_B                       ; CLOCK1               ; Untyped                                                   ;
; WRCONTROL_WRADDRESS_REG_B          ; CLOCK1               ; Untyped                                                   ;
; RDCONTROL_REG_B                    ; CLOCK1               ; Untyped                                                   ;
; ADDRESS_REG_B                      ; CLOCK1               ; Untyped                                                   ;
; OUTDATA_REG_B                      ; UNREGISTERED         ; Untyped                                                   ;
; BYTEENA_REG_B                      ; CLOCK1               ; Untyped                                                   ;
; INDATA_ACLR_B                      ; NONE                 ; Untyped                                                   ;
; WRCONTROL_ACLR_B                   ; NONE                 ; Untyped                                                   ;
; ADDRESS_ACLR_B                     ; NONE                 ; Untyped                                                   ;
; OUTDATA_ACLR_B                     ; NONE                 ; Untyped                                                   ;
; RDCONTROL_ACLR_B                   ; NONE                 ; Untyped                                                   ;
; BYTEENA_ACLR_B                     ; NONE                 ; Untyped                                                   ;
; WIDTH_BYTEENA_A                    ; 1                    ; Untyped                                                   ;
; WIDTH_BYTEENA_B                    ; 1                    ; Untyped                                                   ;
; RAM_BLOCK_TYPE                     ; AUTO                 ; Untyped                                                   ;
; BYTE_SIZE                          ; 8                    ; Untyped                                                   ;
; READ_DURING_WRITE_MODE_MIXED_PORTS ; DONT_CARE            ; Untyped                                                   ;
; READ_DURING_WRITE_MODE_PORT_A      ; NEW_DATA_NO_NBE_READ ; Untyped                                                   ;
; READ_DURING_WRITE_MODE_PORT_B      ; NEW_DATA_NO_NBE_READ ; Untyped                                                   ;
; INIT_FILE                          ; UNUSED               ; Untyped                                                   ;
; INIT_FILE_LAYOUT                   ; PORT_A               ; Untyped                                                   ;
; MAXIMUM_DEPTH                      ; 0                    ; Untyped                                                   ;
; CLOCK_ENABLE_INPUT_A               ; NORMAL               ; Untyped                                                   ;
; CLOCK_ENABLE_INPUT_B               ; NORMAL               ; Untyped                                                   ;
; CLOCK_ENABLE_OUTPUT_A              ; NORMAL               ; Untyped                                                   ;
; CLOCK_ENABLE_OUTPUT_B              ; NORMAL               ; Untyped                                                   ;
; CLOCK_ENABLE_CORE_A                ; USE_INPUT_CLKEN      ; Untyped                                                   ;
; CLOCK_ENABLE_CORE_B                ; USE_INPUT_CLKEN      ; Untyped                                                   ;
; ENABLE_ECC                         ; FALSE                ; Untyped                                                   ;
; ECC_PIPELINE_STAGE_ENABLED         ; FALSE                ; Untyped                                                   ;
; WIDTH_ECCSTATUS                    ; 3                    ; Untyped                                                   ;
; DEVICE_FAMILY                      ; Cyclone IV E         ; Untyped                                                   ;
; CBXI_PARAMETER                     ; altsyncram_cf41      ; Untyped                                                   ;
+------------------------------------+----------------------+-----------------------------------------------------------+
Note: In order to hide this table in the UI and the text report file, please set the "Show Parameter Settings in Synthesis Report" option in "Analysis and Synthesis Settings -> More Settings" to "Off".


+------------------------------------------------------------------------------------------------------------------+
; altsyncram Parameter Settings by Entity Instance                                                                 ;
+-------------------------------------------+----------------------------------------------------------------------+
; Name                                      ; Value                                                                ;
+-------------------------------------------+----------------------------------------------------------------------+
; Number of entity instances                ; 1                                                                    ;
; Entity Instance                           ; RISCV_processador:cpu|data_memory:data_mem_inst|altsyncram:mem_rtl_0 ;
;     -- OPERATION_MODE                     ; SINGLE_PORT                                                          ;
;     -- WIDTH_A                            ; 32                                                                   ;
;     -- NUMWORDS_A                         ; 256                                                                  ;
;     -- OUTDATA_REG_A                      ; UNREGISTERED                                                         ;
;     -- WIDTH_B                            ; 1                                                                    ;
;     -- NUMWORDS_B                         ; 1                                                                    ;
;     -- ADDRESS_REG_B                      ; CLOCK1                                                               ;
;     -- OUTDATA_REG_B                      ; UNREGISTERED                                                         ;
;     -- RAM_BLOCK_TYPE                     ; AUTO                                                                 ;
;     -- READ_DURING_WRITE_MODE_MIXED_PORTS ; DONT_CARE                                                            ;
+-------------------------------------------+----------------------------------------------------------------------+


+---------------------------------------------------------------------------------------------------------------------------------+
; Port Connectivity Checks: "RISCV_processador:cpu|decoder_mmio_output:dec_out_inst"                                              ;
+-----------------------+--------+----------+-------------------------------------------------------------------------------------+
; Port                  ; Type   ; Severity ; Details                                                                             ;
+-----------------------+--------+----------+-------------------------------------------------------------------------------------+
; Display_WriteEnable_o ; Output ; Info     ; Connected to dangling logic. Logic that only feeds a dangling port will be removed. ;
+-----------------------+--------+----------+-------------------------------------------------------------------------------------+


+-------------------------------------------------------------------------------------------------------------------------+
; Port Connectivity Checks: "RISCV_processador:cpu|ula:ula_inst"                                                          ;
+---------------+--------+----------+-------------------------------------------------------------------------------------+
; Port          ; Type   ; Severity ; Details                                                                             ;
+---------------+--------+----------+-------------------------------------------------------------------------------------+
; overflow_flag ; Output ; Info     ; Connected to dangling logic. Logic that only feeds a dangling port will be removed. ;
+---------------+--------+----------+-------------------------------------------------------------------------------------+


+-------------------------------------------------------------------------------------------------------------------------+
; Port Connectivity Checks: "RISCV_processador:cpu"                                                                       ;
+---------------+--------+----------+-------------------------------------------------------------------------------------+
; Port          ; Type   ; Severity ; Details                                                                             ;
+---------------+--------+----------+-------------------------------------------------------------------------------------+
; next_pc_debug ; Output ; Info     ; Connected to dangling logic. Logic that only feeds a dangling port will be removed. ;
+---------------+--------+----------+-------------------------------------------------------------------------------------+


+---------------------------------------------------------------+
; Port Connectivity Checks: "input_device:input_unit"           ;
+-----------------------------+-------+----------+--------------+
; Port                        ; Type  ; Severity ; Details      ;
+-----------------------------+-------+----------+--------------+
; physical_switches_i[31..18] ; Input ; Info     ; Stuck at GND ;
+-----------------------------+-------+----------+--------------+


+-----------------------------------------------------+
; Post-Synthesis Netlist Statistics for Top Partition ;
+-----------------------+-----------------------------+
; Type                  ; Count                       ;
+-----------------------+-----------------------------+
; boundary_port         ; 89                          ;
; cycloneiii_ff         ; 280                         ;
;     CLR               ; 57                          ;
;     CLR SLD           ; 9                           ;
;     ENA CLR           ; 170                         ;
;     ENA SLD           ; 40                          ;
;     plain             ; 4                           ;
; cycloneiii_lcell_comb ; 1152                        ;
;     arith             ; 151                         ;
;         2 data inputs ; 118                         ;
;         3 data inputs ; 33                          ;
;     normal            ; 1001                        ;
;         0 data inputs ; 1                           ;
;         1 data inputs ; 23                          ;
;         2 data inputs ; 16                          ;
;         3 data inputs ; 102                         ;
;         4 data inputs ; 859                         ;
; cycloneiii_ram_block  ; 32                          ;
;                       ;                             ;
; Max LUT depth         ; 30.00                       ;
; Average LUT depth     ; 15.73                       ;
+-----------------------+-----------------------------+


+-------------------------------+
; Elapsed Time Per Partition    ;
+----------------+--------------+
; Partition Name ; Elapsed Time ;
+----------------+--------------+
; Top            ; 00:00:05     ;
+----------------+--------------+


+-------------------------------+
; Analysis & Synthesis Messages ;
+-------------------------------+
Info: *******************************************************************
Info: Running Quartus Prime Analysis & Synthesis
    Info: Version 17.1.0 Build 590 10/25/2017 SJ Lite Edition
    Info: Processing started: Thu Jul 24 12:58:04 2025
Info: Command: quartus_map --read_settings_files=on --write_settings_files=off RISCV_processador -c RISCV_processador
Warning (18236): Number of processors has not been specified which may cause overloading on shared machines.  Set the global assignment NUM_PARALLEL_PROCESSORS in your QSF to an appropriate value for best performance.
Info (20030): Parallel compilation is enabled and will use 5 of the 5 processors detected
Info (12021): Found 1 design units, including 1 entities, in source file sinteses/input_device.v
    Info (12023): Found entity 1: input_device File: C:/Users/User/Desktop/RISCV/RISC-V/sinteses/input_device.v Line: 1
Info (12021): Found 1 design units, including 1 entities, in source file sinteses/unidadeprocessamento.v
    Info (12023): Found entity 1: UnidadeProcessamento File: C:/Users/User/Desktop/RISCV/RISC-V/sinteses/UnidadeProcessamento.v Line: 2
Info (12021): Found 1 design units, including 1 entities, in source file sinteses/unidade_de_controle.v
    Info (12023): Found entity 1: Unidade_de_controle File: C:/Users/User/Desktop/RISCV/RISC-V/sinteses/Unidade_de_controle.v Line: 1
Info (12021): Found 1 design units, including 1 entities, in source file sinteses/ula.v
    Info (12023): Found entity 1: ula File: C:/Users/User/Desktop/RISCV/RISC-V/sinteses/ula.v Line: 1
Info (12021): Found 1 design units, including 1 entities, in source file sinteses/riscv_processador.v
    Info (12023): Found entity 1: RISCV_processador File: C:/Users/User/Desktop/RISCV/RISC-V/sinteses/RISCV_processador.v Line: 1
Info (12021): Found 1 design units, including 1 entities, in source file sinteses/program_counter.v
    Info (12023): Found entity 1: program_counter File: C:/Users/User/Desktop/RISCV/RISC-V/sinteses/program_counter.v Line: 2
Info (12021): Found 1 design units, including 1 entities, in source file sinteses/pc_target_adder.v
    Info (12023): Found entity 1: pc_target_adder File: C:/Users/User/Desktop/RISCV/RISC-V/sinteses/pc_target_adder.v Line: 5
Info (12021): Found 1 design units, including 1 entities, in source file sinteses/pc_plus_4_adder.v
    Info (12023): Found entity 1: pc_plus_4_adder File: C:/Users/User/Desktop/RISCV/RISC-V/sinteses/pc_plus_4_adder.v Line: 3
Info (12021): Found 1 design units, including 1 entities, in source file sinteses/mux4_pc_source.v
    Info (12023): Found entity 1: Mux4_pc_source File: C:/Users/User/Desktop/RISCV/RISC-V/sinteses/Mux4_pc_source.v Line: 4
Info (12021): Found 1 design units, including 1 entities, in source file sinteses/mux3.v
    Info (12023): Found entity 1: Mux3 File: C:/Users/User/Desktop/RISCV/RISC-V/sinteses/Mux3.v Line: 4
Info (12021): Found 1 design units, including 1 entities, in source file sinteses/mux2.v
    Info (12023): Found entity 1: Mux2 File: C:/Users/User/Desktop/RISCV/RISC-V/sinteses/Mux2.v Line: 2
Info (12021): Found 1 design units, including 1 entities, in source file sinteses/mux1.v
    Info (12023): Found entity 1: Mux1 File: C:/Users/User/Desktop/RISCV/RISC-V/sinteses/Mux1.v Line: 2
Info (12021): Found 1 design units, including 1 entities, in source file sinteses/mux_pc_source.v
    Info (12023): Found entity 1: mux_pc_source File: C:/Users/User/Desktop/RISCV/RISC-V/sinteses/mux_pc_source.v Line: 3
Info (12021): Found 1 design units, including 1 entities, in source file sinteses/instruction_memory.v
    Info (12023): Found entity 1: instruction_memory File: C:/Users/User/Desktop/RISCV/RISC-V/sinteses/instruction_memory.v Line: 2
Info (12021): Found 1 design units, including 1 entities, in source file sinteses/extensor.v
    Info (12023): Found entity 1: extensor File: C:/Users/User/Desktop/RISCV/RISC-V/sinteses/extensor.v Line: 1
Info (12021): Found 1 design units, including 1 entities, in source file sinteses/div_mult.v
    Info (12023): Found entity 1: div_mult File: C:/Users/User/Desktop/RISCV/RISC-V/sinteses/div_mult.v Line: 1
Info (12021): Found 1 design units, including 1 entities, in source file sinteses/decoder_mmio_output.v
    Info (12023): Found entity 1: decoder_mmio_output File: C:/Users/User/Desktop/RISCV/RISC-V/sinteses/decoder_mmio_output.v Line: 1
Info (12021): Found 1 design units, including 1 entities, in source file sinteses/decoder_mmio_input.v
    Info (12023): Found entity 1: decoder_mmio_input File: C:/Users/User/Desktop/RISCV/RISC-V/sinteses/decoder_mmio_input.v Line: 1
Info (12021): Found 1 design units, including 1 entities, in source file sinteses/data_memory.v
    Info (12023): Found entity 1: data_memory File: C:/Users/User/Desktop/RISCV/RISC-V/sinteses/data_memory.v Line: 1
Info (12021): Found 1 design units, including 1 entities, in source file sinteses/brench.v
    Info (12023): Found entity 1: brench File: C:/Users/User/Desktop/RISCV/RISC-V/sinteses/brench.v Line: 1
Info (12021): Found 1 design units, including 1 entities, in source file sinteses/bancoderegistradores.v
    Info (12023): Found entity 1: bancoderegistradores File: C:/Users/User/Desktop/RISCV/RISC-V/sinteses/bancoderegistradores.v Line: 1
Info (12021): Found 1 design units, including 1 entities, in source file sinteses/toplevel.v
    Info (12023): Found entity 1: toplevel File: C:/Users/User/Desktop/RISCV/RISC-V/sinteses/toplevel.v Line: 1
Info (12021): Found 1 design units, including 1 entities, in source file sinteses/display_device.v
    Info (12023): Found entity 1: display_device File: C:/Users/User/Desktop/RISCV/RISC-V/sinteses/display_device.v Line: 2
Warning (12019): Can't analyze file -- file sinteses/display_controller.v is missing
Info (12021): Found 1 design units, including 1 entities, in source file sinteses/binary_to_bcd.v
    Info (12023): Found entity 1: binary_to_bcd File: C:/Users/User/Desktop/RISCV/RISC-V/sinteses/binary_to_bcd.v Line: 1
Info (12021): Found 1 design units, including 1 entities, in source file sinteses/debouncer.v
    Info (12023): Found entity 1: debouncer File: C:/Users/User/Desktop/RISCV/RISC-V/sinteses/debouncer.v Line: 1
Info (12021): Found 1 design units, including 1 entities, in source file sinteses/clock_divider.v
    Info (12023): Found entity 1: clock_divider File: C:/Users/User/Desktop/RISCV/RISC-V/sinteses/clock_divider.v Line: 1
Warning (10236): Verilog HDL Implicit Net warning at RISCV_processador.v(20): created implicit net for "pc_stall" File: C:/Users/User/Desktop/RISCV/RISC-V/sinteses/RISCV_processador.v Line: 20
Info (12127): Elaborating entity "toplevel" for the top level hierarchy
Warning (10230): Verilog HDL assignment warning at toplevel.v(127): truncated value with size 32 to match size of target (25) File: C:/Users/User/Desktop/RISCV/RISC-V/sinteses/toplevel.v Line: 127
Info (12128): Elaborating entity "clock_divider" for hierarchy "clock_divider:clk_div_1hz" File: C:/Users/User/Desktop/RISCV/RISC-V/sinteses/toplevel.v Line: 37
Info (12128): Elaborating entity "debouncer" for hierarchy "debouncer:reset_debouncer" File: C:/Users/User/Desktop/RISCV/RISC-V/sinteses/toplevel.v Line: 44
Warning (10230): Verilog HDL assignment warning at debouncer.v(20): truncated value with size 32 to match size of target (20) File: C:/Users/User/Desktop/RISCV/RISC-V/sinteses/debouncer.v Line: 20
Info (12128): Elaborating entity "input_device" for hierarchy "input_device:input_unit" File: C:/Users/User/Desktop/RISCV/RISC-V/sinteses/toplevel.v Line: 62
Info (12128): Elaborating entity "RISCV_processador" for hierarchy "RISCV_processador:cpu" File: C:/Users/User/Desktop/RISCV/RISC-V/sinteses/toplevel.v Line: 74
Info (12128): Elaborating entity "pc_plus_4_adder" for hierarchy "RISCV_processador:cpu|pc_plus_4_adder:pc_plus_4_adder_inst" File: C:/Users/User/Desktop/RISCV/RISC-V/sinteses/RISCV_processador.v Line: 84
Info (12128): Elaborating entity "pc_target_adder" for hierarchy "RISCV_processador:cpu|pc_target_adder:pc_target_adder_inst" File: C:/Users/User/Desktop/RISCV/RISC-V/sinteses/RISCV_processador.v Line: 90
Info (12128): Elaborating entity "Mux4_pc_source" for hierarchy "RISCV_processador:cpu|Mux4_pc_source:mux4_inst" File: C:/Users/User/Desktop/RISCV/RISC-V/sinteses/RISCV_processador.v Line: 101
Info (12128): Elaborating entity "program_counter" for hierarchy "RISCV_processador:cpu|program_counter:program_counter_inst" File: C:/Users/User/Desktop/RISCV/RISC-V/sinteses/RISCV_processador.v Line: 109
Info (12128): Elaborating entity "instruction_memory" for hierarchy "RISCV_processador:cpu|instruction_memory:instruction_memory_inst" File: C:/Users/User/Desktop/RISCV/RISC-V/sinteses/RISCV_processador.v Line: 114
Warning (10030): Net "mem.data_a" at instruction_memory.v(7) has no driver or initial value, using a default initial value '0' File: C:/Users/User/Desktop/RISCV/RISC-V/sinteses/instruction_memory.v Line: 7
Warning (10030): Net "mem.waddr_a" at instruction_memory.v(7) has no driver or initial value, using a default initial value '0' File: C:/Users/User/Desktop/RISCV/RISC-V/sinteses/instruction_memory.v Line: 7
Warning (10030): Net "mem.we_a" at instruction_memory.v(7) has no driver or initial value, using a default initial value '0' File: C:/Users/User/Desktop/RISCV/RISC-V/sinteses/instruction_memory.v Line: 7
Info (12128): Elaborating entity "Unidade_de_controle" for hierarchy "RISCV_processador:cpu|Unidade_de_controle:unidade_de_controle_inst" File: C:/Users/User/Desktop/RISCV/RISC-V/sinteses/RISCV_processador.v Line: 133
Warning (10270): Verilog HDL Case Statement warning at Unidade_de_controle.v(72): incomplete case statement has no default case item File: C:/Users/User/Desktop/RISCV/RISC-V/sinteses/Unidade_de_controle.v Line: 72
Warning (10270): Verilog HDL Case Statement warning at Unidade_de_controle.v(107): incomplete case statement has no default case item File: C:/Users/User/Desktop/RISCV/RISC-V/sinteses/Unidade_de_controle.v Line: 107
Info (12128): Elaborating entity "extensor" for hierarchy "RISCV_processador:cpu|extensor:extensor_inst" File: C:/Users/User/Desktop/RISCV/RISC-V/sinteses/RISCV_processador.v Line: 138
Info (12128): Elaborating entity "bancoderegistradores" for hierarchy "RISCV_processador:cpu|bancoderegistradores:bancoderegistradores_inst" File: C:/Users/User/Desktop/RISCV/RISC-V/sinteses/RISCV_processador.v Line: 155
Warning (10240): Verilog HDL Always Construct warning at bancoderegistradores.v(24): inferring latch(es) for variable "i", which holds its previous value in one or more paths through the always construct File: C:/Users/User/Desktop/RISCV/RISC-V/sinteses/bancoderegistradores.v Line: 24
Info (12128): Elaborating entity "Mux1" for hierarchy "RISCV_processador:cpu|Mux1:mux1_inst" File: C:/Users/User/Desktop/RISCV/RISC-V/sinteses/RISCV_processador.v Line: 163
Info (12128): Elaborating entity "ula" for hierarchy "RISCV_processador:cpu|ula:ula_inst" File: C:/Users/User/Desktop/RISCV/RISC-V/sinteses/RISCV_processador.v Line: 173
Info (12128): Elaborating entity "div_mult" for hierarchy "RISCV_processador:cpu|div_mult:div_mult_inst" File: C:/Users/User/Desktop/RISCV/RISC-V/sinteses/RISCV_processador.v Line: 180
Info (12128): Elaborating entity "brench" for hierarchy "RISCV_processador:cpu|brench:branch_inst" File: C:/Users/User/Desktop/RISCV/RISC-V/sinteses/RISCV_processador.v Line: 189
Info (12128): Elaborating entity "Mux2" for hierarchy "RISCV_processador:cpu|Mux2:mux2_inst" File: C:/Users/User/Desktop/RISCV/RISC-V/sinteses/RISCV_processador.v Line: 197
Info (12128): Elaborating entity "decoder_mmio_output" for hierarchy "RISCV_processador:cpu|decoder_mmio_output:dec_out_inst" File: C:/Users/User/Desktop/RISCV/RISC-V/sinteses/RISCV_processador.v Line: 205
Info (12128): Elaborating entity "data_memory" for hierarchy "RISCV_processador:cpu|data_memory:data_mem_inst" File: C:/Users/User/Desktop/RISCV/RISC-V/sinteses/RISCV_processador.v Line: 215
Info (12128): Elaborating entity "decoder_mmio_input" for hierarchy "RISCV_processador:cpu|decoder_mmio_input:dec_in_inst" File: C:/Users/User/Desktop/RISCV/RISC-V/sinteses/RISCV_processador.v Line: 221
Info (12128): Elaborating entity "Mux3" for hierarchy "RISCV_processador:cpu|Mux3:mux3_inst" File: C:/Users/User/Desktop/RISCV/RISC-V/sinteses/RISCV_processador.v Line: 234
Info (12128): Elaborating entity "binary_to_bcd" for hierarchy "binary_to_bcd:bcd_converter" File: C:/Users/User/Desktop/RISCV/RISC-V/sinteses/toplevel.v Line: 91
Warning (10230): Verilog HDL assignment warning at binary_to_bcd.v(36): truncated value with size 32 to match size of target (4) File: C:/Users/User/Desktop/RISCV/RISC-V/sinteses/binary_to_bcd.v Line: 36
Warning (10230): Verilog HDL assignment warning at binary_to_bcd.v(35): truncated value with size 32 to match size of target (4) File: C:/Users/User/Desktop/RISCV/RISC-V/sinteses/binary_to_bcd.v Line: 35
Warning (10230): Verilog HDL assignment warning at binary_to_bcd.v(34): truncated value with size 32 to match size of target (4) File: C:/Users/User/Desktop/RISCV/RISC-V/sinteses/binary_to_bcd.v Line: 34
Warning (10230): Verilog HDL assignment warning at binary_to_bcd.v(33): truncated value with size 32 to match size of target (4) File: C:/Users/User/Desktop/RISCV/RISC-V/sinteses/binary_to_bcd.v Line: 33
Warning (10230): Verilog HDL assignment warning at binary_to_bcd.v(32): truncated value with size 32 to match size of target (4) File: C:/Users/User/Desktop/RISCV/RISC-V/sinteses/binary_to_bcd.v Line: 32
Warning (10230): Verilog HDL assignment warning at binary_to_bcd.v(31): truncated value with size 32 to match size of target (4) File: C:/Users/User/Desktop/RISCV/RISC-V/sinteses/binary_to_bcd.v Line: 31
Warning (10230): Verilog HDL assignment warning at binary_to_bcd.v(30): truncated value with size 32 to match size of target (4) File: C:/Users/User/Desktop/RISCV/RISC-V/sinteses/binary_to_bcd.v Line: 30
Warning (10230): Verilog HDL assignment warning at binary_to_bcd.v(29): truncated value with size 32 to match size of target (4) File: C:/Users/User/Desktop/RISCV/RISC-V/sinteses/binary_to_bcd.v Line: 29
Warning (127007): Memory Initialization File or Hexadecimal (Intel-Format) File "C:/Users/User/Desktop/RISCV/RISC-V/db/RISCV_processador.ram0_instruction_memory_68fd8bb8.hdl.mif" contains "don't care" values -- overwriting them with 0s
Info (19000): Inferred 1 megafunctions from design logic
    Info (276029): Inferred altsyncram megafunction from the following design logic: "RISCV_processador:cpu|data_memory:data_mem_inst|mem_rtl_0" 
        Info (286033): Parameter OPERATION_MODE set to SINGLE_PORT
        Info (286033): Parameter WIDTH_A set to 32
        Info (286033): Parameter WIDTHAD_A set to 8
        Info (286033): Parameter NUMWORDS_A set to 256
        Info (286033): Parameter OUTDATA_REG_A set to UNREGISTERED
        Info (286033): Parameter ADDRESS_ACLR_A set to NONE
        Info (286033): Parameter OUTDATA_ACLR_A set to NONE
        Info (286033): Parameter INDATA_ACLR_A set to NONE
        Info (286033): Parameter WRCONTROL_ACLR_A set to NONE
Info (12130): Elaborated megafunction instantiation "RISCV_processador:cpu|data_memory:data_mem_inst|altsyncram:mem_rtl_0"
Info (12133): Instantiated megafunction "RISCV_processador:cpu|data_memory:data_mem_inst|altsyncram:mem_rtl_0" with the following parameter:
    Info (12134): Parameter "OPERATION_MODE" = "SINGLE_PORT"
    Info (12134): Parameter "WIDTH_A" = "32"
    Info (12134): Parameter "WIDTHAD_A" = "8"
    Info (12134): Parameter "NUMWORDS_A" = "256"
    Info (12134): Parameter "OUTDATA_REG_A" = "UNREGISTERED"
    Info (12134): Parameter "ADDRESS_ACLR_A" = "NONE"
    Info (12134): Parameter "OUTDATA_ACLR_A" = "NONE"
    Info (12134): Parameter "INDATA_ACLR_A" = "NONE"
    Info (12134): Parameter "WRCONTROL_ACLR_A" = "NONE"
Info (12021): Found 1 design units, including 1 entities, in source file db/altsyncram_cf41.tdf
    Info (12023): Found entity 1: altsyncram_cf41 File: C:/Users/User/Desktop/RISCV/RISC-V/db/altsyncram_cf41.tdf Line: 27
Info (286030): Timing-Driven Synthesis is running
Info (17049): 320 registers lost all their fanouts during netlist optimizations.
Info (16010): Generating hard_block partition "hard_block:auto_generated_inst"
    Info (16011): Adding 0 node(s), including 0 DDIO, 0 PLL, 0 transceiver and 0 LCELL
Warning (21074): Design contains 2 input pin(s) that do not drive logic
    Warning (15610): No output dependent on input pin "KEY[2]" File: C:/Users/User/Desktop/RISCV/RISC-V/sinteses/toplevel.v Line: 4
    Warning (15610): No output dependent on input pin "KEY[3]" File: C:/Users/User/Desktop/RISCV/RISC-V/sinteses/toplevel.v Line: 4
Info (21057): Implemented 1404 device resources after synthesis - the final resource count might be different
    Info (21058): Implemented 23 input pins
    Info (21059): Implemented 66 output pins
    Info (21061): Implemented 1283 logic cells
    Info (21064): Implemented 32 RAM segments
Info: Quartus Prime Analysis & Synthesis was successful. 0 errors, 23 warnings
    Info: Peak virtual memory: 4801 megabytes
    Info: Processing ended: Thu Jul 24 12:58:17 2025
    Info: Elapsed time: 00:00:13
    Info: Total CPU time (on all processors): 00:00:21


