TimeQuest Timing Analyzer report for RISCV_processador
Fri Jul 25 21:45:04 2025
Quartus Prime Version 17.1.0 Build 590 10/25/2017 SJ Lite Edition


---------------------
; Table of Contents ;
---------------------
  1. Legal Notice
  2. TimeQuest Timing Analyzer Summary
  3. Parallel Compilation
  4. SDC File List
  5. Clocks
  6. Slow 1200mV 85C Model Fmax Summary
  7. Timing Closure Recommendations
  8. Slow 1200mV 85C Model Setup Summary
  9. Slow 1200mV 85C Model Hold Summary
 10. Slow 1200mV 85C Model Recovery Summary
 11. Slow 1200mV 85C Model Removal Summary
 12. Slow 1200mV 85C Model Minimum Pulse Width Summary
 13. Slow 1200mV 85C Model Setup: 'CLOCK_50'
 14. Slow 1200mV 85C Model Hold: 'CLOCK_50'
 15. Slow 1200mV 85C Model Recovery: 'CLOCK_50'
 16. Slow 1200mV 85C Model Removal: 'CLOCK_50'
 17. Slow 1200mV 85C Model Metastability Summary
 18. Slow 1200mV 0C Model Fmax Summary
 19. Slow 1200mV 0C Model Setup Summary
 20. Slow 1200mV 0C Model Hold Summary
 21. Slow 1200mV 0C Model Recovery Summary
 22. Slow 1200mV 0C Model Removal Summary
 23. Slow 1200mV 0C Model Minimum Pulse Width Summary
 24. Slow 1200mV 0C Model Setup: 'CLOCK_50'
 25. Slow 1200mV 0C Model Hold: 'CLOCK_50'
 26. Slow 1200mV 0C Model Recovery: 'CLOCK_50'
 27. Slow 1200mV 0C Model Removal: 'CLOCK_50'
 28. Slow 1200mV 0C Model Metastability Summary
 29. Fast 1200mV 0C Model Setup Summary
 30. Fast 1200mV 0C Model Hold Summary
 31. Fast 1200mV 0C Model Recovery Summary
 32. Fast 1200mV 0C Model Removal Summary
 33. Fast 1200mV 0C Model Minimum Pulse Width Summary
 34. Fast 1200mV 0C Model Setup: 'CLOCK_50'
 35. Fast 1200mV 0C Model Hold: 'CLOCK_50'
 36. Fast 1200mV 0C Model Recovery: 'CLOCK_50'
 37. Fast 1200mV 0C Model Removal: 'CLOCK_50'
 38. Fast 1200mV 0C Model Metastability Summary
 39. Multicorner Timing Analysis Summary
 40. Board Trace Model Assignments
 41. Input Transition Times
 42. Signal Integrity Metrics (Slow 1200mv 0c Model)
 43. Signal Integrity Metrics (Slow 1200mv 85c Model)
 44. Signal Integrity Metrics (Fast 1200mv 0c Model)
 45. Setup Transfers
 46. Hold Transfers
 47. Recovery Transfers
 48. Removal Transfers
 49. Report TCCS
 50. Report RSKM
 51. Unconstrained Paths Summary
 52. Clock Status Summary
 53. Unconstrained Input Ports
 54. Unconstrained Output Ports
 55. Unconstrained Input Ports
 56. Unconstrained Output Ports
 57. TimeQuest Timing Analyzer Messages



----------------
; Legal Notice ;
----------------
Copyright (C) 2017  Intel Corporation. All rights reserved.
Your use of Intel Corporation's design tools, logic functions 
and other software and tools, and its AMPP partner logic 
functions, and any output files from any of the foregoing 
(including device programming or simulation files), and any 
associated documentation or information are expressly subject 
to the terms and conditions of the Intel Program License 
Subscription Agreement, the Intel Quartus Prime License Agreement,
the Intel FPGA IP License Agreement, or other applicable license
agreement, including, without limitation, that your use is for
the sole purpose of programming logic devices manufactured by
Intel and sold by Intel or its authorized distributors.  Please
refer to the applicable agreement for further details.



+-----------------------------------------------------------------------------+
; TimeQuest Timing Analyzer Summary                                           ;
+-----------------------+-----------------------------------------------------+
; Quartus Prime Version ; Version 17.1.0 Build 590 10/25/2017 SJ Lite Edition ;
; Timing Analyzer       ; TimeQuest                                           ;
; Revision Name         ; RISCV_processador                                   ;
; Device Family         ; Cyclone IV E                                        ;
; Device Name           ; EP4CE115F29C7                                       ;
; Timing Models         ; Final                                               ;
; Delay Model           ; Combined                                            ;
; Rise/Fall Delays      ; Enabled                                             ;
+-----------------------+-----------------------------------------------------+


+------------------------------------------+
; Parallel Compilation                     ;
+----------------------------+-------------+
; Processors                 ; Number      ;
+----------------------------+-------------+
; Number detected on machine ; 10          ;
; Maximum allowed            ; 5           ;
;                            ;             ;
; Average used               ; 1.14        ;
; Maximum used               ; 5           ;
;                            ;             ;
; Usage by Processor         ; % Time Used ;
;     Processor 1            ; 100.0%      ;
;     Processor 2            ;   4.0%      ;
;     Processor 3            ;   3.6%      ;
;     Processors 4-5         ;   3.2%      ;
+----------------------------+-------------+


+-----------------------------------------------------------+
; SDC File List                                             ;
+-----------------------+--------+--------------------------+
; SDC File Path         ; Status ; Read at                  ;
+-----------------------+--------+--------------------------+
; RISCV_processador.sdc ; OK     ; Fri Jul 25 21:45:03 2025 ;
+-----------------------+--------+--------------------------+


+--------------------------------------------------------------------------------------------------------------------------------------------------------------------------------------+
; Clocks                                                                                                                                                                               ;
+------------+------+--------+-----------+-------+--------+------------+-----------+-------------+-------+--------+-----------+------------+----------+--------+--------+--------------+
; Clock Name ; Type ; Period ; Frequency ; Rise  ; Fall   ; Duty Cycle ; Divide by ; Multiply by ; Phase ; Offset ; Edge List ; Edge Shift ; Inverted ; Master ; Source ; Targets      ;
+------------+------+--------+-----------+-------+--------+------------+-----------+-------------+-------+--------+-----------+------------+----------+--------+--------+--------------+
; CLOCK_50   ; Base ; 20.000 ; 50.0 MHz  ; 0.000 ; 10.000 ;            ;           ;             ;       ;        ;           ;            ;          ;        ;        ; { CLOCK_50 } ;
+------------+------+--------+-----------+-------+--------+------------+-----------+-------------+-------+--------+-----------+------------+----------+--------+--------+--------------+


+--------------------------------------------------+
; Slow 1200mV 85C Model Fmax Summary               ;
+------------+-----------------+------------+------+
; Fmax       ; Restricted Fmax ; Clock Name ; Note ;
+------------+-----------------+------------+------+
; 139.06 MHz ; 139.06 MHz      ; CLOCK_50   ;      ;
+------------+-----------------+------------+------+
This panel reports FMAX for every clock in the design, regardless of the user-specified clock periods.  FMAX is only computed for paths where the source and destination registers or ports are driven by the same clock.  Paths of different clocks, including generated clocks, are ignored.  For paths between a clock and its inversion, FMAX is computed as if the rising and falling edges are scaled along with FMAX, such that the duty cycle (in terms of a percentage) is maintained. Altera recommends that you always use clock constraints and other slack reports for sign-off analysis.


----------------------------------
; Timing Closure Recommendations ;
----------------------------------
HTML report is unavailable in plain text report export.


+-------------------------------------+
; Slow 1200mV 85C Model Setup Summary ;
+----------+--------+-----------------+
; Clock    ; Slack  ; End Point TNS   ;
+----------+--------+-----------------+
; CLOCK_50 ; 12.809 ; 0.000           ;
+----------+--------+-----------------+


+------------------------------------+
; Slow 1200mV 85C Model Hold Summary ;
+----------+-------+-----------------+
; Clock    ; Slack ; End Point TNS   ;
+----------+-------+-----------------+
; CLOCK_50 ; 0.402 ; 0.000           ;
+----------+-------+-----------------+


+----------------------------------------+
; Slow 1200mV 85C Model Recovery Summary ;
+----------+--------+--------------------+
; Clock    ; Slack  ; End Point TNS      ;
+----------+--------+--------------------+
; CLOCK_50 ; 12.157 ; 0.000              ;
+----------+--------+--------------------+


+---------------------------------------+
; Slow 1200mV 85C Model Removal Summary ;
+----------+-------+--------------------+
; Clock    ; Slack ; End Point TNS      ;
+----------+-------+--------------------+
; CLOCK_50 ; 5.847 ; 0.000              ;
+----------+-------+--------------------+


+---------------------------------------------------+
; Slow 1200mV 85C Model Minimum Pulse Width Summary ;
+----------+-------+--------------------------------+
; Clock    ; Slack ; End Point TNS                  ;
+----------+-------+--------------------------------+
; CLOCK_50 ; 9.720 ; 0.000                          ;
+----------+-------+--------------------------------+


+------------------------------------------------------------------------------------------------------------------------------------------------------------------------+
; Slow 1200mV 85C Model Setup: 'CLOCK_50'                                                                                                                                ;
+--------+----------------------------------------------+------------------------------------------+--------------+-------------+--------------+------------+------------+
; Slack  ; From Node                                    ; To Node                                  ; Launch Clock ; Latch Clock ; Relationship ; Clock Skew ; Data Delay ;
+--------+----------------------------------------------+------------------------------------------+--------------+-------------+--------------+------------+------------+
; 12.809 ; clock_divider:clk_div_1hz|counter[2]         ; clock_divider:clk_div_1hz|tick           ; CLOCK_50     ; CLOCK_50    ; 20.000       ; -1.369     ; 5.840      ;
; 13.149 ; clock_divider_reg[1]                         ; clock_divider:clk_div_1hz|tick           ; CLOCK_50     ; CLOCK_50    ; 20.000       ; -1.374     ; 5.495      ;
; 13.332 ; clock_divider_reg[0]                         ; clock_divider:clk_div_1hz|tick           ; CLOCK_50     ; CLOCK_50    ; 20.000       ; -1.374     ; 5.312      ;
; 13.360 ; clock_divider:clk_div_1hz|counter[8]         ; clock_divider:clk_div_1hz|tick           ; CLOCK_50     ; CLOCK_50    ; 20.000       ; -1.369     ; 5.289      ;
; 13.436 ; clock_divider:clk_div_1hz|counter[6]         ; clock_divider:clk_div_1hz|tick           ; CLOCK_50     ; CLOCK_50    ; 20.000       ; -1.369     ; 5.213      ;
; 13.470 ; clock_divider:clk_div_1hz|counter[5]         ; clock_divider:clk_div_1hz|tick           ; CLOCK_50     ; CLOCK_50    ; 20.000       ; -1.369     ; 5.179      ;
; 13.496 ; clock_divider:clk_div_1hz|counter[7]         ; clock_divider:clk_div_1hz|tick           ; CLOCK_50     ; CLOCK_50    ; 20.000       ; -1.368     ; 5.154      ;
; 13.848 ; clock_divider:clk_div_1hz|counter[21]        ; clock_divider:clk_div_1hz|tick           ; CLOCK_50     ; CLOCK_50    ; 20.000       ; -1.373     ; 4.797      ;
; 13.898 ; clock_divider:clk_div_1hz|counter[17]        ; clock_divider:clk_div_1hz|tick           ; CLOCK_50     ; CLOCK_50    ; 20.000       ; -1.373     ; 4.747      ;
; 13.926 ; clock_divider:clk_div_1hz|counter[27]        ; clock_divider:clk_div_1hz|tick           ; CLOCK_50     ; CLOCK_50    ; 20.000       ; -1.373     ; 4.719      ;
; 13.963 ; clock_divider:clk_div_1hz|counter[31]        ; clock_divider:clk_div_1hz|tick           ; CLOCK_50     ; CLOCK_50    ; 20.000       ; -1.373     ; 4.682      ;
; 13.990 ; clock_divider:clk_div_1hz|counter[30]        ; clock_divider:clk_div_1hz|tick           ; CLOCK_50     ; CLOCK_50    ; 20.000       ; -1.373     ; 4.655      ;
; 14.010 ; clock_divider:clk_div_1hz|counter[23]        ; clock_divider:clk_div_1hz|tick           ; CLOCK_50     ; CLOCK_50    ; 20.000       ; -1.372     ; 4.636      ;
; 14.021 ; clock_divider:clk_div_1hz|counter[3]         ; clock_divider:clk_div_1hz|tick           ; CLOCK_50     ; CLOCK_50    ; 20.000       ; -1.369     ; 4.628      ;
; 14.036 ; clock_divider:clk_div_1hz|counter[26]        ; clock_divider:clk_div_1hz|tick           ; CLOCK_50     ; CLOCK_50    ; 20.000       ; -1.373     ; 4.609      ;
; 14.043 ; clock_divider:clk_div_1hz|counter[29]        ; clock_divider:clk_div_1hz|tick           ; CLOCK_50     ; CLOCK_50    ; 20.000       ; -1.373     ; 4.602      ;
; 14.087 ; clock_divider:clk_div_1hz|counter[24]        ; clock_divider:clk_div_1hz|tick           ; CLOCK_50     ; CLOCK_50    ; 20.000       ; -1.373     ; 4.558      ;
; 14.087 ; clock_divider:clk_div_1hz|counter[18]        ; clock_divider:clk_div_1hz|tick           ; CLOCK_50     ; CLOCK_50    ; 20.000       ; -1.373     ; 4.558      ;
; 14.096 ; clock_divider:clk_div_1hz|counter[28]        ; clock_divider:clk_div_1hz|tick           ; CLOCK_50     ; CLOCK_50    ; 20.000       ; -1.373     ; 4.549      ;
; 14.097 ; clock_divider:clk_div_1hz|counter[20]        ; clock_divider:clk_div_1hz|tick           ; CLOCK_50     ; CLOCK_50    ; 20.000       ; -1.372     ; 4.549      ;
; 14.098 ; clock_divider:clk_div_1hz|counter[11]        ; clock_divider:clk_div_1hz|tick           ; CLOCK_50     ; CLOCK_50    ; 20.000       ; -1.369     ; 4.551      ;
; 14.134 ; clock_divider:clk_div_1hz|counter[14]        ; clock_divider:clk_div_1hz|tick           ; CLOCK_50     ; CLOCK_50    ; 20.000       ; -1.369     ; 4.515      ;
; 14.164 ; clock_divider:clk_div_1hz|counter[10]        ; clock_divider:clk_div_1hz|tick           ; CLOCK_50     ; CLOCK_50    ; 20.000       ; -1.368     ; 4.486      ;
; 14.182 ; clock_divider:clk_div_1hz|counter[22]        ; clock_divider:clk_div_1hz|tick           ; CLOCK_50     ; CLOCK_50    ; 20.000       ; -1.373     ; 4.463      ;
; 14.218 ; clock_divider:clk_div_1hz|counter[16]        ; clock_divider:clk_div_1hz|tick           ; CLOCK_50     ; CLOCK_50    ; 20.000       ; -1.373     ; 4.427      ;
; 14.251 ; clock_divider:clk_div_1hz|counter[4]         ; clock_divider:clk_div_1hz|tick           ; CLOCK_50     ; CLOCK_50    ; 20.000       ; -1.369     ; 4.398      ;
; 14.290 ; clock_divider:clk_div_1hz|counter[13]        ; clock_divider:clk_div_1hz|tick           ; CLOCK_50     ; CLOCK_50    ; 20.000       ; -1.369     ; 4.359      ;
; 14.345 ; clock_divider:clk_div_1hz|counter[19]        ; clock_divider:clk_div_1hz|tick           ; CLOCK_50     ; CLOCK_50    ; 20.000       ; -1.372     ; 4.301      ;
; 14.403 ; clock_divider:clk_div_1hz|counter[12]        ; clock_divider:clk_div_1hz|tick           ; CLOCK_50     ; CLOCK_50    ; 20.000       ; -1.368     ; 4.247      ;
; 14.414 ; clock_divider:clk_div_1hz|counter[15]        ; clock_divider:clk_div_1hz|tick           ; CLOCK_50     ; CLOCK_50    ; 20.000       ; -1.368     ; 4.236      ;
; 14.424 ; clock_divider:clk_div_1hz|counter[25]        ; clock_divider:clk_div_1hz|tick           ; CLOCK_50     ; CLOCK_50    ; 20.000       ; -1.373     ; 4.221      ;
; 14.526 ; clock_divider:clk_div_1hz|counter[9]         ; clock_divider:clk_div_1hz|tick           ; CLOCK_50     ; CLOCK_50    ; 20.000       ; -1.368     ; 4.124      ;
; 15.436 ; debouncer:reset_debouncer|counter[11]        ; debouncer:reset_debouncer|counter[2]     ; CLOCK_50     ; CLOCK_50    ; 20.000       ; -0.086     ; 4.496      ;
; 15.436 ; debouncer:reset_debouncer|counter[11]        ; debouncer:reset_debouncer|counter[0]     ; CLOCK_50     ; CLOCK_50    ; 20.000       ; -0.086     ; 4.496      ;
; 15.436 ; debouncer:reset_debouncer|counter[11]        ; debouncer:reset_debouncer|counter[1]     ; CLOCK_50     ; CLOCK_50    ; 20.000       ; -0.086     ; 4.496      ;
; 15.436 ; debouncer:reset_debouncer|counter[11]        ; debouncer:reset_debouncer|counter[3]     ; CLOCK_50     ; CLOCK_50    ; 20.000       ; -0.086     ; 4.496      ;
; 15.436 ; debouncer:reset_debouncer|counter[11]        ; debouncer:reset_debouncer|counter[4]     ; CLOCK_50     ; CLOCK_50    ; 20.000       ; -0.086     ; 4.496      ;
; 15.436 ; debouncer:reset_debouncer|counter[11]        ; debouncer:reset_debouncer|counter[5]     ; CLOCK_50     ; CLOCK_50    ; 20.000       ; -0.086     ; 4.496      ;
; 15.436 ; debouncer:reset_debouncer|counter[11]        ; debouncer:reset_debouncer|counter[6]     ; CLOCK_50     ; CLOCK_50    ; 20.000       ; -0.086     ; 4.496      ;
; 15.436 ; debouncer:reset_debouncer|counter[11]        ; debouncer:reset_debouncer|counter[7]     ; CLOCK_50     ; CLOCK_50    ; 20.000       ; -0.086     ; 4.496      ;
; 15.436 ; debouncer:reset_debouncer|counter[11]        ; debouncer:reset_debouncer|counter[8]     ; CLOCK_50     ; CLOCK_50    ; 20.000       ; -0.086     ; 4.496      ;
; 15.436 ; debouncer:reset_debouncer|counter[11]        ; debouncer:reset_debouncer|counter[9]     ; CLOCK_50     ; CLOCK_50    ; 20.000       ; -0.086     ; 4.496      ;
; 15.493 ; clock_divider:clk_div_1hz|counter[2]         ; clock_divider:clk_div_1hz|counter[15]    ; CLOCK_50     ; CLOCK_50    ; 20.000       ; -0.081     ; 4.444      ;
; 15.494 ; clock_divider:clk_div_1hz|counter[2]         ; clock_divider:clk_div_1hz|counter[10]    ; CLOCK_50     ; CLOCK_50    ; 20.000       ; -0.081     ; 4.443      ;
; 15.495 ; clock_divider:clk_div_1hz|counter[2]         ; clock_divider:clk_div_1hz|counter[7]     ; CLOCK_50     ; CLOCK_50    ; 20.000       ; -0.081     ; 4.442      ;
; 15.496 ; clock_divider:clk_div_1hz|counter[2]         ; clock_divider:clk_div_1hz|counter[9]     ; CLOCK_50     ; CLOCK_50    ; 20.000       ; -0.081     ; 4.441      ;
; 15.496 ; clock_divider:clk_div_1hz|counter[2]         ; clock_divider:clk_div_1hz|counter[12]    ; CLOCK_50     ; CLOCK_50    ; 20.000       ; -0.081     ; 4.441      ;
; 15.517 ; debouncer:reset_debouncer|counter[15]        ; debouncer:reset_debouncer|counter[2]     ; CLOCK_50     ; CLOCK_50    ; 20.000       ; -0.086     ; 4.415      ;
; 15.517 ; debouncer:reset_debouncer|counter[15]        ; debouncer:reset_debouncer|counter[0]     ; CLOCK_50     ; CLOCK_50    ; 20.000       ; -0.086     ; 4.415      ;
; 15.517 ; debouncer:reset_debouncer|counter[15]        ; debouncer:reset_debouncer|counter[1]     ; CLOCK_50     ; CLOCK_50    ; 20.000       ; -0.086     ; 4.415      ;
; 15.517 ; debouncer:reset_debouncer|counter[15]        ; debouncer:reset_debouncer|counter[3]     ; CLOCK_50     ; CLOCK_50    ; 20.000       ; -0.086     ; 4.415      ;
; 15.517 ; debouncer:reset_debouncer|counter[15]        ; debouncer:reset_debouncer|counter[4]     ; CLOCK_50     ; CLOCK_50    ; 20.000       ; -0.086     ; 4.415      ;
; 15.517 ; debouncer:reset_debouncer|counter[15]        ; debouncer:reset_debouncer|counter[5]     ; CLOCK_50     ; CLOCK_50    ; 20.000       ; -0.086     ; 4.415      ;
; 15.517 ; debouncer:reset_debouncer|counter[15]        ; debouncer:reset_debouncer|counter[6]     ; CLOCK_50     ; CLOCK_50    ; 20.000       ; -0.086     ; 4.415      ;
; 15.517 ; debouncer:reset_debouncer|counter[15]        ; debouncer:reset_debouncer|counter[7]     ; CLOCK_50     ; CLOCK_50    ; 20.000       ; -0.086     ; 4.415      ;
; 15.517 ; debouncer:reset_debouncer|counter[15]        ; debouncer:reset_debouncer|counter[8]     ; CLOCK_50     ; CLOCK_50    ; 20.000       ; -0.086     ; 4.415      ;
; 15.517 ; debouncer:reset_debouncer|counter[15]        ; debouncer:reset_debouncer|counter[9]     ; CLOCK_50     ; CLOCK_50    ; 20.000       ; -0.086     ; 4.415      ;
; 15.525 ; debouncer:reset_debouncer|counter[14]        ; debouncer:reset_debouncer|counter[2]     ; CLOCK_50     ; CLOCK_50    ; 20.000       ; -0.086     ; 4.407      ;
; 15.525 ; debouncer:reset_debouncer|counter[14]        ; debouncer:reset_debouncer|counter[0]     ; CLOCK_50     ; CLOCK_50    ; 20.000       ; -0.086     ; 4.407      ;
; 15.525 ; debouncer:reset_debouncer|counter[14]        ; debouncer:reset_debouncer|counter[1]     ; CLOCK_50     ; CLOCK_50    ; 20.000       ; -0.086     ; 4.407      ;
; 15.525 ; debouncer:reset_debouncer|counter[14]        ; debouncer:reset_debouncer|counter[3]     ; CLOCK_50     ; CLOCK_50    ; 20.000       ; -0.086     ; 4.407      ;
; 15.525 ; debouncer:reset_debouncer|counter[14]        ; debouncer:reset_debouncer|counter[4]     ; CLOCK_50     ; CLOCK_50    ; 20.000       ; -0.086     ; 4.407      ;
; 15.525 ; debouncer:reset_debouncer|counter[14]        ; debouncer:reset_debouncer|counter[5]     ; CLOCK_50     ; CLOCK_50    ; 20.000       ; -0.086     ; 4.407      ;
; 15.525 ; debouncer:reset_debouncer|counter[14]        ; debouncer:reset_debouncer|counter[6]     ; CLOCK_50     ; CLOCK_50    ; 20.000       ; -0.086     ; 4.407      ;
; 15.525 ; debouncer:reset_debouncer|counter[14]        ; debouncer:reset_debouncer|counter[7]     ; CLOCK_50     ; CLOCK_50    ; 20.000       ; -0.086     ; 4.407      ;
; 15.525 ; debouncer:reset_debouncer|counter[14]        ; debouncer:reset_debouncer|counter[8]     ; CLOCK_50     ; CLOCK_50    ; 20.000       ; -0.086     ; 4.407      ;
; 15.525 ; debouncer:reset_debouncer|counter[14]        ; debouncer:reset_debouncer|counter[9]     ; CLOCK_50     ; CLOCK_50    ; 20.000       ; -0.086     ; 4.407      ;
; 15.614 ; debouncer:enter_debouncer|counter[8]         ; debouncer:enter_debouncer|counter[6]     ; CLOCK_50     ; CLOCK_50    ; 20.000       ; -0.081     ; 4.323      ;
; 15.614 ; debouncer:enter_debouncer|counter[8]         ; debouncer:enter_debouncer|counter[0]     ; CLOCK_50     ; CLOCK_50    ; 20.000       ; -0.081     ; 4.323      ;
; 15.614 ; debouncer:enter_debouncer|counter[8]         ; debouncer:enter_debouncer|counter[1]     ; CLOCK_50     ; CLOCK_50    ; 20.000       ; -0.081     ; 4.323      ;
; 15.614 ; debouncer:enter_debouncer|counter[8]         ; debouncer:enter_debouncer|counter[2]     ; CLOCK_50     ; CLOCK_50    ; 20.000       ; -0.081     ; 4.323      ;
; 15.614 ; debouncer:enter_debouncer|counter[8]         ; debouncer:enter_debouncer|counter[3]     ; CLOCK_50     ; CLOCK_50    ; 20.000       ; -0.081     ; 4.323      ;
; 15.614 ; debouncer:enter_debouncer|counter[8]         ; debouncer:enter_debouncer|counter[4]     ; CLOCK_50     ; CLOCK_50    ; 20.000       ; -0.081     ; 4.323      ;
; 15.614 ; debouncer:enter_debouncer|counter[8]         ; debouncer:enter_debouncer|counter[5]     ; CLOCK_50     ; CLOCK_50    ; 20.000       ; -0.081     ; 4.323      ;
; 15.614 ; debouncer:enter_debouncer|counter[8]         ; debouncer:enter_debouncer|counter[7]     ; CLOCK_50     ; CLOCK_50    ; 20.000       ; -0.081     ; 4.323      ;
; 15.614 ; debouncer:enter_debouncer|counter[8]         ; debouncer:enter_debouncer|counter[8]     ; CLOCK_50     ; CLOCK_50    ; 20.000       ; -0.081     ; 4.323      ;
; 15.614 ; debouncer:enter_debouncer|counter[8]         ; debouncer:enter_debouncer|counter[9]     ; CLOCK_50     ; CLOCK_50    ; 20.000       ; -0.081     ; 4.323      ;
; 15.633 ; debouncer:reset_debouncer|intermediate_state ; debouncer:reset_debouncer|button_out     ; CLOCK_50     ; CLOCK_50    ; 20.000       ; -0.098     ; 4.287      ;
; 15.706 ; debouncer:reset_debouncer|counter[12]        ; debouncer:reset_debouncer|counter[2]     ; CLOCK_50     ; CLOCK_50    ; 20.000       ; -0.086     ; 4.226      ;
; 15.706 ; debouncer:reset_debouncer|counter[12]        ; debouncer:reset_debouncer|counter[0]     ; CLOCK_50     ; CLOCK_50    ; 20.000       ; -0.086     ; 4.226      ;
; 15.706 ; debouncer:reset_debouncer|counter[12]        ; debouncer:reset_debouncer|counter[1]     ; CLOCK_50     ; CLOCK_50    ; 20.000       ; -0.086     ; 4.226      ;
; 15.706 ; debouncer:reset_debouncer|counter[12]        ; debouncer:reset_debouncer|counter[3]     ; CLOCK_50     ; CLOCK_50    ; 20.000       ; -0.086     ; 4.226      ;
; 15.706 ; debouncer:reset_debouncer|counter[12]        ; debouncer:reset_debouncer|counter[4]     ; CLOCK_50     ; CLOCK_50    ; 20.000       ; -0.086     ; 4.226      ;
; 15.706 ; debouncer:reset_debouncer|counter[12]        ; debouncer:reset_debouncer|counter[5]     ; CLOCK_50     ; CLOCK_50    ; 20.000       ; -0.086     ; 4.226      ;
; 15.706 ; debouncer:reset_debouncer|counter[12]        ; debouncer:reset_debouncer|counter[6]     ; CLOCK_50     ; CLOCK_50    ; 20.000       ; -0.086     ; 4.226      ;
; 15.706 ; debouncer:reset_debouncer|counter[12]        ; debouncer:reset_debouncer|counter[7]     ; CLOCK_50     ; CLOCK_50    ; 20.000       ; -0.086     ; 4.226      ;
; 15.706 ; debouncer:reset_debouncer|counter[12]        ; debouncer:reset_debouncer|counter[8]     ; CLOCK_50     ; CLOCK_50    ; 20.000       ; -0.086     ; 4.226      ;
; 15.706 ; debouncer:reset_debouncer|counter[12]        ; debouncer:reset_debouncer|counter[9]     ; CLOCK_50     ; CLOCK_50    ; 20.000       ; -0.086     ; 4.226      ;
; 15.738 ; debouncer:reset_debouncer|counter[10]        ; debouncer:reset_debouncer|counter[2]     ; CLOCK_50     ; CLOCK_50    ; 20.000       ; -0.086     ; 4.194      ;
; 15.738 ; debouncer:reset_debouncer|counter[10]        ; debouncer:reset_debouncer|counter[0]     ; CLOCK_50     ; CLOCK_50    ; 20.000       ; -0.086     ; 4.194      ;
; 15.738 ; debouncer:reset_debouncer|counter[10]        ; debouncer:reset_debouncer|counter[1]     ; CLOCK_50     ; CLOCK_50    ; 20.000       ; -0.086     ; 4.194      ;
; 15.738 ; debouncer:reset_debouncer|counter[10]        ; debouncer:reset_debouncer|counter[3]     ; CLOCK_50     ; CLOCK_50    ; 20.000       ; -0.086     ; 4.194      ;
; 15.738 ; debouncer:reset_debouncer|counter[10]        ; debouncer:reset_debouncer|counter[4]     ; CLOCK_50     ; CLOCK_50    ; 20.000       ; -0.086     ; 4.194      ;
; 15.738 ; debouncer:reset_debouncer|counter[10]        ; debouncer:reset_debouncer|counter[5]     ; CLOCK_50     ; CLOCK_50    ; 20.000       ; -0.086     ; 4.194      ;
; 15.738 ; debouncer:reset_debouncer|counter[10]        ; debouncer:reset_debouncer|counter[6]     ; CLOCK_50     ; CLOCK_50    ; 20.000       ; -0.086     ; 4.194      ;
; 15.738 ; debouncer:reset_debouncer|counter[10]        ; debouncer:reset_debouncer|counter[7]     ; CLOCK_50     ; CLOCK_50    ; 20.000       ; -0.086     ; 4.194      ;
; 15.738 ; debouncer:reset_debouncer|counter[10]        ; debouncer:reset_debouncer|counter[8]     ; CLOCK_50     ; CLOCK_50    ; 20.000       ; -0.086     ; 4.194      ;
; 15.738 ; debouncer:reset_debouncer|counter[10]        ; debouncer:reset_debouncer|counter[9]     ; CLOCK_50     ; CLOCK_50    ; 20.000       ; -0.086     ; 4.194      ;
; 15.739 ; debouncer:enter_debouncer|button_out         ; input_device:input_unit|captured_data[8] ; CLOCK_50     ; CLOCK_50    ; 20.000       ; -0.090     ; 4.189      ;
; 15.739 ; debouncer:enter_debouncer|button_out         ; input_device:input_unit|captured_data[9] ; CLOCK_50     ; CLOCK_50    ; 20.000       ; -0.090     ; 4.189      ;
+--------+----------------------------------------------+------------------------------------------+--------------+-------------+--------------+------------+------------+


+---------------------------------------------------------------------------------------------------------------------------------------------------------------------------+
; Slow 1200mV 85C Model Hold: 'CLOCK_50'                                                                                                                                    ;
+-------+----------------------------------------------+----------------------------------------------+--------------+-------------+--------------+------------+------------+
; Slack ; From Node                                    ; To Node                                      ; Launch Clock ; Latch Clock ; Relationship ; Clock Skew ; Data Delay ;
+-------+----------------------------------------------+----------------------------------------------+--------------+-------------+--------------+------------+------------+
; 0.402 ; input_device:input_unit|data_ready           ; input_device:input_unit|data_ready           ; CLOCK_50     ; CLOCK_50    ; 0.000        ; 0.081      ; 0.669      ;
; 0.402 ; debouncer:enter_debouncer|intermediate_state ; debouncer:enter_debouncer|intermediate_state ; CLOCK_50     ; CLOCK_50    ; 0.000        ; 0.081      ; 0.669      ;
; 0.402 ; debouncer:reset_debouncer|intermediate_state ; debouncer:reset_debouncer|intermediate_state ; CLOCK_50     ; CLOCK_50    ; 0.000        ; 0.081      ; 0.669      ;
; 0.409 ; clock_divider_reg[0]                         ; clock_divider_reg[0]                         ; CLOCK_50     ; CLOCK_50    ; 0.000        ; 0.079      ; 0.674      ;
; 0.457 ; debouncer:enter_debouncer|intermediate_state ; debouncer:enter_debouncer|button_out         ; CLOCK_50     ; CLOCK_50    ; 0.000        ; 0.081      ; 0.724      ;
; 0.634 ; clock_divider_reg[16]                        ; clock_divider_reg[16]                        ; CLOCK_50     ; CLOCK_50    ; 0.000        ; 0.080      ; 0.900      ;
; 0.634 ; clock_divider_reg[12]                        ; clock_divider_reg[12]                        ; CLOCK_50     ; CLOCK_50    ; 0.000        ; 0.079      ; 0.899      ;
; 0.635 ; clock_divider_reg[18]                        ; clock_divider_reg[18]                        ; CLOCK_50     ; CLOCK_50    ; 0.000        ; 0.080      ; 0.901      ;
; 0.635 ; clock_divider_reg[10]                        ; clock_divider_reg[10]                        ; CLOCK_50     ; CLOCK_50    ; 0.000        ; 0.079      ; 0.900      ;
; 0.635 ; clock_divider_reg[8]                         ; clock_divider_reg[8]                         ; CLOCK_50     ; CLOCK_50    ; 0.000        ; 0.079      ; 0.900      ;
; 0.635 ; clock_divider_reg[2]                         ; clock_divider_reg[2]                         ; CLOCK_50     ; CLOCK_50    ; 0.000        ; 0.079      ; 0.900      ;
; 0.636 ; clock_divider_reg[14]                        ; clock_divider_reg[14]                        ; CLOCK_50     ; CLOCK_50    ; 0.000        ; 0.080      ; 0.902      ;
; 0.637 ; clock_divider_reg[19]                        ; clock_divider_reg[19]                        ; CLOCK_50     ; CLOCK_50    ; 0.000        ; 0.080      ; 0.903      ;
; 0.637 ; clock_divider_reg[6]                         ; clock_divider_reg[6]                         ; CLOCK_50     ; CLOCK_50    ; 0.000        ; 0.079      ; 0.902      ;
; 0.637 ; clock_divider_reg[3]                         ; clock_divider_reg[3]                         ; CLOCK_50     ; CLOCK_50    ; 0.000        ; 0.079      ; 0.902      ;
; 0.638 ; clock_divider_reg[22]                        ; clock_divider_reg[22]                        ; CLOCK_50     ; CLOCK_50    ; 0.000        ; 0.080      ; 0.904      ;
; 0.638 ; clock_divider_reg[20]                        ; clock_divider_reg[20]                        ; CLOCK_50     ; CLOCK_50    ; 0.000        ; 0.080      ; 0.904      ;
; 0.638 ; clock_divider_reg[13]                        ; clock_divider_reg[13]                        ; CLOCK_50     ; CLOCK_50    ; 0.000        ; 0.080      ; 0.904      ;
; 0.638 ; clock_divider_reg[4]                         ; clock_divider_reg[4]                         ; CLOCK_50     ; CLOCK_50    ; 0.000        ; 0.079      ; 0.903      ;
; 0.639 ; clock_divider_reg[15]                        ; clock_divider_reg[15]                        ; CLOCK_50     ; CLOCK_50    ; 0.000        ; 0.080      ; 0.905      ;
; 0.640 ; clock_divider_reg[17]                        ; clock_divider_reg[17]                        ; CLOCK_50     ; CLOCK_50    ; 0.000        ; 0.080      ; 0.906      ;
; 0.640 ; clock_divider_reg[11]                        ; clock_divider_reg[11]                        ; CLOCK_50     ; CLOCK_50    ; 0.000        ; 0.079      ; 0.905      ;
; 0.640 ; clock_divider_reg[9]                         ; clock_divider_reg[9]                         ; CLOCK_50     ; CLOCK_50    ; 0.000        ; 0.079      ; 0.905      ;
; 0.640 ; clock_divider_reg[7]                         ; clock_divider_reg[7]                         ; CLOCK_50     ; CLOCK_50    ; 0.000        ; 0.079      ; 0.905      ;
; 0.641 ; clock_divider_reg[23]                        ; clock_divider_reg[23]                        ; CLOCK_50     ; CLOCK_50    ; 0.000        ; 0.080      ; 0.907      ;
; 0.641 ; clock_divider_reg[21]                        ; clock_divider_reg[21]                        ; CLOCK_50     ; CLOCK_50    ; 0.000        ; 0.080      ; 0.907      ;
; 0.641 ; clock_divider_reg[5]                         ; clock_divider_reg[5]                         ; CLOCK_50     ; CLOCK_50    ; 0.000        ; 0.079      ; 0.906      ;
; 0.641 ; debouncer:enter_debouncer|counter[7]         ; debouncer:enter_debouncer|counter[7]         ; CLOCK_50     ; CLOCK_50    ; 0.000        ; 0.081      ; 0.908      ;
; 0.641 ; debouncer:enter_debouncer|counter[10]        ; debouncer:enter_debouncer|counter[10]        ; CLOCK_50     ; CLOCK_50    ; 0.000        ; 0.081      ; 0.908      ;
; 0.642 ; debouncer:enter_debouncer|counter[6]         ; debouncer:enter_debouncer|counter[6]         ; CLOCK_50     ; CLOCK_50    ; 0.000        ; 0.081      ; 0.909      ;
; 0.642 ; debouncer:enter_debouncer|counter[13]        ; debouncer:enter_debouncer|counter[13]        ; CLOCK_50     ; CLOCK_50    ; 0.000        ; 0.081      ; 0.909      ;
; 0.642 ; debouncer:enter_debouncer|counter[5]         ; debouncer:enter_debouncer|counter[5]         ; CLOCK_50     ; CLOCK_50    ; 0.000        ; 0.081      ; 0.909      ;
; 0.642 ; debouncer:enter_debouncer|counter[12]        ; debouncer:enter_debouncer|counter[12]        ; CLOCK_50     ; CLOCK_50    ; 0.000        ; 0.081      ; 0.909      ;
; 0.642 ; debouncer:enter_debouncer|counter[16]        ; debouncer:enter_debouncer|counter[16]        ; CLOCK_50     ; CLOCK_50    ; 0.000        ; 0.081      ; 0.909      ;
; 0.642 ; debouncer:reset_debouncer|counter[13]        ; debouncer:reset_debouncer|counter[13]        ; CLOCK_50     ; CLOCK_50    ; 0.000        ; 0.081      ; 0.909      ;
; 0.642 ; debouncer:reset_debouncer|counter[7]         ; debouncer:reset_debouncer|counter[7]         ; CLOCK_50     ; CLOCK_50    ; 0.000        ; 0.080      ; 0.908      ;
; 0.642 ; debouncer:reset_debouncer|counter[8]         ; debouncer:reset_debouncer|counter[8]         ; CLOCK_50     ; CLOCK_50    ; 0.000        ; 0.080      ; 0.908      ;
; 0.642 ; debouncer:reset_debouncer|counter[9]         ; debouncer:reset_debouncer|counter[9]         ; CLOCK_50     ; CLOCK_50    ; 0.000        ; 0.080      ; 0.908      ;
; 0.642 ; debouncer:reset_debouncer|counter[12]        ; debouncer:reset_debouncer|counter[12]        ; CLOCK_50     ; CLOCK_50    ; 0.000        ; 0.081      ; 0.909      ;
; 0.642 ; debouncer:reset_debouncer|counter[16]        ; debouncer:reset_debouncer|counter[16]        ; CLOCK_50     ; CLOCK_50    ; 0.000        ; 0.081      ; 0.909      ;
; 0.643 ; debouncer:enter_debouncer|counter[2]         ; debouncer:enter_debouncer|counter[2]         ; CLOCK_50     ; CLOCK_50    ; 0.000        ; 0.081      ; 0.910      ;
; 0.643 ; debouncer:enter_debouncer|counter[4]         ; debouncer:enter_debouncer|counter[4]         ; CLOCK_50     ; CLOCK_50    ; 0.000        ; 0.081      ; 0.910      ;
; 0.643 ; debouncer:enter_debouncer|counter[14]        ; debouncer:enter_debouncer|counter[14]        ; CLOCK_50     ; CLOCK_50    ; 0.000        ; 0.081      ; 0.910      ;
; 0.643 ; debouncer:enter_debouncer|counter[15]        ; debouncer:enter_debouncer|counter[15]        ; CLOCK_50     ; CLOCK_50    ; 0.000        ; 0.081      ; 0.910      ;
; 0.643 ; debouncer:reset_debouncer|counter[5]         ; debouncer:reset_debouncer|counter[5]         ; CLOCK_50     ; CLOCK_50    ; 0.000        ; 0.080      ; 0.909      ;
; 0.643 ; debouncer:reset_debouncer|counter[6]         ; debouncer:reset_debouncer|counter[6]         ; CLOCK_50     ; CLOCK_50    ; 0.000        ; 0.080      ; 0.909      ;
; 0.643 ; debouncer:reset_debouncer|counter[14]        ; debouncer:reset_debouncer|counter[14]        ; CLOCK_50     ; CLOCK_50    ; 0.000        ; 0.081      ; 0.910      ;
; 0.643 ; debouncer:reset_debouncer|counter[15]        ; debouncer:reset_debouncer|counter[15]        ; CLOCK_50     ; CLOCK_50    ; 0.000        ; 0.081      ; 0.910      ;
; 0.644 ; clock_divider:clk_div_1hz|counter[8]         ; clock_divider:clk_div_1hz|counter[8]         ; CLOCK_50     ; CLOCK_50    ; 0.000        ; 0.080      ; 0.910      ;
; 0.644 ; clock_divider:clk_div_1hz|counter[5]         ; clock_divider:clk_div_1hz|counter[5]         ; CLOCK_50     ; CLOCK_50    ; 0.000        ; 0.080      ; 0.910      ;
; 0.644 ; debouncer:reset_debouncer|counter[2]         ; debouncer:reset_debouncer|counter[2]         ; CLOCK_50     ; CLOCK_50    ; 0.000        ; 0.080      ; 0.910      ;
; 0.644 ; debouncer:reset_debouncer|counter[4]         ; debouncer:reset_debouncer|counter[4]         ; CLOCK_50     ; CLOCK_50    ; 0.000        ; 0.080      ; 0.910      ;
; 0.645 ; debouncer:enter_debouncer|counter[11]        ; debouncer:enter_debouncer|counter[11]        ; CLOCK_50     ; CLOCK_50    ; 0.000        ; 0.081      ; 0.912      ;
; 0.645 ; debouncer:enter_debouncer|counter[18]        ; debouncer:enter_debouncer|counter[18]        ; CLOCK_50     ; CLOCK_50    ; 0.000        ; 0.081      ; 0.912      ;
; 0.645 ; debouncer:reset_debouncer|counter[18]        ; debouncer:reset_debouncer|counter[18]        ; CLOCK_50     ; CLOCK_50    ; 0.000        ; 0.081      ; 0.912      ;
; 0.646 ; debouncer:enter_debouncer|counter[3]         ; debouncer:enter_debouncer|counter[3]         ; CLOCK_50     ; CLOCK_50    ; 0.000        ; 0.081      ; 0.913      ;
; 0.647 ; debouncer:enter_debouncer|counter[1]         ; debouncer:enter_debouncer|counter[1]         ; CLOCK_50     ; CLOCK_50    ; 0.000        ; 0.081      ; 0.914      ;
; 0.647 ; debouncer:reset_debouncer|counter[3]         ; debouncer:reset_debouncer|counter[3]         ; CLOCK_50     ; CLOCK_50    ; 0.000        ; 0.080      ; 0.913      ;
; 0.648 ; debouncer:enter_debouncer|counter[17]        ; debouncer:enter_debouncer|counter[17]        ; CLOCK_50     ; CLOCK_50    ; 0.000        ; 0.081      ; 0.915      ;
; 0.648 ; debouncer:reset_debouncer|counter[1]         ; debouncer:reset_debouncer|counter[1]         ; CLOCK_50     ; CLOCK_50    ; 0.000        ; 0.080      ; 0.914      ;
; 0.648 ; debouncer:reset_debouncer|counter[17]        ; debouncer:reset_debouncer|counter[17]        ; CLOCK_50     ; CLOCK_50    ; 0.000        ; 0.081      ; 0.915      ;
; 0.649 ; debouncer:enter_debouncer|counter[19]        ; debouncer:enter_debouncer|counter[19]        ; CLOCK_50     ; CLOCK_50    ; 0.000        ; 0.081      ; 0.916      ;
; 0.649 ; debouncer:reset_debouncer|counter[19]        ; debouncer:reset_debouncer|counter[19]        ; CLOCK_50     ; CLOCK_50    ; 0.000        ; 0.081      ; 0.916      ;
; 0.656 ; clock_divider:clk_div_1hz|counter[22]        ; clock_divider:clk_div_1hz|counter[22]        ; CLOCK_50     ; CLOCK_50    ; 0.000        ; 0.080      ; 0.922      ;
; 0.656 ; clock_divider:clk_div_1hz|counter[6]         ; clock_divider:clk_div_1hz|counter[6]         ; CLOCK_50     ; CLOCK_50    ; 0.000        ; 0.080      ; 0.922      ;
; 0.656 ; debouncer:enter_debouncer|counter[9]         ; debouncer:enter_debouncer|counter[9]         ; CLOCK_50     ; CLOCK_50    ; 0.000        ; 0.081      ; 0.923      ;
; 0.656 ; debouncer:reset_debouncer|counter[10]        ; debouncer:reset_debouncer|counter[10]        ; CLOCK_50     ; CLOCK_50    ; 0.000        ; 0.081      ; 0.923      ;
; 0.657 ; clock_divider:clk_div_1hz|counter[16]        ; clock_divider:clk_div_1hz|counter[16]        ; CLOCK_50     ; CLOCK_50    ; 0.000        ; 0.080      ; 0.923      ;
; 0.657 ; clock_divider:clk_div_1hz|counter[14]        ; clock_divider:clk_div_1hz|counter[14]        ; CLOCK_50     ; CLOCK_50    ; 0.000        ; 0.080      ; 0.923      ;
; 0.657 ; clock_divider:clk_div_1hz|counter[13]        ; clock_divider:clk_div_1hz|counter[13]        ; CLOCK_50     ; CLOCK_50    ; 0.000        ; 0.080      ; 0.923      ;
; 0.657 ; clock_divider:clk_div_1hz|counter[3]         ; clock_divider:clk_div_1hz|counter[3]         ; CLOCK_50     ; CLOCK_50    ; 0.000        ; 0.080      ; 0.923      ;
; 0.657 ; clock_divider:clk_div_1hz|counter[2]         ; clock_divider:clk_div_1hz|counter[2]         ; CLOCK_50     ; CLOCK_50    ; 0.000        ; 0.080      ; 0.923      ;
; 0.657 ; debouncer:enter_debouncer|counter[8]         ; debouncer:enter_debouncer|counter[8]         ; CLOCK_50     ; CLOCK_50    ; 0.000        ; 0.081      ; 0.924      ;
; 0.658 ; clock_divider:clk_div_1hz|counter[29]        ; clock_divider:clk_div_1hz|counter[29]        ; CLOCK_50     ; CLOCK_50    ; 0.000        ; 0.080      ; 0.924      ;
; 0.658 ; clock_divider:clk_div_1hz|counter[21]        ; clock_divider:clk_div_1hz|counter[21]        ; CLOCK_50     ; CLOCK_50    ; 0.000        ; 0.080      ; 0.924      ;
; 0.658 ; clock_divider:clk_div_1hz|counter[18]        ; clock_divider:clk_div_1hz|counter[18]        ; CLOCK_50     ; CLOCK_50    ; 0.000        ; 0.080      ; 0.924      ;
; 0.658 ; clock_divider:clk_div_1hz|counter[11]        ; clock_divider:clk_div_1hz|counter[11]        ; CLOCK_50     ; CLOCK_50    ; 0.000        ; 0.080      ; 0.924      ;
; 0.658 ; clock_divider:clk_div_1hz|counter[4]         ; clock_divider:clk_div_1hz|counter[4]         ; CLOCK_50     ; CLOCK_50    ; 0.000        ; 0.080      ; 0.924      ;
; 0.659 ; clock_divider:clk_div_1hz|counter[30]        ; clock_divider:clk_div_1hz|counter[30]        ; CLOCK_50     ; CLOCK_50    ; 0.000        ; 0.080      ; 0.925      ;
; 0.659 ; clock_divider:clk_div_1hz|counter[28]        ; clock_divider:clk_div_1hz|counter[28]        ; CLOCK_50     ; CLOCK_50    ; 0.000        ; 0.080      ; 0.925      ;
; 0.659 ; clock_divider:clk_div_1hz|counter[27]        ; clock_divider:clk_div_1hz|counter[27]        ; CLOCK_50     ; CLOCK_50    ; 0.000        ; 0.080      ; 0.925      ;
; 0.659 ; clock_divider:clk_div_1hz|counter[26]        ; clock_divider:clk_div_1hz|counter[26]        ; CLOCK_50     ; CLOCK_50    ; 0.000        ; 0.080      ; 0.925      ;
; 0.659 ; clock_divider:clk_div_1hz|counter[24]        ; clock_divider:clk_div_1hz|counter[24]        ; CLOCK_50     ; CLOCK_50    ; 0.000        ; 0.080      ; 0.925      ;
; 0.659 ; clock_divider_reg[24]                        ; clock_divider_reg[24]                        ; CLOCK_50     ; CLOCK_50    ; 0.000        ; 0.080      ; 0.925      ;
; 0.660 ; clock_divider:clk_div_1hz|counter[31]        ; clock_divider:clk_div_1hz|counter[31]        ; CLOCK_50     ; CLOCK_50    ; 0.000        ; 0.080      ; 0.926      ;
; 0.660 ; clock_divider:clk_div_1hz|counter[17]        ; clock_divider:clk_div_1hz|counter[17]        ; CLOCK_50     ; CLOCK_50    ; 0.000        ; 0.080      ; 0.926      ;
; 0.662 ; clock_divider:clk_div_1hz|counter[25]        ; clock_divider:clk_div_1hz|counter[25]        ; CLOCK_50     ; CLOCK_50    ; 0.000        ; 0.080      ; 0.928      ;
; 0.662 ; debouncer:enter_debouncer|counter[0]         ; debouncer:enter_debouncer|counter[0]         ; CLOCK_50     ; CLOCK_50    ; 0.000        ; 0.081      ; 0.929      ;
; 0.663 ; debouncer:reset_debouncer|counter[0]         ; debouncer:reset_debouncer|counter[0]         ; CLOCK_50     ; CLOCK_50    ; 0.000        ; 0.080      ; 0.929      ;
; 0.684 ; clock_divider_reg[1]                         ; clock_divider_reg[1]                         ; CLOCK_50     ; CLOCK_50    ; 0.000        ; 0.079      ; 0.949      ;
; 0.813 ; debouncer:reset_debouncer|counter[11]        ; debouncer:reset_debouncer|counter[11]        ; CLOCK_50     ; CLOCK_50    ; 0.000        ; 0.081      ; 1.080      ;
; 0.884 ; clock_divider_reg[0]                         ; clock_divider_reg[1]                         ; CLOCK_50     ; CLOCK_50    ; 0.000        ; 0.079      ; 1.149      ;
; 0.927 ; debouncer:reset_debouncer|counter[18]        ; debouncer:reset_debouncer|intermediate_state ; CLOCK_50     ; CLOCK_50    ; 0.000        ; 0.081      ; 1.194      ;
; 0.947 ; clock_divider_reg[12]                        ; clock_divider_reg[13]                        ; CLOCK_50     ; CLOCK_50    ; 0.000        ; 0.084      ; 1.217      ;
; 0.952 ; clock_divider_reg[16]                        ; clock_divider_reg[17]                        ; CLOCK_50     ; CLOCK_50    ; 0.000        ; 0.080      ; 1.218      ;
; 0.952 ; debouncer:reset_debouncer|counter[9]         ; debouncer:reset_debouncer|counter[10]        ; CLOCK_50     ; CLOCK_50    ; 0.000        ; 0.086      ; 1.224      ;
; 0.953 ; clock_divider_reg[18]                        ; clock_divider_reg[19]                        ; CLOCK_50     ; CLOCK_50    ; 0.000        ; 0.080      ; 1.219      ;
; 0.953 ; clock_divider_reg[2]                         ; clock_divider_reg[3]                         ; CLOCK_50     ; CLOCK_50    ; 0.000        ; 0.079      ; 1.218      ;
; 0.953 ; clock_divider_reg[14]                        ; clock_divider_reg[15]                        ; CLOCK_50     ; CLOCK_50    ; 0.000        ; 0.080      ; 1.219      ;
; 0.953 ; clock_divider_reg[10]                        ; clock_divider_reg[11]                        ; CLOCK_50     ; CLOCK_50    ; 0.000        ; 0.079      ; 1.218      ;
+-------+----------------------------------------------+----------------------------------------------+--------------+-------------+--------------+------------+------------+


+-----------------------------------------------------------------------------------------------------------------------------------------------------------------+
; Slow 1200mV 85C Model Recovery: 'CLOCK_50'                                                                                                                      ;
+--------+--------------------------------------+-------------------------------------------+--------------+-------------+--------------+------------+------------+
; Slack  ; From Node                            ; To Node                                   ; Launch Clock ; Latch Clock ; Relationship ; Clock Skew ; Data Delay ;
+--------+--------------------------------------+-------------------------------------------+--------------+-------------+--------------+------------+------------+
; 12.157 ; debouncer:reset_debouncer|button_out ; clock_divider:clk_div_1hz|tick            ; CLOCK_50     ; CLOCK_50    ; 20.000       ; -1.393     ; 6.468      ;
; 13.475 ; debouncer:reset_debouncer|button_out ; clock_divider:clk_div_1hz|counter[16]     ; CLOCK_50     ; CLOCK_50    ; 20.000       ; -0.124     ; 6.419      ;
; 13.475 ; debouncer:reset_debouncer|button_out ; clock_divider:clk_div_1hz|counter[17]     ; CLOCK_50     ; CLOCK_50    ; 20.000       ; -0.124     ; 6.419      ;
; 13.475 ; debouncer:reset_debouncer|button_out ; clock_divider:clk_div_1hz|counter[18]     ; CLOCK_50     ; CLOCK_50    ; 20.000       ; -0.124     ; 6.419      ;
; 13.475 ; debouncer:reset_debouncer|button_out ; clock_divider:clk_div_1hz|counter[21]     ; CLOCK_50     ; CLOCK_50    ; 20.000       ; -0.124     ; 6.419      ;
; 13.475 ; debouncer:reset_debouncer|button_out ; clock_divider:clk_div_1hz|counter[22]     ; CLOCK_50     ; CLOCK_50    ; 20.000       ; -0.124     ; 6.419      ;
; 13.475 ; debouncer:reset_debouncer|button_out ; clock_divider:clk_div_1hz|counter[24]     ; CLOCK_50     ; CLOCK_50    ; 20.000       ; -0.124     ; 6.419      ;
; 13.475 ; debouncer:reset_debouncer|button_out ; clock_divider:clk_div_1hz|counter[25]     ; CLOCK_50     ; CLOCK_50    ; 20.000       ; -0.124     ; 6.419      ;
; 13.475 ; debouncer:reset_debouncer|button_out ; clock_divider:clk_div_1hz|counter[26]     ; CLOCK_50     ; CLOCK_50    ; 20.000       ; -0.124     ; 6.419      ;
; 13.475 ; debouncer:reset_debouncer|button_out ; clock_divider:clk_div_1hz|counter[27]     ; CLOCK_50     ; CLOCK_50    ; 20.000       ; -0.124     ; 6.419      ;
; 13.475 ; debouncer:reset_debouncer|button_out ; clock_divider:clk_div_1hz|counter[28]     ; CLOCK_50     ; CLOCK_50    ; 20.000       ; -0.124     ; 6.419      ;
; 13.475 ; debouncer:reset_debouncer|button_out ; clock_divider:clk_div_1hz|counter[29]     ; CLOCK_50     ; CLOCK_50    ; 20.000       ; -0.124     ; 6.419      ;
; 13.475 ; debouncer:reset_debouncer|button_out ; clock_divider:clk_div_1hz|counter[30]     ; CLOCK_50     ; CLOCK_50    ; 20.000       ; -0.124     ; 6.419      ;
; 13.475 ; debouncer:reset_debouncer|button_out ; clock_divider:clk_div_1hz|counter[31]     ; CLOCK_50     ; CLOCK_50    ; 20.000       ; -0.124     ; 6.419      ;
; 13.476 ; debouncer:reset_debouncer|button_out ; clock_divider_reg[0]                      ; CLOCK_50     ; CLOCK_50    ; 20.000       ; -0.122     ; 6.420      ;
; 13.476 ; debouncer:reset_debouncer|button_out ; clock_divider_reg[1]                      ; CLOCK_50     ; CLOCK_50    ; 20.000       ; -0.122     ; 6.420      ;
; 13.476 ; debouncer:reset_debouncer|button_out ; clock_divider_reg[2]                      ; CLOCK_50     ; CLOCK_50    ; 20.000       ; -0.122     ; 6.420      ;
; 13.476 ; debouncer:reset_debouncer|button_out ; clock_divider_reg[3]                      ; CLOCK_50     ; CLOCK_50    ; 20.000       ; -0.122     ; 6.420      ;
; 13.476 ; debouncer:reset_debouncer|button_out ; clock_divider_reg[4]                      ; CLOCK_50     ; CLOCK_50    ; 20.000       ; -0.122     ; 6.420      ;
; 13.476 ; debouncer:reset_debouncer|button_out ; clock_divider_reg[5]                      ; CLOCK_50     ; CLOCK_50    ; 20.000       ; -0.122     ; 6.420      ;
; 13.476 ; debouncer:reset_debouncer|button_out ; clock_divider_reg[6]                      ; CLOCK_50     ; CLOCK_50    ; 20.000       ; -0.122     ; 6.420      ;
; 13.476 ; debouncer:reset_debouncer|button_out ; clock_divider_reg[7]                      ; CLOCK_50     ; CLOCK_50    ; 20.000       ; -0.122     ; 6.420      ;
; 13.476 ; debouncer:reset_debouncer|button_out ; clock_divider_reg[8]                      ; CLOCK_50     ; CLOCK_50    ; 20.000       ; -0.122     ; 6.420      ;
; 13.476 ; debouncer:reset_debouncer|button_out ; clock_divider_reg[9]                      ; CLOCK_50     ; CLOCK_50    ; 20.000       ; -0.122     ; 6.420      ;
; 13.476 ; debouncer:reset_debouncer|button_out ; clock_divider_reg[10]                     ; CLOCK_50     ; CLOCK_50    ; 20.000       ; -0.122     ; 6.420      ;
; 13.476 ; debouncer:reset_debouncer|button_out ; clock_divider_reg[11]                     ; CLOCK_50     ; CLOCK_50    ; 20.000       ; -0.122     ; 6.420      ;
; 13.476 ; debouncer:reset_debouncer|button_out ; clock_divider_reg[12]                     ; CLOCK_50     ; CLOCK_50    ; 20.000       ; -0.122     ; 6.420      ;
; 13.476 ; debouncer:reset_debouncer|button_out ; clock_divider_reg[13]                     ; CLOCK_50     ; CLOCK_50    ; 20.000       ; -0.118     ; 6.424      ;
; 13.476 ; debouncer:reset_debouncer|button_out ; clock_divider_reg[14]                     ; CLOCK_50     ; CLOCK_50    ; 20.000       ; -0.118     ; 6.424      ;
; 13.476 ; debouncer:reset_debouncer|button_out ; clock_divider_reg[15]                     ; CLOCK_50     ; CLOCK_50    ; 20.000       ; -0.118     ; 6.424      ;
; 13.476 ; debouncer:reset_debouncer|button_out ; clock_divider_reg[16]                     ; CLOCK_50     ; CLOCK_50    ; 20.000       ; -0.118     ; 6.424      ;
; 13.476 ; debouncer:reset_debouncer|button_out ; clock_divider_reg[17]                     ; CLOCK_50     ; CLOCK_50    ; 20.000       ; -0.118     ; 6.424      ;
; 13.476 ; debouncer:reset_debouncer|button_out ; clock_divider_reg[18]                     ; CLOCK_50     ; CLOCK_50    ; 20.000       ; -0.118     ; 6.424      ;
; 13.476 ; debouncer:reset_debouncer|button_out ; clock_divider_reg[19]                     ; CLOCK_50     ; CLOCK_50    ; 20.000       ; -0.118     ; 6.424      ;
; 13.476 ; debouncer:reset_debouncer|button_out ; clock_divider_reg[20]                     ; CLOCK_50     ; CLOCK_50    ; 20.000       ; -0.118     ; 6.424      ;
; 13.476 ; debouncer:reset_debouncer|button_out ; clock_divider_reg[21]                     ; CLOCK_50     ; CLOCK_50    ; 20.000       ; -0.118     ; 6.424      ;
; 13.476 ; debouncer:reset_debouncer|button_out ; clock_divider_reg[22]                     ; CLOCK_50     ; CLOCK_50    ; 20.000       ; -0.118     ; 6.424      ;
; 13.476 ; debouncer:reset_debouncer|button_out ; clock_divider_reg[23]                     ; CLOCK_50     ; CLOCK_50    ; 20.000       ; -0.118     ; 6.424      ;
; 13.476 ; debouncer:reset_debouncer|button_out ; clock_divider_reg[24]                     ; CLOCK_50     ; CLOCK_50    ; 20.000       ; -0.118     ; 6.424      ;
; 13.476 ; debouncer:reset_debouncer|button_out ; clock_divider:clk_div_1hz|counter[2]      ; CLOCK_50     ; CLOCK_50    ; 20.000       ; -0.128     ; 6.414      ;
; 13.476 ; debouncer:reset_debouncer|button_out ; clock_divider:clk_div_1hz|counter[3]      ; CLOCK_50     ; CLOCK_50    ; 20.000       ; -0.128     ; 6.414      ;
; 13.476 ; debouncer:reset_debouncer|button_out ; clock_divider:clk_div_1hz|counter[4]      ; CLOCK_50     ; CLOCK_50    ; 20.000       ; -0.128     ; 6.414      ;
; 13.476 ; debouncer:reset_debouncer|button_out ; clock_divider:clk_div_1hz|counter[5]      ; CLOCK_50     ; CLOCK_50    ; 20.000       ; -0.128     ; 6.414      ;
; 13.476 ; debouncer:reset_debouncer|button_out ; clock_divider:clk_div_1hz|counter[6]      ; CLOCK_50     ; CLOCK_50    ; 20.000       ; -0.128     ; 6.414      ;
; 13.476 ; debouncer:reset_debouncer|button_out ; clock_divider:clk_div_1hz|counter[7]      ; CLOCK_50     ; CLOCK_50    ; 20.000       ; -0.129     ; 6.413      ;
; 13.476 ; debouncer:reset_debouncer|button_out ; clock_divider:clk_div_1hz|counter[8]      ; CLOCK_50     ; CLOCK_50    ; 20.000       ; -0.128     ; 6.414      ;
; 13.476 ; debouncer:reset_debouncer|button_out ; clock_divider:clk_div_1hz|counter[9]      ; CLOCK_50     ; CLOCK_50    ; 20.000       ; -0.129     ; 6.413      ;
; 13.476 ; debouncer:reset_debouncer|button_out ; clock_divider:clk_div_1hz|counter[10]     ; CLOCK_50     ; CLOCK_50    ; 20.000       ; -0.129     ; 6.413      ;
; 13.476 ; debouncer:reset_debouncer|button_out ; clock_divider:clk_div_1hz|counter[11]     ; CLOCK_50     ; CLOCK_50    ; 20.000       ; -0.128     ; 6.414      ;
; 13.476 ; debouncer:reset_debouncer|button_out ; clock_divider:clk_div_1hz|counter[12]     ; CLOCK_50     ; CLOCK_50    ; 20.000       ; -0.129     ; 6.413      ;
; 13.476 ; debouncer:reset_debouncer|button_out ; clock_divider:clk_div_1hz|counter[13]     ; CLOCK_50     ; CLOCK_50    ; 20.000       ; -0.128     ; 6.414      ;
; 13.476 ; debouncer:reset_debouncer|button_out ; clock_divider:clk_div_1hz|counter[14]     ; CLOCK_50     ; CLOCK_50    ; 20.000       ; -0.128     ; 6.414      ;
; 13.476 ; debouncer:reset_debouncer|button_out ; clock_divider:clk_div_1hz|counter[15]     ; CLOCK_50     ; CLOCK_50    ; 20.000       ; -0.129     ; 6.413      ;
; 13.476 ; debouncer:reset_debouncer|button_out ; clock_divider:clk_div_1hz|counter[19]     ; CLOCK_50     ; CLOCK_50    ; 20.000       ; -0.124     ; 6.418      ;
; 13.476 ; debouncer:reset_debouncer|button_out ; clock_divider:clk_div_1hz|counter[20]     ; CLOCK_50     ; CLOCK_50    ; 20.000       ; -0.124     ; 6.418      ;
; 13.476 ; debouncer:reset_debouncer|button_out ; clock_divider:clk_div_1hz|counter[23]     ; CLOCK_50     ; CLOCK_50    ; 20.000       ; -0.124     ; 6.418      ;
; 13.499 ; debouncer:reset_debouncer|button_out ; input_device:input_unit|data_ready        ; CLOCK_50     ; CLOCK_50    ; 20.000       ; -0.077     ; 6.442      ;
; 13.499 ; debouncer:reset_debouncer|button_out ; input_device:input_unit|captured_data[4]  ; CLOCK_50     ; CLOCK_50    ; 20.000       ; -0.078     ; 6.441      ;
; 13.499 ; debouncer:reset_debouncer|button_out ; input_device:input_unit|captured_data[16] ; CLOCK_50     ; CLOCK_50    ; 20.000       ; -0.079     ; 6.440      ;
; 13.499 ; debouncer:reset_debouncer|button_out ; input_device:input_unit|captured_data[2]  ; CLOCK_50     ; CLOCK_50    ; 20.000       ; -0.078     ; 6.441      ;
; 13.499 ; debouncer:reset_debouncer|button_out ; input_device:input_unit|captured_data[10] ; CLOCK_50     ; CLOCK_50    ; 20.000       ; -0.079     ; 6.440      ;
; 13.499 ; debouncer:reset_debouncer|button_out ; input_device:input_unit|captured_data[13] ; CLOCK_50     ; CLOCK_50    ; 20.000       ; -0.079     ; 6.440      ;
; 13.499 ; debouncer:reset_debouncer|button_out ; input_device:input_unit|captured_data[6]  ; CLOCK_50     ; CLOCK_50    ; 20.000       ; -0.078     ; 6.441      ;
; 13.499 ; debouncer:reset_debouncer|button_out ; input_device:input_unit|captured_data[7]  ; CLOCK_50     ; CLOCK_50    ; 20.000       ; -0.078     ; 6.441      ;
; 13.499 ; debouncer:reset_debouncer|button_out ; input_device:input_unit|captured_data[9]  ; CLOCK_50     ; CLOCK_50    ; 20.000       ; -0.078     ; 6.441      ;
; 13.499 ; debouncer:reset_debouncer|button_out ; input_device:input_unit|captured_data[12] ; CLOCK_50     ; CLOCK_50    ; 20.000       ; -0.079     ; 6.440      ;
; 13.499 ; debouncer:reset_debouncer|button_out ; input_device:input_unit|captured_data[14] ; CLOCK_50     ; CLOCK_50    ; 20.000       ; -0.079     ; 6.440      ;
; 13.499 ; debouncer:reset_debouncer|button_out ; input_device:input_unit|captured_data[15] ; CLOCK_50     ; CLOCK_50    ; 20.000       ; -0.079     ; 6.440      ;
; 13.499 ; debouncer:reset_debouncer|button_out ; input_device:input_unit|captured_data[11] ; CLOCK_50     ; CLOCK_50    ; 20.000       ; -0.079     ; 6.440      ;
; 13.499 ; debouncer:reset_debouncer|button_out ; input_device:input_unit|captured_data[8]  ; CLOCK_50     ; CLOCK_50    ; 20.000       ; -0.078     ; 6.441      ;
; 13.499 ; debouncer:reset_debouncer|button_out ; input_device:input_unit|captured_data[5]  ; CLOCK_50     ; CLOCK_50    ; 20.000       ; -0.078     ; 6.441      ;
; 13.499 ; debouncer:reset_debouncer|button_out ; input_device:input_unit|captured_data[0]  ; CLOCK_50     ; CLOCK_50    ; 20.000       ; -0.082     ; 6.437      ;
; 13.499 ; debouncer:reset_debouncer|button_out ; input_device:input_unit|captured_data[3]  ; CLOCK_50     ; CLOCK_50    ; 20.000       ; -0.078     ; 6.441      ;
; 13.499 ; debouncer:reset_debouncer|button_out ; input_device:input_unit|captured_data[17] ; CLOCK_50     ; CLOCK_50    ; 20.000       ; -0.079     ; 6.440      ;
; 13.499 ; debouncer:reset_debouncer|button_out ; input_device:input_unit|captured_data[1]  ; CLOCK_50     ; CLOCK_50    ; 20.000       ; -0.082     ; 6.437      ;
; 13.499 ; debouncer:reset_debouncer|button_out ; display_value_reg[1]                      ; CLOCK_50     ; CLOCK_50    ; 20.000       ; -0.084     ; 6.435      ;
; 13.499 ; debouncer:reset_debouncer|button_out ; display_value_reg[31]                     ; CLOCK_50     ; CLOCK_50    ; 20.000       ; -0.081     ; 6.438      ;
; 13.499 ; debouncer:reset_debouncer|button_out ; display_value_reg[30]                     ; CLOCK_50     ; CLOCK_50    ; 20.000       ; -0.081     ; 6.438      ;
; 13.499 ; debouncer:reset_debouncer|button_out ; display_value_reg[29]                     ; CLOCK_50     ; CLOCK_50    ; 20.000       ; -0.081     ; 6.438      ;
; 13.499 ; debouncer:reset_debouncer|button_out ; display_value_reg[28]                     ; CLOCK_50     ; CLOCK_50    ; 20.000       ; -0.076     ; 6.443      ;
; 13.499 ; debouncer:reset_debouncer|button_out ; display_value_reg[27]                     ; CLOCK_50     ; CLOCK_50    ; 20.000       ; -0.081     ; 6.438      ;
; 13.499 ; debouncer:reset_debouncer|button_out ; display_value_reg[26]                     ; CLOCK_50     ; CLOCK_50    ; 20.000       ; -0.081     ; 6.438      ;
; 13.499 ; debouncer:reset_debouncer|button_out ; display_value_reg[25]                     ; CLOCK_50     ; CLOCK_50    ; 20.000       ; -0.076     ; 6.443      ;
; 13.499 ; debouncer:reset_debouncer|button_out ; display_value_reg[24]                     ; CLOCK_50     ; CLOCK_50    ; 20.000       ; -0.076     ; 6.443      ;
; 13.499 ; debouncer:reset_debouncer|button_out ; display_value_reg[23]                     ; CLOCK_50     ; CLOCK_50    ; 20.000       ; -0.076     ; 6.443      ;
; 13.499 ; debouncer:reset_debouncer|button_out ; display_value_reg[22]                     ; CLOCK_50     ; CLOCK_50    ; 20.000       ; -0.076     ; 6.443      ;
; 13.499 ; debouncer:reset_debouncer|button_out ; display_value_reg[21]                     ; CLOCK_50     ; CLOCK_50    ; 20.000       ; -0.076     ; 6.443      ;
; 13.499 ; debouncer:reset_debouncer|button_out ; display_value_reg[20]                     ; CLOCK_50     ; CLOCK_50    ; 20.000       ; -0.081     ; 6.438      ;
; 13.499 ; debouncer:reset_debouncer|button_out ; display_value_reg[19]                     ; CLOCK_50     ; CLOCK_50    ; 20.000       ; -0.076     ; 6.443      ;
; 13.499 ; debouncer:reset_debouncer|button_out ; display_value_reg[18]                     ; CLOCK_50     ; CLOCK_50    ; 20.000       ; -0.076     ; 6.443      ;
; 13.499 ; debouncer:reset_debouncer|button_out ; display_value_reg[17]                     ; CLOCK_50     ; CLOCK_50    ; 20.000       ; -0.076     ; 6.443      ;
; 13.499 ; debouncer:reset_debouncer|button_out ; display_value_reg[16]                     ; CLOCK_50     ; CLOCK_50    ; 20.000       ; -0.076     ; 6.443      ;
; 13.499 ; debouncer:reset_debouncer|button_out ; display_value_reg[15]                     ; CLOCK_50     ; CLOCK_50    ; 20.000       ; -0.075     ; 6.444      ;
; 13.499 ; debouncer:reset_debouncer|button_out ; display_value_reg[14]                     ; CLOCK_50     ; CLOCK_50    ; 20.000       ; -0.075     ; 6.444      ;
; 13.499 ; debouncer:reset_debouncer|button_out ; display_value_reg[13]                     ; CLOCK_50     ; CLOCK_50    ; 20.000       ; -0.075     ; 6.444      ;
; 13.499 ; debouncer:reset_debouncer|button_out ; display_value_reg[12]                     ; CLOCK_50     ; CLOCK_50    ; 20.000       ; -0.075     ; 6.444      ;
; 13.499 ; debouncer:reset_debouncer|button_out ; display_value_reg[11]                     ; CLOCK_50     ; CLOCK_50    ; 20.000       ; -0.081     ; 6.438      ;
; 13.499 ; debouncer:reset_debouncer|button_out ; display_value_reg[10]                     ; CLOCK_50     ; CLOCK_50    ; 20.000       ; -0.084     ; 6.435      ;
; 13.499 ; debouncer:reset_debouncer|button_out ; display_value_reg[9]                      ; CLOCK_50     ; CLOCK_50    ; 20.000       ; -0.084     ; 6.435      ;
; 13.499 ; debouncer:reset_debouncer|button_out ; display_value_reg[8]                      ; CLOCK_50     ; CLOCK_50    ; 20.000       ; -0.084     ; 6.435      ;
+--------+--------------------------------------+-------------------------------------------+--------------+-------------+--------------+------------+------------+


+----------------------------------------------------------------------------------------------------------------------------------------------------------------+
; Slow 1200mV 85C Model Removal: 'CLOCK_50'                                                                                                                      ;
+-------+--------------------------------------+-------------------------------------------+--------------+-------------+--------------+------------+------------+
; Slack ; From Node                            ; To Node                                   ; Launch Clock ; Latch Clock ; Relationship ; Clock Skew ; Data Delay ;
+-------+--------------------------------------+-------------------------------------------+--------------+-------------+--------------+------------+------------+
; 5.847 ; debouncer:reset_debouncer|button_out ; clock_divider_reg[13]                     ; CLOCK_50     ; CLOCK_50    ; 0.000        ; 0.090      ; 6.123      ;
; 5.847 ; debouncer:reset_debouncer|button_out ; clock_divider_reg[14]                     ; CLOCK_50     ; CLOCK_50    ; 0.000        ; 0.090      ; 6.123      ;
; 5.847 ; debouncer:reset_debouncer|button_out ; clock_divider_reg[15]                     ; CLOCK_50     ; CLOCK_50    ; 0.000        ; 0.090      ; 6.123      ;
; 5.847 ; debouncer:reset_debouncer|button_out ; clock_divider_reg[16]                     ; CLOCK_50     ; CLOCK_50    ; 0.000        ; 0.090      ; 6.123      ;
; 5.847 ; debouncer:reset_debouncer|button_out ; clock_divider_reg[17]                     ; CLOCK_50     ; CLOCK_50    ; 0.000        ; 0.090      ; 6.123      ;
; 5.847 ; debouncer:reset_debouncer|button_out ; clock_divider_reg[18]                     ; CLOCK_50     ; CLOCK_50    ; 0.000        ; 0.090      ; 6.123      ;
; 5.847 ; debouncer:reset_debouncer|button_out ; clock_divider_reg[19]                     ; CLOCK_50     ; CLOCK_50    ; 0.000        ; 0.090      ; 6.123      ;
; 5.847 ; debouncer:reset_debouncer|button_out ; clock_divider_reg[20]                     ; CLOCK_50     ; CLOCK_50    ; 0.000        ; 0.090      ; 6.123      ;
; 5.847 ; debouncer:reset_debouncer|button_out ; clock_divider_reg[21]                     ; CLOCK_50     ; CLOCK_50    ; 0.000        ; 0.090      ; 6.123      ;
; 5.847 ; debouncer:reset_debouncer|button_out ; clock_divider_reg[22]                     ; CLOCK_50     ; CLOCK_50    ; 0.000        ; 0.090      ; 6.123      ;
; 5.847 ; debouncer:reset_debouncer|button_out ; clock_divider_reg[23]                     ; CLOCK_50     ; CLOCK_50    ; 0.000        ; 0.090      ; 6.123      ;
; 5.847 ; debouncer:reset_debouncer|button_out ; clock_divider_reg[24]                     ; CLOCK_50     ; CLOCK_50    ; 0.000        ; 0.090      ; 6.123      ;
; 5.847 ; debouncer:reset_debouncer|button_out ; clock_divider:clk_div_1hz|counter[2]      ; CLOCK_50     ; CLOCK_50    ; 0.000        ; 0.080      ; 6.113      ;
; 5.847 ; debouncer:reset_debouncer|button_out ; clock_divider:clk_div_1hz|counter[3]      ; CLOCK_50     ; CLOCK_50    ; 0.000        ; 0.080      ; 6.113      ;
; 5.847 ; debouncer:reset_debouncer|button_out ; clock_divider:clk_div_1hz|counter[4]      ; CLOCK_50     ; CLOCK_50    ; 0.000        ; 0.080      ; 6.113      ;
; 5.847 ; debouncer:reset_debouncer|button_out ; clock_divider:clk_div_1hz|counter[5]      ; CLOCK_50     ; CLOCK_50    ; 0.000        ; 0.080      ; 6.113      ;
; 5.847 ; debouncer:reset_debouncer|button_out ; clock_divider:clk_div_1hz|counter[6]      ; CLOCK_50     ; CLOCK_50    ; 0.000        ; 0.080      ; 6.113      ;
; 5.847 ; debouncer:reset_debouncer|button_out ; clock_divider:clk_div_1hz|counter[8]      ; CLOCK_50     ; CLOCK_50    ; 0.000        ; 0.080      ; 6.113      ;
; 5.847 ; debouncer:reset_debouncer|button_out ; clock_divider:clk_div_1hz|counter[11]     ; CLOCK_50     ; CLOCK_50    ; 0.000        ; 0.080      ; 6.113      ;
; 5.847 ; debouncer:reset_debouncer|button_out ; clock_divider:clk_div_1hz|counter[13]     ; CLOCK_50     ; CLOCK_50    ; 0.000        ; 0.080      ; 6.113      ;
; 5.847 ; debouncer:reset_debouncer|button_out ; clock_divider:clk_div_1hz|counter[14]     ; CLOCK_50     ; CLOCK_50    ; 0.000        ; 0.080      ; 6.113      ;
; 5.848 ; debouncer:reset_debouncer|button_out ; clock_divider_reg[0]                      ; CLOCK_50     ; CLOCK_50    ; 0.000        ; 0.085      ; 6.119      ;
; 5.848 ; debouncer:reset_debouncer|button_out ; clock_divider_reg[1]                      ; CLOCK_50     ; CLOCK_50    ; 0.000        ; 0.085      ; 6.119      ;
; 5.848 ; debouncer:reset_debouncer|button_out ; clock_divider_reg[2]                      ; CLOCK_50     ; CLOCK_50    ; 0.000        ; 0.085      ; 6.119      ;
; 5.848 ; debouncer:reset_debouncer|button_out ; clock_divider_reg[3]                      ; CLOCK_50     ; CLOCK_50    ; 0.000        ; 0.085      ; 6.119      ;
; 5.848 ; debouncer:reset_debouncer|button_out ; clock_divider_reg[4]                      ; CLOCK_50     ; CLOCK_50    ; 0.000        ; 0.085      ; 6.119      ;
; 5.848 ; debouncer:reset_debouncer|button_out ; clock_divider_reg[5]                      ; CLOCK_50     ; CLOCK_50    ; 0.000        ; 0.085      ; 6.119      ;
; 5.848 ; debouncer:reset_debouncer|button_out ; clock_divider_reg[6]                      ; CLOCK_50     ; CLOCK_50    ; 0.000        ; 0.085      ; 6.119      ;
; 5.848 ; debouncer:reset_debouncer|button_out ; clock_divider_reg[7]                      ; CLOCK_50     ; CLOCK_50    ; 0.000        ; 0.085      ; 6.119      ;
; 5.848 ; debouncer:reset_debouncer|button_out ; clock_divider_reg[8]                      ; CLOCK_50     ; CLOCK_50    ; 0.000        ; 0.085      ; 6.119      ;
; 5.848 ; debouncer:reset_debouncer|button_out ; clock_divider_reg[9]                      ; CLOCK_50     ; CLOCK_50    ; 0.000        ; 0.085      ; 6.119      ;
; 5.848 ; debouncer:reset_debouncer|button_out ; clock_divider_reg[10]                     ; CLOCK_50     ; CLOCK_50    ; 0.000        ; 0.085      ; 6.119      ;
; 5.848 ; debouncer:reset_debouncer|button_out ; clock_divider_reg[11]                     ; CLOCK_50     ; CLOCK_50    ; 0.000        ; 0.085      ; 6.119      ;
; 5.848 ; debouncer:reset_debouncer|button_out ; clock_divider_reg[12]                     ; CLOCK_50     ; CLOCK_50    ; 0.000        ; 0.085      ; 6.119      ;
; 5.848 ; debouncer:reset_debouncer|button_out ; clock_divider:clk_div_1hz|counter[7]      ; CLOCK_50     ; CLOCK_50    ; 0.000        ; 0.079      ; 6.113      ;
; 5.848 ; debouncer:reset_debouncer|button_out ; clock_divider:clk_div_1hz|counter[9]      ; CLOCK_50     ; CLOCK_50    ; 0.000        ; 0.079      ; 6.113      ;
; 5.848 ; debouncer:reset_debouncer|button_out ; clock_divider:clk_div_1hz|counter[10]     ; CLOCK_50     ; CLOCK_50    ; 0.000        ; 0.079      ; 6.113      ;
; 5.848 ; debouncer:reset_debouncer|button_out ; clock_divider:clk_div_1hz|counter[12]     ; CLOCK_50     ; CLOCK_50    ; 0.000        ; 0.079      ; 6.113      ;
; 5.848 ; debouncer:reset_debouncer|button_out ; clock_divider:clk_div_1hz|counter[15]     ; CLOCK_50     ; CLOCK_50    ; 0.000        ; 0.079      ; 6.113      ;
; 5.848 ; debouncer:reset_debouncer|button_out ; clock_divider:clk_div_1hz|counter[16]     ; CLOCK_50     ; CLOCK_50    ; 0.000        ; 0.084      ; 6.118      ;
; 5.848 ; debouncer:reset_debouncer|button_out ; clock_divider:clk_div_1hz|counter[17]     ; CLOCK_50     ; CLOCK_50    ; 0.000        ; 0.084      ; 6.118      ;
; 5.848 ; debouncer:reset_debouncer|button_out ; clock_divider:clk_div_1hz|counter[18]     ; CLOCK_50     ; CLOCK_50    ; 0.000        ; 0.084      ; 6.118      ;
; 5.848 ; debouncer:reset_debouncer|button_out ; clock_divider:clk_div_1hz|counter[19]     ; CLOCK_50     ; CLOCK_50    ; 0.000        ; 0.083      ; 6.117      ;
; 5.848 ; debouncer:reset_debouncer|button_out ; clock_divider:clk_div_1hz|counter[20]     ; CLOCK_50     ; CLOCK_50    ; 0.000        ; 0.083      ; 6.117      ;
; 5.848 ; debouncer:reset_debouncer|button_out ; clock_divider:clk_div_1hz|counter[21]     ; CLOCK_50     ; CLOCK_50    ; 0.000        ; 0.084      ; 6.118      ;
; 5.848 ; debouncer:reset_debouncer|button_out ; clock_divider:clk_div_1hz|counter[22]     ; CLOCK_50     ; CLOCK_50    ; 0.000        ; 0.084      ; 6.118      ;
; 5.848 ; debouncer:reset_debouncer|button_out ; clock_divider:clk_div_1hz|counter[23]     ; CLOCK_50     ; CLOCK_50    ; 0.000        ; 0.083      ; 6.117      ;
; 5.848 ; debouncer:reset_debouncer|button_out ; clock_divider:clk_div_1hz|counter[24]     ; CLOCK_50     ; CLOCK_50    ; 0.000        ; 0.084      ; 6.118      ;
; 5.848 ; debouncer:reset_debouncer|button_out ; clock_divider:clk_div_1hz|counter[25]     ; CLOCK_50     ; CLOCK_50    ; 0.000        ; 0.084      ; 6.118      ;
; 5.848 ; debouncer:reset_debouncer|button_out ; clock_divider:clk_div_1hz|counter[26]     ; CLOCK_50     ; CLOCK_50    ; 0.000        ; 0.084      ; 6.118      ;
; 5.848 ; debouncer:reset_debouncer|button_out ; clock_divider:clk_div_1hz|counter[27]     ; CLOCK_50     ; CLOCK_50    ; 0.000        ; 0.084      ; 6.118      ;
; 5.848 ; debouncer:reset_debouncer|button_out ; clock_divider:clk_div_1hz|counter[28]     ; CLOCK_50     ; CLOCK_50    ; 0.000        ; 0.084      ; 6.118      ;
; 5.848 ; debouncer:reset_debouncer|button_out ; clock_divider:clk_div_1hz|counter[29]     ; CLOCK_50     ; CLOCK_50    ; 0.000        ; 0.084      ; 6.118      ;
; 5.848 ; debouncer:reset_debouncer|button_out ; clock_divider:clk_div_1hz|counter[30]     ; CLOCK_50     ; CLOCK_50    ; 0.000        ; 0.084      ; 6.118      ;
; 5.848 ; debouncer:reset_debouncer|button_out ; clock_divider:clk_div_1hz|counter[31]     ; CLOCK_50     ; CLOCK_50    ; 0.000        ; 0.084      ; 6.118      ;
; 5.872 ; debouncer:reset_debouncer|button_out ; display_value_reg[28]                     ; CLOCK_50     ; CLOCK_50    ; 0.000        ; 0.085      ; 6.143      ;
; 5.872 ; debouncer:reset_debouncer|button_out ; display_value_reg[25]                     ; CLOCK_50     ; CLOCK_50    ; 0.000        ; 0.085      ; 6.143      ;
; 5.872 ; debouncer:reset_debouncer|button_out ; display_value_reg[24]                     ; CLOCK_50     ; CLOCK_50    ; 0.000        ; 0.085      ; 6.143      ;
; 5.872 ; debouncer:reset_debouncer|button_out ; display_value_reg[23]                     ; CLOCK_50     ; CLOCK_50    ; 0.000        ; 0.085      ; 6.143      ;
; 5.872 ; debouncer:reset_debouncer|button_out ; display_value_reg[22]                     ; CLOCK_50     ; CLOCK_50    ; 0.000        ; 0.085      ; 6.143      ;
; 5.872 ; debouncer:reset_debouncer|button_out ; display_value_reg[21]                     ; CLOCK_50     ; CLOCK_50    ; 0.000        ; 0.085      ; 6.143      ;
; 5.873 ; debouncer:reset_debouncer|button_out ; input_device:input_unit|data_ready        ; CLOCK_50     ; CLOCK_50    ; 0.000        ; 0.084      ; 6.143      ;
; 5.873 ; debouncer:reset_debouncer|button_out ; input_device:input_unit|captured_data[4]  ; CLOCK_50     ; CLOCK_50    ; 0.000        ; 0.083      ; 6.142      ;
; 5.873 ; debouncer:reset_debouncer|button_out ; input_device:input_unit|captured_data[16] ; CLOCK_50     ; CLOCK_50    ; 0.000        ; 0.081      ; 6.140      ;
; 5.873 ; debouncer:reset_debouncer|button_out ; input_device:input_unit|captured_data[2]  ; CLOCK_50     ; CLOCK_50    ; 0.000        ; 0.083      ; 6.142      ;
; 5.873 ; debouncer:reset_debouncer|button_out ; input_device:input_unit|captured_data[10] ; CLOCK_50     ; CLOCK_50    ; 0.000        ; 0.082      ; 6.141      ;
; 5.873 ; debouncer:reset_debouncer|button_out ; input_device:input_unit|captured_data[13] ; CLOCK_50     ; CLOCK_50    ; 0.000        ; 0.082      ; 6.141      ;
; 5.873 ; debouncer:reset_debouncer|button_out ; input_device:input_unit|captured_data[6]  ; CLOCK_50     ; CLOCK_50    ; 0.000        ; 0.083      ; 6.142      ;
; 5.873 ; debouncer:reset_debouncer|button_out ; input_device:input_unit|captured_data[7]  ; CLOCK_50     ; CLOCK_50    ; 0.000        ; 0.083      ; 6.142      ;
; 5.873 ; debouncer:reset_debouncer|button_out ; input_device:input_unit|captured_data[9]  ; CLOCK_50     ; CLOCK_50    ; 0.000        ; 0.083      ; 6.142      ;
; 5.873 ; debouncer:reset_debouncer|button_out ; input_device:input_unit|captured_data[12] ; CLOCK_50     ; CLOCK_50    ; 0.000        ; 0.082      ; 6.141      ;
; 5.873 ; debouncer:reset_debouncer|button_out ; input_device:input_unit|captured_data[14] ; CLOCK_50     ; CLOCK_50    ; 0.000        ; 0.081      ; 6.140      ;
; 5.873 ; debouncer:reset_debouncer|button_out ; input_device:input_unit|captured_data[15] ; CLOCK_50     ; CLOCK_50    ; 0.000        ; 0.081      ; 6.140      ;
; 5.873 ; debouncer:reset_debouncer|button_out ; input_device:input_unit|captured_data[11] ; CLOCK_50     ; CLOCK_50    ; 0.000        ; 0.082      ; 6.141      ;
; 5.873 ; debouncer:reset_debouncer|button_out ; input_device:input_unit|captured_data[8]  ; CLOCK_50     ; CLOCK_50    ; 0.000        ; 0.083      ; 6.142      ;
; 5.873 ; debouncer:reset_debouncer|button_out ; input_device:input_unit|captured_data[5]  ; CLOCK_50     ; CLOCK_50    ; 0.000        ; 0.083      ; 6.142      ;
; 5.873 ; debouncer:reset_debouncer|button_out ; input_device:input_unit|captured_data[0]  ; CLOCK_50     ; CLOCK_50    ; 0.000        ; 0.079      ; 6.138      ;
; 5.873 ; debouncer:reset_debouncer|button_out ; input_device:input_unit|captured_data[3]  ; CLOCK_50     ; CLOCK_50    ; 0.000        ; 0.083      ; 6.142      ;
; 5.873 ; debouncer:reset_debouncer|button_out ; input_device:input_unit|captured_data[17] ; CLOCK_50     ; CLOCK_50    ; 0.000        ; 0.081      ; 6.140      ;
; 5.873 ; debouncer:reset_debouncer|button_out ; input_device:input_unit|captured_data[1]  ; CLOCK_50     ; CLOCK_50    ; 0.000        ; 0.079      ; 6.138      ;
; 5.873 ; debouncer:reset_debouncer|button_out ; display_value_reg[10]                     ; CLOCK_50     ; CLOCK_50    ; 0.000        ; 0.077      ; 6.136      ;
; 5.873 ; debouncer:reset_debouncer|button_out ; display_value_reg[9]                      ; CLOCK_50     ; CLOCK_50    ; 0.000        ; 0.077      ; 6.136      ;
; 5.873 ; debouncer:reset_debouncer|button_out ; display_value_reg[8]                      ; CLOCK_50     ; CLOCK_50    ; 0.000        ; 0.077      ; 6.136      ;
; 5.873 ; debouncer:reset_debouncer|button_out ; display_value_reg[7]                      ; CLOCK_50     ; CLOCK_50    ; 0.000        ; 0.077      ; 6.136      ;
; 5.873 ; debouncer:reset_debouncer|button_out ; display_value_reg[6]                      ; CLOCK_50     ; CLOCK_50    ; 0.000        ; 0.077      ; 6.136      ;
; 5.873 ; debouncer:reset_debouncer|button_out ; display_value_reg[5]                      ; CLOCK_50     ; CLOCK_50    ; 0.000        ; 0.077      ; 6.136      ;
; 5.873 ; debouncer:reset_debouncer|button_out ; display_value_reg[4]                      ; CLOCK_50     ; CLOCK_50    ; 0.000        ; 0.077      ; 6.136      ;
; 5.874 ; debouncer:reset_debouncer|button_out ; display_value_reg[0]                      ; CLOCK_50     ; CLOCK_50    ; 0.000        ; 0.076      ; 6.136      ;
; 5.874 ; debouncer:reset_debouncer|button_out ; display_value_reg[1]                      ; CLOCK_50     ; CLOCK_50    ; 0.000        ; 0.077      ; 6.137      ;
; 5.874 ; debouncer:reset_debouncer|button_out ; display_value_reg[31]                     ; CLOCK_50     ; CLOCK_50    ; 0.000        ; 0.079      ; 6.139      ;
; 5.874 ; debouncer:reset_debouncer|button_out ; display_value_reg[30]                     ; CLOCK_50     ; CLOCK_50    ; 0.000        ; 0.079      ; 6.139      ;
; 5.874 ; debouncer:reset_debouncer|button_out ; display_value_reg[29]                     ; CLOCK_50     ; CLOCK_50    ; 0.000        ; 0.079      ; 6.139      ;
; 5.874 ; debouncer:reset_debouncer|button_out ; display_value_reg[27]                     ; CLOCK_50     ; CLOCK_50    ; 0.000        ; 0.079      ; 6.139      ;
; 5.874 ; debouncer:reset_debouncer|button_out ; display_value_reg[26]                     ; CLOCK_50     ; CLOCK_50    ; 0.000        ; 0.079      ; 6.139      ;
; 5.874 ; debouncer:reset_debouncer|button_out ; display_value_reg[20]                     ; CLOCK_50     ; CLOCK_50    ; 0.000        ; 0.079      ; 6.139      ;
; 5.874 ; debouncer:reset_debouncer|button_out ; display_value_reg[19]                     ; CLOCK_50     ; CLOCK_50    ; 0.000        ; 0.084      ; 6.144      ;
; 5.874 ; debouncer:reset_debouncer|button_out ; display_value_reg[18]                     ; CLOCK_50     ; CLOCK_50    ; 0.000        ; 0.084      ; 6.144      ;
; 5.874 ; debouncer:reset_debouncer|button_out ; display_value_reg[17]                     ; CLOCK_50     ; CLOCK_50    ; 0.000        ; 0.084      ; 6.144      ;
; 5.874 ; debouncer:reset_debouncer|button_out ; display_value_reg[16]                     ; CLOCK_50     ; CLOCK_50    ; 0.000        ; 0.084      ; 6.144      ;
; 5.874 ; debouncer:reset_debouncer|button_out ; display_value_reg[15]                     ; CLOCK_50     ; CLOCK_50    ; 0.000        ; 0.085      ; 6.145      ;
+-------+--------------------------------------+-------------------------------------------+--------------+-------------+--------------+------------+------------+


-----------------------------------------------
; Slow 1200mV 85C Model Metastability Summary ;
-----------------------------------------------
No synchronizer chains to report.


+--------------------------------------------------+
; Slow 1200mV 0C Model Fmax Summary                ;
+------------+-----------------+------------+------+
; Fmax       ; Restricted Fmax ; Clock Name ; Note ;
+------------+-----------------+------------+------+
; 150.33 MHz ; 150.33 MHz      ; CLOCK_50   ;      ;
+------------+-----------------+------------+------+
This panel reports FMAX for every clock in the design, regardless of the user-specified clock periods.  FMAX is only computed for paths where the source and destination registers or ports are driven by the same clock.  Paths of different clocks, including generated clocks, are ignored.  For paths between a clock and its inversion, FMAX is computed as if the rising and falling edges are scaled along with FMAX, such that the duty cycle (in terms of a percentage) is maintained. Altera recommends that you always use clock constraints and other slack reports for sign-off analysis.


+------------------------------------+
; Slow 1200mV 0C Model Setup Summary ;
+----------+--------+----------------+
; Clock    ; Slack  ; End Point TNS  ;
+----------+--------+----------------+
; CLOCK_50 ; 13.348 ; 0.000          ;
+----------+--------+----------------+


+-----------------------------------+
; Slow 1200mV 0C Model Hold Summary ;
+----------+-------+----------------+
; Clock    ; Slack ; End Point TNS  ;
+----------+-------+----------------+
; CLOCK_50 ; 0.354 ; 0.000          ;
+----------+-------+----------------+


+---------------------------------------+
; Slow 1200mV 0C Model Recovery Summary ;
+----------+--------+-------------------+
; Clock    ; Slack  ; End Point TNS     ;
+----------+--------+-------------------+
; CLOCK_50 ; 12.860 ; 0.000             ;
+----------+--------+-------------------+


+--------------------------------------+
; Slow 1200mV 0C Model Removal Summary ;
+----------+-------+-------------------+
; Clock    ; Slack ; End Point TNS     ;
+----------+-------+-------------------+
; CLOCK_50 ; 5.243 ; 0.000             ;
+----------+-------+-------------------+


+--------------------------------------------------+
; Slow 1200mV 0C Model Minimum Pulse Width Summary ;
+----------+-------+-------------------------------+
; Clock    ; Slack ; End Point TNS                 ;
+----------+-------+-------------------------------+
; CLOCK_50 ; 9.724 ; 0.000                         ;
+----------+-------+-------------------------------+


+------------------------------------------------------------------------------------------------------------------------------------------------------------------------+
; Slow 1200mV 0C Model Setup: 'CLOCK_50'                                                                                                                                 ;
+--------+----------------------------------------------+------------------------------------------+--------------+-------------+--------------+------------+------------+
; Slack  ; From Node                                    ; To Node                                  ; Launch Clock ; Latch Clock ; Relationship ; Clock Skew ; Data Delay ;
+--------+----------------------------------------------+------------------------------------------+--------------+-------------+--------------+------------+------------+
; 13.348 ; clock_divider:clk_div_1hz|counter[2]         ; clock_divider:clk_div_1hz|tick           ; CLOCK_50     ; CLOCK_50    ; 20.000       ; -1.197     ; 5.474      ;
; 13.676 ; clock_divider_reg[1]                         ; clock_divider:clk_div_1hz|tick           ; CLOCK_50     ; CLOCK_50    ; 20.000       ; -1.203     ; 5.140      ;
; 13.883 ; clock_divider_reg[0]                         ; clock_divider:clk_div_1hz|tick           ; CLOCK_50     ; CLOCK_50    ; 20.000       ; -1.203     ; 4.933      ;
; 13.889 ; clock_divider:clk_div_1hz|counter[8]         ; clock_divider:clk_div_1hz|tick           ; CLOCK_50     ; CLOCK_50    ; 20.000       ; -1.197     ; 4.933      ;
; 13.929 ; clock_divider:clk_div_1hz|counter[6]         ; clock_divider:clk_div_1hz|tick           ; CLOCK_50     ; CLOCK_50    ; 20.000       ; -1.197     ; 4.893      ;
; 13.971 ; clock_divider:clk_div_1hz|counter[5]         ; clock_divider:clk_div_1hz|tick           ; CLOCK_50     ; CLOCK_50    ; 20.000       ; -1.197     ; 4.851      ;
; 14.017 ; clock_divider:clk_div_1hz|counter[7]         ; clock_divider:clk_div_1hz|tick           ; CLOCK_50     ; CLOCK_50    ; 20.000       ; -1.196     ; 4.806      ;
; 14.384 ; clock_divider:clk_div_1hz|counter[21]        ; clock_divider:clk_div_1hz|tick           ; CLOCK_50     ; CLOCK_50    ; 20.000       ; -1.201     ; 4.434      ;
; 14.430 ; clock_divider:clk_div_1hz|counter[17]        ; clock_divider:clk_div_1hz|tick           ; CLOCK_50     ; CLOCK_50    ; 20.000       ; -1.201     ; 4.388      ;
; 14.457 ; clock_divider:clk_div_1hz|counter[27]        ; clock_divider:clk_div_1hz|tick           ; CLOCK_50     ; CLOCK_50    ; 20.000       ; -1.201     ; 4.361      ;
; 14.484 ; clock_divider:clk_div_1hz|counter[3]         ; clock_divider:clk_div_1hz|tick           ; CLOCK_50     ; CLOCK_50    ; 20.000       ; -1.197     ; 4.338      ;
; 14.487 ; clock_divider:clk_div_1hz|counter[31]        ; clock_divider:clk_div_1hz|tick           ; CLOCK_50     ; CLOCK_50    ; 20.000       ; -1.201     ; 4.331      ;
; 14.503 ; clock_divider:clk_div_1hz|counter[30]        ; clock_divider:clk_div_1hz|tick           ; CLOCK_50     ; CLOCK_50    ; 20.000       ; -1.201     ; 4.315      ;
; 14.549 ; clock_divider:clk_div_1hz|counter[26]        ; clock_divider:clk_div_1hz|tick           ; CLOCK_50     ; CLOCK_50    ; 20.000       ; -1.201     ; 4.269      ;
; 14.559 ; clock_divider:clk_div_1hz|counter[29]        ; clock_divider:clk_div_1hz|tick           ; CLOCK_50     ; CLOCK_50    ; 20.000       ; -1.201     ; 4.259      ;
; 14.588 ; clock_divider:clk_div_1hz|counter[24]        ; clock_divider:clk_div_1hz|tick           ; CLOCK_50     ; CLOCK_50    ; 20.000       ; -1.201     ; 4.230      ;
; 14.589 ; clock_divider:clk_div_1hz|counter[18]        ; clock_divider:clk_div_1hz|tick           ; CLOCK_50     ; CLOCK_50    ; 20.000       ; -1.201     ; 4.229      ;
; 14.605 ; clock_divider:clk_div_1hz|counter[23]        ; clock_divider:clk_div_1hz|tick           ; CLOCK_50     ; CLOCK_50    ; 20.000       ; -1.200     ; 4.214      ;
; 14.608 ; clock_divider:clk_div_1hz|counter[28]        ; clock_divider:clk_div_1hz|tick           ; CLOCK_50     ; CLOCK_50    ; 20.000       ; -1.201     ; 4.210      ;
; 14.619 ; clock_divider:clk_div_1hz|counter[11]        ; clock_divider:clk_div_1hz|tick           ; CLOCK_50     ; CLOCK_50    ; 20.000       ; -1.197     ; 4.203      ;
; 14.650 ; clock_divider:clk_div_1hz|counter[14]        ; clock_divider:clk_div_1hz|tick           ; CLOCK_50     ; CLOCK_50    ; 20.000       ; -1.197     ; 4.172      ;
; 14.656 ; clock_divider:clk_div_1hz|counter[20]        ; clock_divider:clk_div_1hz|tick           ; CLOCK_50     ; CLOCK_50    ; 20.000       ; -1.200     ; 4.163      ;
; 14.666 ; clock_divider:clk_div_1hz|counter[10]        ; clock_divider:clk_div_1hz|tick           ; CLOCK_50     ; CLOCK_50    ; 20.000       ; -1.196     ; 4.157      ;
; 14.680 ; clock_divider:clk_div_1hz|counter[22]        ; clock_divider:clk_div_1hz|tick           ; CLOCK_50     ; CLOCK_50    ; 20.000       ; -1.201     ; 4.138      ;
; 14.693 ; clock_divider:clk_div_1hz|counter[4]         ; clock_divider:clk_div_1hz|tick           ; CLOCK_50     ; CLOCK_50    ; 20.000       ; -1.197     ; 4.129      ;
; 14.729 ; clock_divider:clk_div_1hz|counter[16]        ; clock_divider:clk_div_1hz|tick           ; CLOCK_50     ; CLOCK_50    ; 20.000       ; -1.201     ; 4.089      ;
; 14.782 ; clock_divider:clk_div_1hz|counter[13]        ; clock_divider:clk_div_1hz|tick           ; CLOCK_50     ; CLOCK_50    ; 20.000       ; -1.197     ; 4.040      ;
; 14.865 ; clock_divider:clk_div_1hz|counter[15]        ; clock_divider:clk_div_1hz|tick           ; CLOCK_50     ; CLOCK_50    ; 20.000       ; -1.196     ; 3.958      ;
; 14.870 ; clock_divider:clk_div_1hz|counter[19]        ; clock_divider:clk_div_1hz|tick           ; CLOCK_50     ; CLOCK_50    ; 20.000       ; -1.200     ; 3.949      ;
; 14.874 ; clock_divider:clk_div_1hz|counter[12]        ; clock_divider:clk_div_1hz|tick           ; CLOCK_50     ; CLOCK_50    ; 20.000       ; -1.196     ; 3.949      ;
; 14.897 ; clock_divider:clk_div_1hz|counter[25]        ; clock_divider:clk_div_1hz|tick           ; CLOCK_50     ; CLOCK_50    ; 20.000       ; -1.201     ; 3.921      ;
; 15.026 ; clock_divider:clk_div_1hz|counter[9]         ; clock_divider:clk_div_1hz|tick           ; CLOCK_50     ; CLOCK_50    ; 20.000       ; -1.196     ; 3.797      ;
; 15.802 ; clock_divider:clk_div_1hz|counter[2]         ; clock_divider:clk_div_1hz|counter[15]    ; CLOCK_50     ; CLOCK_50    ; 20.000       ; -0.072     ; 4.145      ;
; 15.803 ; clock_divider:clk_div_1hz|counter[2]         ; clock_divider:clk_div_1hz|counter[10]    ; CLOCK_50     ; CLOCK_50    ; 20.000       ; -0.072     ; 4.144      ;
; 15.805 ; clock_divider:clk_div_1hz|counter[2]         ; clock_divider:clk_div_1hz|counter[7]     ; CLOCK_50     ; CLOCK_50    ; 20.000       ; -0.072     ; 4.142      ;
; 15.805 ; clock_divider:clk_div_1hz|counter[2]         ; clock_divider:clk_div_1hz|counter[9]     ; CLOCK_50     ; CLOCK_50    ; 20.000       ; -0.072     ; 4.142      ;
; 15.805 ; clock_divider:clk_div_1hz|counter[2]         ; clock_divider:clk_div_1hz|counter[12]    ; CLOCK_50     ; CLOCK_50    ; 20.000       ; -0.072     ; 4.142      ;
; 15.823 ; debouncer:reset_debouncer|counter[11]        ; debouncer:reset_debouncer|counter[2]     ; CLOCK_50     ; CLOCK_50    ; 20.000       ; -0.076     ; 4.120      ;
; 15.823 ; debouncer:reset_debouncer|counter[11]        ; debouncer:reset_debouncer|counter[0]     ; CLOCK_50     ; CLOCK_50    ; 20.000       ; -0.076     ; 4.120      ;
; 15.823 ; debouncer:reset_debouncer|counter[11]        ; debouncer:reset_debouncer|counter[1]     ; CLOCK_50     ; CLOCK_50    ; 20.000       ; -0.076     ; 4.120      ;
; 15.823 ; debouncer:reset_debouncer|counter[11]        ; debouncer:reset_debouncer|counter[3]     ; CLOCK_50     ; CLOCK_50    ; 20.000       ; -0.076     ; 4.120      ;
; 15.823 ; debouncer:reset_debouncer|counter[11]        ; debouncer:reset_debouncer|counter[4]     ; CLOCK_50     ; CLOCK_50    ; 20.000       ; -0.076     ; 4.120      ;
; 15.823 ; debouncer:reset_debouncer|counter[11]        ; debouncer:reset_debouncer|counter[5]     ; CLOCK_50     ; CLOCK_50    ; 20.000       ; -0.076     ; 4.120      ;
; 15.823 ; debouncer:reset_debouncer|counter[11]        ; debouncer:reset_debouncer|counter[6]     ; CLOCK_50     ; CLOCK_50    ; 20.000       ; -0.076     ; 4.120      ;
; 15.823 ; debouncer:reset_debouncer|counter[11]        ; debouncer:reset_debouncer|counter[7]     ; CLOCK_50     ; CLOCK_50    ; 20.000       ; -0.076     ; 4.120      ;
; 15.823 ; debouncer:reset_debouncer|counter[11]        ; debouncer:reset_debouncer|counter[8]     ; CLOCK_50     ; CLOCK_50    ; 20.000       ; -0.076     ; 4.120      ;
; 15.823 ; debouncer:reset_debouncer|counter[11]        ; debouncer:reset_debouncer|counter[9]     ; CLOCK_50     ; CLOCK_50    ; 20.000       ; -0.076     ; 4.120      ;
; 15.887 ; debouncer:reset_debouncer|counter[15]        ; debouncer:reset_debouncer|counter[2]     ; CLOCK_50     ; CLOCK_50    ; 20.000       ; -0.076     ; 4.056      ;
; 15.887 ; debouncer:reset_debouncer|counter[15]        ; debouncer:reset_debouncer|counter[0]     ; CLOCK_50     ; CLOCK_50    ; 20.000       ; -0.076     ; 4.056      ;
; 15.887 ; debouncer:reset_debouncer|counter[15]        ; debouncer:reset_debouncer|counter[1]     ; CLOCK_50     ; CLOCK_50    ; 20.000       ; -0.076     ; 4.056      ;
; 15.887 ; debouncer:reset_debouncer|counter[15]        ; debouncer:reset_debouncer|counter[3]     ; CLOCK_50     ; CLOCK_50    ; 20.000       ; -0.076     ; 4.056      ;
; 15.887 ; debouncer:reset_debouncer|counter[15]        ; debouncer:reset_debouncer|counter[4]     ; CLOCK_50     ; CLOCK_50    ; 20.000       ; -0.076     ; 4.056      ;
; 15.887 ; debouncer:reset_debouncer|counter[15]        ; debouncer:reset_debouncer|counter[5]     ; CLOCK_50     ; CLOCK_50    ; 20.000       ; -0.076     ; 4.056      ;
; 15.887 ; debouncer:reset_debouncer|counter[15]        ; debouncer:reset_debouncer|counter[6]     ; CLOCK_50     ; CLOCK_50    ; 20.000       ; -0.076     ; 4.056      ;
; 15.887 ; debouncer:reset_debouncer|counter[15]        ; debouncer:reset_debouncer|counter[7]     ; CLOCK_50     ; CLOCK_50    ; 20.000       ; -0.076     ; 4.056      ;
; 15.887 ; debouncer:reset_debouncer|counter[15]        ; debouncer:reset_debouncer|counter[8]     ; CLOCK_50     ; CLOCK_50    ; 20.000       ; -0.076     ; 4.056      ;
; 15.887 ; debouncer:reset_debouncer|counter[15]        ; debouncer:reset_debouncer|counter[9]     ; CLOCK_50     ; CLOCK_50    ; 20.000       ; -0.076     ; 4.056      ;
; 15.894 ; debouncer:reset_debouncer|counter[14]        ; debouncer:reset_debouncer|counter[2]     ; CLOCK_50     ; CLOCK_50    ; 20.000       ; -0.076     ; 4.049      ;
; 15.894 ; debouncer:reset_debouncer|counter[14]        ; debouncer:reset_debouncer|counter[0]     ; CLOCK_50     ; CLOCK_50    ; 20.000       ; -0.076     ; 4.049      ;
; 15.894 ; debouncer:reset_debouncer|counter[14]        ; debouncer:reset_debouncer|counter[1]     ; CLOCK_50     ; CLOCK_50    ; 20.000       ; -0.076     ; 4.049      ;
; 15.894 ; debouncer:reset_debouncer|counter[14]        ; debouncer:reset_debouncer|counter[3]     ; CLOCK_50     ; CLOCK_50    ; 20.000       ; -0.076     ; 4.049      ;
; 15.894 ; debouncer:reset_debouncer|counter[14]        ; debouncer:reset_debouncer|counter[4]     ; CLOCK_50     ; CLOCK_50    ; 20.000       ; -0.076     ; 4.049      ;
; 15.894 ; debouncer:reset_debouncer|counter[14]        ; debouncer:reset_debouncer|counter[5]     ; CLOCK_50     ; CLOCK_50    ; 20.000       ; -0.076     ; 4.049      ;
; 15.894 ; debouncer:reset_debouncer|counter[14]        ; debouncer:reset_debouncer|counter[6]     ; CLOCK_50     ; CLOCK_50    ; 20.000       ; -0.076     ; 4.049      ;
; 15.894 ; debouncer:reset_debouncer|counter[14]        ; debouncer:reset_debouncer|counter[7]     ; CLOCK_50     ; CLOCK_50    ; 20.000       ; -0.076     ; 4.049      ;
; 15.894 ; debouncer:reset_debouncer|counter[14]        ; debouncer:reset_debouncer|counter[8]     ; CLOCK_50     ; CLOCK_50    ; 20.000       ; -0.076     ; 4.049      ;
; 15.894 ; debouncer:reset_debouncer|counter[14]        ; debouncer:reset_debouncer|counter[9]     ; CLOCK_50     ; CLOCK_50    ; 20.000       ; -0.076     ; 4.049      ;
; 15.940 ; debouncer:reset_debouncer|intermediate_state ; debouncer:reset_debouncer|button_out     ; CLOCK_50     ; CLOCK_50    ; 20.000       ; -0.084     ; 3.995      ;
; 15.958 ; debouncer:enter_debouncer|counter[8]         ; debouncer:enter_debouncer|counter[6]     ; CLOCK_50     ; CLOCK_50    ; 20.000       ; -0.071     ; 3.990      ;
; 15.958 ; debouncer:enter_debouncer|counter[8]         ; debouncer:enter_debouncer|counter[0]     ; CLOCK_50     ; CLOCK_50    ; 20.000       ; -0.071     ; 3.990      ;
; 15.958 ; debouncer:enter_debouncer|counter[8]         ; debouncer:enter_debouncer|counter[1]     ; CLOCK_50     ; CLOCK_50    ; 20.000       ; -0.071     ; 3.990      ;
; 15.958 ; debouncer:enter_debouncer|counter[8]         ; debouncer:enter_debouncer|counter[2]     ; CLOCK_50     ; CLOCK_50    ; 20.000       ; -0.071     ; 3.990      ;
; 15.958 ; debouncer:enter_debouncer|counter[8]         ; debouncer:enter_debouncer|counter[3]     ; CLOCK_50     ; CLOCK_50    ; 20.000       ; -0.071     ; 3.990      ;
; 15.958 ; debouncer:enter_debouncer|counter[8]         ; debouncer:enter_debouncer|counter[4]     ; CLOCK_50     ; CLOCK_50    ; 20.000       ; -0.071     ; 3.990      ;
; 15.958 ; debouncer:enter_debouncer|counter[8]         ; debouncer:enter_debouncer|counter[5]     ; CLOCK_50     ; CLOCK_50    ; 20.000       ; -0.071     ; 3.990      ;
; 15.958 ; debouncer:enter_debouncer|counter[8]         ; debouncer:enter_debouncer|counter[7]     ; CLOCK_50     ; CLOCK_50    ; 20.000       ; -0.071     ; 3.990      ;
; 15.958 ; debouncer:enter_debouncer|counter[8]         ; debouncer:enter_debouncer|counter[8]     ; CLOCK_50     ; CLOCK_50    ; 20.000       ; -0.071     ; 3.990      ;
; 15.958 ; debouncer:enter_debouncer|counter[8]         ; debouncer:enter_debouncer|counter[9]     ; CLOCK_50     ; CLOCK_50    ; 20.000       ; -0.071     ; 3.990      ;
; 16.047 ; debouncer:reset_debouncer|counter[12]        ; debouncer:reset_debouncer|counter[2]     ; CLOCK_50     ; CLOCK_50    ; 20.000       ; -0.076     ; 3.896      ;
; 16.047 ; debouncer:reset_debouncer|counter[12]        ; debouncer:reset_debouncer|counter[0]     ; CLOCK_50     ; CLOCK_50    ; 20.000       ; -0.076     ; 3.896      ;
; 16.047 ; debouncer:reset_debouncer|counter[12]        ; debouncer:reset_debouncer|counter[1]     ; CLOCK_50     ; CLOCK_50    ; 20.000       ; -0.076     ; 3.896      ;
; 16.047 ; debouncer:reset_debouncer|counter[12]        ; debouncer:reset_debouncer|counter[3]     ; CLOCK_50     ; CLOCK_50    ; 20.000       ; -0.076     ; 3.896      ;
; 16.047 ; debouncer:reset_debouncer|counter[12]        ; debouncer:reset_debouncer|counter[4]     ; CLOCK_50     ; CLOCK_50    ; 20.000       ; -0.076     ; 3.896      ;
; 16.047 ; debouncer:reset_debouncer|counter[12]        ; debouncer:reset_debouncer|counter[5]     ; CLOCK_50     ; CLOCK_50    ; 20.000       ; -0.076     ; 3.896      ;
; 16.047 ; debouncer:reset_debouncer|counter[12]        ; debouncer:reset_debouncer|counter[6]     ; CLOCK_50     ; CLOCK_50    ; 20.000       ; -0.076     ; 3.896      ;
; 16.047 ; debouncer:reset_debouncer|counter[12]        ; debouncer:reset_debouncer|counter[7]     ; CLOCK_50     ; CLOCK_50    ; 20.000       ; -0.076     ; 3.896      ;
; 16.047 ; debouncer:reset_debouncer|counter[12]        ; debouncer:reset_debouncer|counter[8]     ; CLOCK_50     ; CLOCK_50    ; 20.000       ; -0.076     ; 3.896      ;
; 16.047 ; debouncer:reset_debouncer|counter[12]        ; debouncer:reset_debouncer|counter[9]     ; CLOCK_50     ; CLOCK_50    ; 20.000       ; -0.076     ; 3.896      ;
; 16.057 ; debouncer:enter_debouncer|button_out         ; input_device:input_unit|captured_data[8] ; CLOCK_50     ; CLOCK_50    ; 20.000       ; -0.076     ; 3.886      ;
; 16.057 ; debouncer:enter_debouncer|button_out         ; input_device:input_unit|captured_data[9] ; CLOCK_50     ; CLOCK_50    ; 20.000       ; -0.076     ; 3.886      ;
; 16.057 ; debouncer:enter_debouncer|button_out         ; input_device:input_unit|captured_data[7] ; CLOCK_50     ; CLOCK_50    ; 20.000       ; -0.076     ; 3.886      ;
; 16.057 ; debouncer:enter_debouncer|button_out         ; input_device:input_unit|captured_data[6] ; CLOCK_50     ; CLOCK_50    ; 20.000       ; -0.076     ; 3.886      ;
; 16.102 ; debouncer:reset_debouncer|counter[10]        ; debouncer:reset_debouncer|counter[2]     ; CLOCK_50     ; CLOCK_50    ; 20.000       ; -0.076     ; 3.841      ;
; 16.102 ; debouncer:reset_debouncer|counter[10]        ; debouncer:reset_debouncer|counter[0]     ; CLOCK_50     ; CLOCK_50    ; 20.000       ; -0.076     ; 3.841      ;
; 16.102 ; debouncer:reset_debouncer|counter[10]        ; debouncer:reset_debouncer|counter[1]     ; CLOCK_50     ; CLOCK_50    ; 20.000       ; -0.076     ; 3.841      ;
; 16.102 ; debouncer:reset_debouncer|counter[10]        ; debouncer:reset_debouncer|counter[3]     ; CLOCK_50     ; CLOCK_50    ; 20.000       ; -0.076     ; 3.841      ;
; 16.102 ; debouncer:reset_debouncer|counter[10]        ; debouncer:reset_debouncer|counter[4]     ; CLOCK_50     ; CLOCK_50    ; 20.000       ; -0.076     ; 3.841      ;
; 16.102 ; debouncer:reset_debouncer|counter[10]        ; debouncer:reset_debouncer|counter[5]     ; CLOCK_50     ; CLOCK_50    ; 20.000       ; -0.076     ; 3.841      ;
; 16.102 ; debouncer:reset_debouncer|counter[10]        ; debouncer:reset_debouncer|counter[6]     ; CLOCK_50     ; CLOCK_50    ; 20.000       ; -0.076     ; 3.841      ;
; 16.102 ; debouncer:reset_debouncer|counter[10]        ; debouncer:reset_debouncer|counter[7]     ; CLOCK_50     ; CLOCK_50    ; 20.000       ; -0.076     ; 3.841      ;
+--------+----------------------------------------------+------------------------------------------+--------------+-------------+--------------+------------+------------+


+---------------------------------------------------------------------------------------------------------------------------------------------------------------------------+
; Slow 1200mV 0C Model Hold: 'CLOCK_50'                                                                                                                                     ;
+-------+----------------------------------------------+----------------------------------------------+--------------+-------------+--------------+------------+------------+
; Slack ; From Node                                    ; To Node                                      ; Launch Clock ; Latch Clock ; Relationship ; Clock Skew ; Data Delay ;
+-------+----------------------------------------------+----------------------------------------------+--------------+-------------+--------------+------------+------------+
; 0.354 ; input_device:input_unit|data_ready           ; input_device:input_unit|data_ready           ; CLOCK_50     ; CLOCK_50    ; 0.000        ; 0.072      ; 0.597      ;
; 0.354 ; debouncer:reset_debouncer|intermediate_state ; debouncer:reset_debouncer|intermediate_state ; CLOCK_50     ; CLOCK_50    ; 0.000        ; 0.072      ; 0.597      ;
; 0.355 ; debouncer:enter_debouncer|intermediate_state ; debouncer:enter_debouncer|intermediate_state ; CLOCK_50     ; CLOCK_50    ; 0.000        ; 0.071      ; 0.597      ;
; 0.365 ; clock_divider_reg[0]                         ; clock_divider_reg[0]                         ; CLOCK_50     ; CLOCK_50    ; 0.000        ; 0.072      ; 0.608      ;
; 0.422 ; debouncer:enter_debouncer|intermediate_state ; debouncer:enter_debouncer|button_out         ; CLOCK_50     ; CLOCK_50    ; 0.000        ; 0.071      ; 0.664      ;
; 0.578 ; clock_divider_reg[12]                        ; clock_divider_reg[12]                        ; CLOCK_50     ; CLOCK_50    ; 0.000        ; 0.072      ; 0.821      ;
; 0.579 ; clock_divider_reg[10]                        ; clock_divider_reg[10]                        ; CLOCK_50     ; CLOCK_50    ; 0.000        ; 0.072      ; 0.822      ;
; 0.579 ; clock_divider_reg[8]                         ; clock_divider_reg[8]                         ; CLOCK_50     ; CLOCK_50    ; 0.000        ; 0.072      ; 0.822      ;
; 0.579 ; clock_divider_reg[2]                         ; clock_divider_reg[2]                         ; CLOCK_50     ; CLOCK_50    ; 0.000        ; 0.072      ; 0.822      ;
; 0.580 ; clock_divider_reg[16]                        ; clock_divider_reg[16]                        ; CLOCK_50     ; CLOCK_50    ; 0.000        ; 0.071      ; 0.822      ;
; 0.580 ; clock_divider_reg[3]                         ; clock_divider_reg[3]                         ; CLOCK_50     ; CLOCK_50    ; 0.000        ; 0.072      ; 0.823      ;
; 0.581 ; clock_divider_reg[18]                        ; clock_divider_reg[18]                        ; CLOCK_50     ; CLOCK_50    ; 0.000        ; 0.071      ; 0.823      ;
; 0.582 ; clock_divider_reg[19]                        ; clock_divider_reg[19]                        ; CLOCK_50     ; CLOCK_50    ; 0.000        ; 0.071      ; 0.824      ;
; 0.583 ; clock_divider_reg[14]                        ; clock_divider_reg[14]                        ; CLOCK_50     ; CLOCK_50    ; 0.000        ; 0.071      ; 0.825      ;
; 0.583 ; clock_divider_reg[6]                         ; clock_divider_reg[6]                         ; CLOCK_50     ; CLOCK_50    ; 0.000        ; 0.072      ; 0.826      ;
; 0.583 ; clock_divider_reg[4]                         ; clock_divider_reg[4]                         ; CLOCK_50     ; CLOCK_50    ; 0.000        ; 0.072      ; 0.826      ;
; 0.584 ; clock_divider_reg[13]                        ; clock_divider_reg[13]                        ; CLOCK_50     ; CLOCK_50    ; 0.000        ; 0.071      ; 0.826      ;
; 0.584 ; clock_divider_reg[11]                        ; clock_divider_reg[11]                        ; CLOCK_50     ; CLOCK_50    ; 0.000        ; 0.072      ; 0.827      ;
; 0.584 ; clock_divider_reg[9]                         ; clock_divider_reg[9]                         ; CLOCK_50     ; CLOCK_50    ; 0.000        ; 0.072      ; 0.827      ;
; 0.585 ; clock_divider_reg[22]                        ; clock_divider_reg[22]                        ; CLOCK_50     ; CLOCK_50    ; 0.000        ; 0.071      ; 0.827      ;
; 0.585 ; clock_divider_reg[20]                        ; clock_divider_reg[20]                        ; CLOCK_50     ; CLOCK_50    ; 0.000        ; 0.071      ; 0.827      ;
; 0.585 ; clock_divider_reg[15]                        ; clock_divider_reg[15]                        ; CLOCK_50     ; CLOCK_50    ; 0.000        ; 0.071      ; 0.827      ;
; 0.585 ; clock_divider_reg[7]                         ; clock_divider_reg[7]                         ; CLOCK_50     ; CLOCK_50    ; 0.000        ; 0.072      ; 0.828      ;
; 0.585 ; clock_divider_reg[5]                         ; clock_divider_reg[5]                         ; CLOCK_50     ; CLOCK_50    ; 0.000        ; 0.072      ; 0.828      ;
; 0.586 ; clock_divider_reg[17]                        ; clock_divider_reg[17]                        ; CLOCK_50     ; CLOCK_50    ; 0.000        ; 0.071      ; 0.828      ;
; 0.586 ; debouncer:enter_debouncer|counter[13]        ; debouncer:enter_debouncer|counter[13]        ; CLOCK_50     ; CLOCK_50    ; 0.000        ; 0.072      ; 0.829      ;
; 0.586 ; debouncer:enter_debouncer|counter[7]         ; debouncer:enter_debouncer|counter[7]         ; CLOCK_50     ; CLOCK_50    ; 0.000        ; 0.071      ; 0.828      ;
; 0.586 ; debouncer:reset_debouncer|counter[13]        ; debouncer:reset_debouncer|counter[13]        ; CLOCK_50     ; CLOCK_50    ; 0.000        ; 0.072      ; 0.829      ;
; 0.586 ; debouncer:reset_debouncer|counter[9]         ; debouncer:reset_debouncer|counter[9]         ; CLOCK_50     ; CLOCK_50    ; 0.000        ; 0.071      ; 0.828      ;
; 0.587 ; clock_divider_reg[23]                        ; clock_divider_reg[23]                        ; CLOCK_50     ; CLOCK_50    ; 0.000        ; 0.071      ; 0.829      ;
; 0.587 ; clock_divider_reg[21]                        ; clock_divider_reg[21]                        ; CLOCK_50     ; CLOCK_50    ; 0.000        ; 0.071      ; 0.829      ;
; 0.587 ; debouncer:enter_debouncer|counter[10]        ; debouncer:enter_debouncer|counter[10]        ; CLOCK_50     ; CLOCK_50    ; 0.000        ; 0.072      ; 0.830      ;
; 0.587 ; debouncer:reset_debouncer|counter[5]         ; debouncer:reset_debouncer|counter[5]         ; CLOCK_50     ; CLOCK_50    ; 0.000        ; 0.071      ; 0.829      ;
; 0.587 ; debouncer:reset_debouncer|counter[7]         ; debouncer:reset_debouncer|counter[7]         ; CLOCK_50     ; CLOCK_50    ; 0.000        ; 0.071      ; 0.829      ;
; 0.588 ; debouncer:enter_debouncer|counter[5]         ; debouncer:enter_debouncer|counter[5]         ; CLOCK_50     ; CLOCK_50    ; 0.000        ; 0.071      ; 0.830      ;
; 0.588 ; debouncer:enter_debouncer|counter[12]        ; debouncer:enter_debouncer|counter[12]        ; CLOCK_50     ; CLOCK_50    ; 0.000        ; 0.072      ; 0.831      ;
; 0.588 ; debouncer:enter_debouncer|counter[15]        ; debouncer:enter_debouncer|counter[15]        ; CLOCK_50     ; CLOCK_50    ; 0.000        ; 0.072      ; 0.831      ;
; 0.588 ; debouncer:enter_debouncer|counter[16]        ; debouncer:enter_debouncer|counter[16]        ; CLOCK_50     ; CLOCK_50    ; 0.000        ; 0.072      ; 0.831      ;
; 0.588 ; debouncer:reset_debouncer|counter[8]         ; debouncer:reset_debouncer|counter[8]         ; CLOCK_50     ; CLOCK_50    ; 0.000        ; 0.071      ; 0.830      ;
; 0.588 ; debouncer:reset_debouncer|counter[12]        ; debouncer:reset_debouncer|counter[12]        ; CLOCK_50     ; CLOCK_50    ; 0.000        ; 0.072      ; 0.831      ;
; 0.588 ; debouncer:reset_debouncer|counter[15]        ; debouncer:reset_debouncer|counter[15]        ; CLOCK_50     ; CLOCK_50    ; 0.000        ; 0.072      ; 0.831      ;
; 0.588 ; debouncer:reset_debouncer|counter[16]        ; debouncer:reset_debouncer|counter[16]        ; CLOCK_50     ; CLOCK_50    ; 0.000        ; 0.072      ; 0.831      ;
; 0.589 ; clock_divider:clk_div_1hz|counter[5]         ; clock_divider:clk_div_1hz|counter[5]         ; CLOCK_50     ; CLOCK_50    ; 0.000        ; 0.071      ; 0.831      ;
; 0.589 ; debouncer:enter_debouncer|counter[6]         ; debouncer:enter_debouncer|counter[6]         ; CLOCK_50     ; CLOCK_50    ; 0.000        ; 0.071      ; 0.831      ;
; 0.589 ; debouncer:enter_debouncer|counter[14]        ; debouncer:enter_debouncer|counter[14]        ; CLOCK_50     ; CLOCK_50    ; 0.000        ; 0.072      ; 0.832      ;
; 0.589 ; debouncer:reset_debouncer|counter[6]         ; debouncer:reset_debouncer|counter[6]         ; CLOCK_50     ; CLOCK_50    ; 0.000        ; 0.071      ; 0.831      ;
; 0.589 ; debouncer:reset_debouncer|counter[14]        ; debouncer:reset_debouncer|counter[14]        ; CLOCK_50     ; CLOCK_50    ; 0.000        ; 0.072      ; 0.832      ;
; 0.590 ; clock_divider:clk_div_1hz|counter[8]         ; clock_divider:clk_div_1hz|counter[8]         ; CLOCK_50     ; CLOCK_50    ; 0.000        ; 0.071      ; 0.832      ;
; 0.590 ; debouncer:enter_debouncer|counter[2]         ; debouncer:enter_debouncer|counter[2]         ; CLOCK_50     ; CLOCK_50    ; 0.000        ; 0.071      ; 0.832      ;
; 0.590 ; debouncer:enter_debouncer|counter[4]         ; debouncer:enter_debouncer|counter[4]         ; CLOCK_50     ; CLOCK_50    ; 0.000        ; 0.071      ; 0.832      ;
; 0.590 ; debouncer:enter_debouncer|counter[11]        ; debouncer:enter_debouncer|counter[11]        ; CLOCK_50     ; CLOCK_50    ; 0.000        ; 0.072      ; 0.833      ;
; 0.590 ; debouncer:reset_debouncer|counter[2]         ; debouncer:reset_debouncer|counter[2]         ; CLOCK_50     ; CLOCK_50    ; 0.000        ; 0.071      ; 0.832      ;
; 0.590 ; debouncer:reset_debouncer|counter[4]         ; debouncer:reset_debouncer|counter[4]         ; CLOCK_50     ; CLOCK_50    ; 0.000        ; 0.071      ; 0.832      ;
; 0.591 ; debouncer:enter_debouncer|counter[18]        ; debouncer:enter_debouncer|counter[18]        ; CLOCK_50     ; CLOCK_50    ; 0.000        ; 0.072      ; 0.834      ;
; 0.591 ; debouncer:reset_debouncer|counter[18]        ; debouncer:reset_debouncer|counter[18]        ; CLOCK_50     ; CLOCK_50    ; 0.000        ; 0.072      ; 0.834      ;
; 0.592 ; debouncer:enter_debouncer|counter[3]         ; debouncer:enter_debouncer|counter[3]         ; CLOCK_50     ; CLOCK_50    ; 0.000        ; 0.071      ; 0.834      ;
; 0.592 ; debouncer:reset_debouncer|counter[3]         ; debouncer:reset_debouncer|counter[3]         ; CLOCK_50     ; CLOCK_50    ; 0.000        ; 0.071      ; 0.834      ;
; 0.593 ; debouncer:enter_debouncer|counter[1]         ; debouncer:enter_debouncer|counter[1]         ; CLOCK_50     ; CLOCK_50    ; 0.000        ; 0.071      ; 0.835      ;
; 0.593 ; debouncer:enter_debouncer|counter[17]        ; debouncer:enter_debouncer|counter[17]        ; CLOCK_50     ; CLOCK_50    ; 0.000        ; 0.072      ; 0.836      ;
; 0.593 ; debouncer:reset_debouncer|counter[1]         ; debouncer:reset_debouncer|counter[1]         ; CLOCK_50     ; CLOCK_50    ; 0.000        ; 0.071      ; 0.835      ;
; 0.593 ; debouncer:reset_debouncer|counter[17]        ; debouncer:reset_debouncer|counter[17]        ; CLOCK_50     ; CLOCK_50    ; 0.000        ; 0.072      ; 0.836      ;
; 0.594 ; debouncer:enter_debouncer|counter[19]        ; debouncer:enter_debouncer|counter[19]        ; CLOCK_50     ; CLOCK_50    ; 0.000        ; 0.072      ; 0.837      ;
; 0.594 ; debouncer:reset_debouncer|counter[19]        ; debouncer:reset_debouncer|counter[19]        ; CLOCK_50     ; CLOCK_50    ; 0.000        ; 0.072      ; 0.837      ;
; 0.600 ; clock_divider:clk_div_1hz|counter[13]        ; clock_divider:clk_div_1hz|counter[13]        ; CLOCK_50     ; CLOCK_50    ; 0.000        ; 0.071      ; 0.842      ;
; 0.600 ; clock_divider:clk_div_1hz|counter[6]         ; clock_divider:clk_div_1hz|counter[6]         ; CLOCK_50     ; CLOCK_50    ; 0.000        ; 0.071      ; 0.842      ;
; 0.600 ; clock_divider:clk_div_1hz|counter[3]         ; clock_divider:clk_div_1hz|counter[3]         ; CLOCK_50     ; CLOCK_50    ; 0.000        ; 0.071      ; 0.842      ;
; 0.600 ; debouncer:enter_debouncer|counter[9]         ; debouncer:enter_debouncer|counter[9]         ; CLOCK_50     ; CLOCK_50    ; 0.000        ; 0.071      ; 0.842      ;
; 0.601 ; clock_divider:clk_div_1hz|counter[29]        ; clock_divider:clk_div_1hz|counter[29]        ; CLOCK_50     ; CLOCK_50    ; 0.000        ; 0.071      ; 0.843      ;
; 0.601 ; clock_divider:clk_div_1hz|counter[22]        ; clock_divider:clk_div_1hz|counter[22]        ; CLOCK_50     ; CLOCK_50    ; 0.000        ; 0.071      ; 0.843      ;
; 0.601 ; clock_divider:clk_div_1hz|counter[21]        ; clock_divider:clk_div_1hz|counter[21]        ; CLOCK_50     ; CLOCK_50    ; 0.000        ; 0.071      ; 0.843      ;
; 0.601 ; clock_divider:clk_div_1hz|counter[11]        ; clock_divider:clk_div_1hz|counter[11]        ; CLOCK_50     ; CLOCK_50    ; 0.000        ; 0.071      ; 0.843      ;
; 0.601 ; debouncer:reset_debouncer|counter[10]        ; debouncer:reset_debouncer|counter[10]        ; CLOCK_50     ; CLOCK_50    ; 0.000        ; 0.072      ; 0.844      ;
; 0.602 ; clock_divider:clk_div_1hz|counter[31]        ; clock_divider:clk_div_1hz|counter[31]        ; CLOCK_50     ; CLOCK_50    ; 0.000        ; 0.071      ; 0.844      ;
; 0.602 ; clock_divider:clk_div_1hz|counter[27]        ; clock_divider:clk_div_1hz|counter[27]        ; CLOCK_50     ; CLOCK_50    ; 0.000        ; 0.071      ; 0.844      ;
; 0.602 ; clock_divider:clk_div_1hz|counter[16]        ; clock_divider:clk_div_1hz|counter[16]        ; CLOCK_50     ; CLOCK_50    ; 0.000        ; 0.071      ; 0.844      ;
; 0.602 ; clock_divider:clk_div_1hz|counter[14]        ; clock_divider:clk_div_1hz|counter[14]        ; CLOCK_50     ; CLOCK_50    ; 0.000        ; 0.071      ; 0.844      ;
; 0.602 ; clock_divider:clk_div_1hz|counter[2]         ; clock_divider:clk_div_1hz|counter[2]         ; CLOCK_50     ; CLOCK_50    ; 0.000        ; 0.071      ; 0.844      ;
; 0.603 ; clock_divider:clk_div_1hz|counter[30]        ; clock_divider:clk_div_1hz|counter[30]        ; CLOCK_50     ; CLOCK_50    ; 0.000        ; 0.071      ; 0.845      ;
; 0.603 ; clock_divider:clk_div_1hz|counter[18]        ; clock_divider:clk_div_1hz|counter[18]        ; CLOCK_50     ; CLOCK_50    ; 0.000        ; 0.071      ; 0.845      ;
; 0.603 ; clock_divider:clk_div_1hz|counter[4]         ; clock_divider:clk_div_1hz|counter[4]         ; CLOCK_50     ; CLOCK_50    ; 0.000        ; 0.071      ; 0.845      ;
; 0.603 ; clock_divider_reg[24]                        ; clock_divider_reg[24]                        ; CLOCK_50     ; CLOCK_50    ; 0.000        ; 0.071      ; 0.845      ;
; 0.603 ; debouncer:enter_debouncer|counter[8]         ; debouncer:enter_debouncer|counter[8]         ; CLOCK_50     ; CLOCK_50    ; 0.000        ; 0.071      ; 0.845      ;
; 0.604 ; clock_divider:clk_div_1hz|counter[28]        ; clock_divider:clk_div_1hz|counter[28]        ; CLOCK_50     ; CLOCK_50    ; 0.000        ; 0.071      ; 0.846      ;
; 0.604 ; clock_divider:clk_div_1hz|counter[26]        ; clock_divider:clk_div_1hz|counter[26]        ; CLOCK_50     ; CLOCK_50    ; 0.000        ; 0.071      ; 0.846      ;
; 0.604 ; clock_divider:clk_div_1hz|counter[24]        ; clock_divider:clk_div_1hz|counter[24]        ; CLOCK_50     ; CLOCK_50    ; 0.000        ; 0.071      ; 0.846      ;
; 0.604 ; clock_divider:clk_div_1hz|counter[17]        ; clock_divider:clk_div_1hz|counter[17]        ; CLOCK_50     ; CLOCK_50    ; 0.000        ; 0.071      ; 0.846      ;
; 0.606 ; clock_divider:clk_div_1hz|counter[25]        ; clock_divider:clk_div_1hz|counter[25]        ; CLOCK_50     ; CLOCK_50    ; 0.000        ; 0.071      ; 0.848      ;
; 0.608 ; debouncer:enter_debouncer|counter[0]         ; debouncer:enter_debouncer|counter[0]         ; CLOCK_50     ; CLOCK_50    ; 0.000        ; 0.071      ; 0.850      ;
; 0.608 ; debouncer:reset_debouncer|counter[0]         ; debouncer:reset_debouncer|counter[0]         ; CLOCK_50     ; CLOCK_50    ; 0.000        ; 0.071      ; 0.850      ;
; 0.626 ; clock_divider_reg[1]                         ; clock_divider_reg[1]                         ; CLOCK_50     ; CLOCK_50    ; 0.000        ; 0.072      ; 0.869      ;
; 0.755 ; debouncer:reset_debouncer|counter[11]        ; debouncer:reset_debouncer|counter[11]        ; CLOCK_50     ; CLOCK_50    ; 0.000        ; 0.072      ; 0.998      ;
; 0.799 ; clock_divider_reg[0]                         ; clock_divider_reg[1]                         ; CLOCK_50     ; CLOCK_50    ; 0.000        ; 0.072      ; 1.042      ;
; 0.830 ; debouncer:reset_debouncer|counter[18]        ; debouncer:reset_debouncer|intermediate_state ; CLOCK_50     ; CLOCK_50    ; 0.000        ; 0.072      ; 1.073      ;
; 0.861 ; clock_divider_reg[12]                        ; clock_divider_reg[13]                        ; CLOCK_50     ; CLOCK_50    ; 0.000        ; 0.075      ; 1.107      ;
; 0.865 ; clock_divider_reg[2]                         ; clock_divider_reg[3]                         ; CLOCK_50     ; CLOCK_50    ; 0.000        ; 0.072      ; 1.108      ;
; 0.865 ; clock_divider_reg[10]                        ; clock_divider_reg[11]                        ; CLOCK_50     ; CLOCK_50    ; 0.000        ; 0.072      ; 1.108      ;
; 0.865 ; clock_divider_reg[8]                         ; clock_divider_reg[9]                         ; CLOCK_50     ; CLOCK_50    ; 0.000        ; 0.072      ; 1.108      ;
; 0.866 ; clock_divider_reg[16]                        ; clock_divider_reg[17]                        ; CLOCK_50     ; CLOCK_50    ; 0.000        ; 0.071      ; 1.108      ;
; 0.866 ; debouncer:reset_debouncer|counter[9]         ; debouncer:reset_debouncer|counter[10]        ; CLOCK_50     ; CLOCK_50    ; 0.000        ; 0.076      ; 1.113      ;
; 0.867 ; clock_divider_reg[18]                        ; clock_divider_reg[19]                        ; CLOCK_50     ; CLOCK_50    ; 0.000        ; 0.071      ; 1.109      ;
+-------+----------------------------------------------+----------------------------------------------+--------------+-------------+--------------+------------+------------+


+-----------------------------------------------------------------------------------------------------------------------------------------------------------------+
; Slow 1200mV 0C Model Recovery: 'CLOCK_50'                                                                                                                       ;
+--------+--------------------------------------+-------------------------------------------+--------------+-------------+--------------+------------+------------+
; Slack  ; From Node                            ; To Node                                   ; Launch Clock ; Latch Clock ; Relationship ; Clock Skew ; Data Delay ;
+--------+--------------------------------------+-------------------------------------------+--------------+-------------+--------------+------------+------------+
; 12.860 ; debouncer:reset_debouncer|button_out ; clock_divider:clk_div_1hz|tick            ; CLOCK_50     ; CLOCK_50    ; 20.000       ; -1.223     ; 5.936      ;
; 14.017 ; debouncer:reset_debouncer|button_out ; clock_divider_reg[0]                      ; CLOCK_50     ; CLOCK_50    ; 20.000       ; -0.113     ; 5.889      ;
; 14.017 ; debouncer:reset_debouncer|button_out ; clock_divider_reg[1]                      ; CLOCK_50     ; CLOCK_50    ; 20.000       ; -0.113     ; 5.889      ;
; 14.017 ; debouncer:reset_debouncer|button_out ; clock_divider_reg[2]                      ; CLOCK_50     ; CLOCK_50    ; 20.000       ; -0.113     ; 5.889      ;
; 14.017 ; debouncer:reset_debouncer|button_out ; clock_divider_reg[3]                      ; CLOCK_50     ; CLOCK_50    ; 20.000       ; -0.113     ; 5.889      ;
; 14.017 ; debouncer:reset_debouncer|button_out ; clock_divider_reg[4]                      ; CLOCK_50     ; CLOCK_50    ; 20.000       ; -0.113     ; 5.889      ;
; 14.017 ; debouncer:reset_debouncer|button_out ; clock_divider_reg[5]                      ; CLOCK_50     ; CLOCK_50    ; 20.000       ; -0.113     ; 5.889      ;
; 14.017 ; debouncer:reset_debouncer|button_out ; clock_divider_reg[6]                      ; CLOCK_50     ; CLOCK_50    ; 20.000       ; -0.113     ; 5.889      ;
; 14.017 ; debouncer:reset_debouncer|button_out ; clock_divider_reg[7]                      ; CLOCK_50     ; CLOCK_50    ; 20.000       ; -0.113     ; 5.889      ;
; 14.017 ; debouncer:reset_debouncer|button_out ; clock_divider_reg[8]                      ; CLOCK_50     ; CLOCK_50    ; 20.000       ; -0.113     ; 5.889      ;
; 14.017 ; debouncer:reset_debouncer|button_out ; clock_divider_reg[9]                      ; CLOCK_50     ; CLOCK_50    ; 20.000       ; -0.113     ; 5.889      ;
; 14.017 ; debouncer:reset_debouncer|button_out ; clock_divider_reg[10]                     ; CLOCK_50     ; CLOCK_50    ; 20.000       ; -0.113     ; 5.889      ;
; 14.017 ; debouncer:reset_debouncer|button_out ; clock_divider_reg[11]                     ; CLOCK_50     ; CLOCK_50    ; 20.000       ; -0.113     ; 5.889      ;
; 14.017 ; debouncer:reset_debouncer|button_out ; clock_divider_reg[12]                     ; CLOCK_50     ; CLOCK_50    ; 20.000       ; -0.113     ; 5.889      ;
; 14.018 ; debouncer:reset_debouncer|button_out ; clock_divider_reg[13]                     ; CLOCK_50     ; CLOCK_50    ; 20.000       ; -0.109     ; 5.892      ;
; 14.018 ; debouncer:reset_debouncer|button_out ; clock_divider_reg[14]                     ; CLOCK_50     ; CLOCK_50    ; 20.000       ; -0.109     ; 5.892      ;
; 14.018 ; debouncer:reset_debouncer|button_out ; clock_divider_reg[15]                     ; CLOCK_50     ; CLOCK_50    ; 20.000       ; -0.109     ; 5.892      ;
; 14.018 ; debouncer:reset_debouncer|button_out ; clock_divider_reg[16]                     ; CLOCK_50     ; CLOCK_50    ; 20.000       ; -0.109     ; 5.892      ;
; 14.018 ; debouncer:reset_debouncer|button_out ; clock_divider_reg[17]                     ; CLOCK_50     ; CLOCK_50    ; 20.000       ; -0.109     ; 5.892      ;
; 14.018 ; debouncer:reset_debouncer|button_out ; clock_divider_reg[18]                     ; CLOCK_50     ; CLOCK_50    ; 20.000       ; -0.109     ; 5.892      ;
; 14.018 ; debouncer:reset_debouncer|button_out ; clock_divider_reg[19]                     ; CLOCK_50     ; CLOCK_50    ; 20.000       ; -0.109     ; 5.892      ;
; 14.018 ; debouncer:reset_debouncer|button_out ; clock_divider_reg[20]                     ; CLOCK_50     ; CLOCK_50    ; 20.000       ; -0.109     ; 5.892      ;
; 14.018 ; debouncer:reset_debouncer|button_out ; clock_divider_reg[21]                     ; CLOCK_50     ; CLOCK_50    ; 20.000       ; -0.109     ; 5.892      ;
; 14.018 ; debouncer:reset_debouncer|button_out ; clock_divider_reg[22]                     ; CLOCK_50     ; CLOCK_50    ; 20.000       ; -0.109     ; 5.892      ;
; 14.018 ; debouncer:reset_debouncer|button_out ; clock_divider_reg[23]                     ; CLOCK_50     ; CLOCK_50    ; 20.000       ; -0.109     ; 5.892      ;
; 14.018 ; debouncer:reset_debouncer|button_out ; clock_divider_reg[24]                     ; CLOCK_50     ; CLOCK_50    ; 20.000       ; -0.109     ; 5.892      ;
; 14.018 ; debouncer:reset_debouncer|button_out ; clock_divider:clk_div_1hz|counter[2]      ; CLOCK_50     ; CLOCK_50    ; 20.000       ; -0.118     ; 5.883      ;
; 14.018 ; debouncer:reset_debouncer|button_out ; clock_divider:clk_div_1hz|counter[3]      ; CLOCK_50     ; CLOCK_50    ; 20.000       ; -0.118     ; 5.883      ;
; 14.018 ; debouncer:reset_debouncer|button_out ; clock_divider:clk_div_1hz|counter[4]      ; CLOCK_50     ; CLOCK_50    ; 20.000       ; -0.118     ; 5.883      ;
; 14.018 ; debouncer:reset_debouncer|button_out ; clock_divider:clk_div_1hz|counter[5]      ; CLOCK_50     ; CLOCK_50    ; 20.000       ; -0.118     ; 5.883      ;
; 14.018 ; debouncer:reset_debouncer|button_out ; clock_divider:clk_div_1hz|counter[6]      ; CLOCK_50     ; CLOCK_50    ; 20.000       ; -0.118     ; 5.883      ;
; 14.018 ; debouncer:reset_debouncer|button_out ; clock_divider:clk_div_1hz|counter[7]      ; CLOCK_50     ; CLOCK_50    ; 20.000       ; -0.119     ; 5.882      ;
; 14.018 ; debouncer:reset_debouncer|button_out ; clock_divider:clk_div_1hz|counter[8]      ; CLOCK_50     ; CLOCK_50    ; 20.000       ; -0.118     ; 5.883      ;
; 14.018 ; debouncer:reset_debouncer|button_out ; clock_divider:clk_div_1hz|counter[9]      ; CLOCK_50     ; CLOCK_50    ; 20.000       ; -0.119     ; 5.882      ;
; 14.018 ; debouncer:reset_debouncer|button_out ; clock_divider:clk_div_1hz|counter[10]     ; CLOCK_50     ; CLOCK_50    ; 20.000       ; -0.119     ; 5.882      ;
; 14.018 ; debouncer:reset_debouncer|button_out ; clock_divider:clk_div_1hz|counter[11]     ; CLOCK_50     ; CLOCK_50    ; 20.000       ; -0.118     ; 5.883      ;
; 14.018 ; debouncer:reset_debouncer|button_out ; clock_divider:clk_div_1hz|counter[12]     ; CLOCK_50     ; CLOCK_50    ; 20.000       ; -0.119     ; 5.882      ;
; 14.018 ; debouncer:reset_debouncer|button_out ; clock_divider:clk_div_1hz|counter[13]     ; CLOCK_50     ; CLOCK_50    ; 20.000       ; -0.118     ; 5.883      ;
; 14.018 ; debouncer:reset_debouncer|button_out ; clock_divider:clk_div_1hz|counter[14]     ; CLOCK_50     ; CLOCK_50    ; 20.000       ; -0.118     ; 5.883      ;
; 14.018 ; debouncer:reset_debouncer|button_out ; clock_divider:clk_div_1hz|counter[15]     ; CLOCK_50     ; CLOCK_50    ; 20.000       ; -0.119     ; 5.882      ;
; 14.018 ; debouncer:reset_debouncer|button_out ; clock_divider:clk_div_1hz|counter[16]     ; CLOCK_50     ; CLOCK_50    ; 20.000       ; -0.114     ; 5.887      ;
; 14.018 ; debouncer:reset_debouncer|button_out ; clock_divider:clk_div_1hz|counter[17]     ; CLOCK_50     ; CLOCK_50    ; 20.000       ; -0.114     ; 5.887      ;
; 14.018 ; debouncer:reset_debouncer|button_out ; clock_divider:clk_div_1hz|counter[18]     ; CLOCK_50     ; CLOCK_50    ; 20.000       ; -0.114     ; 5.887      ;
; 14.018 ; debouncer:reset_debouncer|button_out ; clock_divider:clk_div_1hz|counter[19]     ; CLOCK_50     ; CLOCK_50    ; 20.000       ; -0.115     ; 5.886      ;
; 14.018 ; debouncer:reset_debouncer|button_out ; clock_divider:clk_div_1hz|counter[20]     ; CLOCK_50     ; CLOCK_50    ; 20.000       ; -0.115     ; 5.886      ;
; 14.018 ; debouncer:reset_debouncer|button_out ; clock_divider:clk_div_1hz|counter[21]     ; CLOCK_50     ; CLOCK_50    ; 20.000       ; -0.114     ; 5.887      ;
; 14.018 ; debouncer:reset_debouncer|button_out ; clock_divider:clk_div_1hz|counter[22]     ; CLOCK_50     ; CLOCK_50    ; 20.000       ; -0.114     ; 5.887      ;
; 14.018 ; debouncer:reset_debouncer|button_out ; clock_divider:clk_div_1hz|counter[23]     ; CLOCK_50     ; CLOCK_50    ; 20.000       ; -0.115     ; 5.886      ;
; 14.018 ; debouncer:reset_debouncer|button_out ; clock_divider:clk_div_1hz|counter[24]     ; CLOCK_50     ; CLOCK_50    ; 20.000       ; -0.114     ; 5.887      ;
; 14.018 ; debouncer:reset_debouncer|button_out ; clock_divider:clk_div_1hz|counter[25]     ; CLOCK_50     ; CLOCK_50    ; 20.000       ; -0.114     ; 5.887      ;
; 14.018 ; debouncer:reset_debouncer|button_out ; clock_divider:clk_div_1hz|counter[26]     ; CLOCK_50     ; CLOCK_50    ; 20.000       ; -0.114     ; 5.887      ;
; 14.018 ; debouncer:reset_debouncer|button_out ; clock_divider:clk_div_1hz|counter[27]     ; CLOCK_50     ; CLOCK_50    ; 20.000       ; -0.114     ; 5.887      ;
; 14.018 ; debouncer:reset_debouncer|button_out ; clock_divider:clk_div_1hz|counter[28]     ; CLOCK_50     ; CLOCK_50    ; 20.000       ; -0.114     ; 5.887      ;
; 14.018 ; debouncer:reset_debouncer|button_out ; clock_divider:clk_div_1hz|counter[29]     ; CLOCK_50     ; CLOCK_50    ; 20.000       ; -0.114     ; 5.887      ;
; 14.018 ; debouncer:reset_debouncer|button_out ; clock_divider:clk_div_1hz|counter[30]     ; CLOCK_50     ; CLOCK_50    ; 20.000       ; -0.114     ; 5.887      ;
; 14.018 ; debouncer:reset_debouncer|button_out ; clock_divider:clk_div_1hz|counter[31]     ; CLOCK_50     ; CLOCK_50    ; 20.000       ; -0.114     ; 5.887      ;
; 14.038 ; debouncer:reset_debouncer|button_out ; input_device:input_unit|data_ready        ; CLOCK_50     ; CLOCK_50    ; 20.000       ; -0.069     ; 5.912      ;
; 14.038 ; debouncer:reset_debouncer|button_out ; input_device:input_unit|captured_data[4]  ; CLOCK_50     ; CLOCK_50    ; 20.000       ; -0.070     ; 5.911      ;
; 14.038 ; debouncer:reset_debouncer|button_out ; input_device:input_unit|captured_data[16] ; CLOCK_50     ; CLOCK_50    ; 20.000       ; -0.072     ; 5.909      ;
; 14.038 ; debouncer:reset_debouncer|button_out ; input_device:input_unit|captured_data[2]  ; CLOCK_50     ; CLOCK_50    ; 20.000       ; -0.070     ; 5.911      ;
; 14.038 ; debouncer:reset_debouncer|button_out ; input_device:input_unit|captured_data[10] ; CLOCK_50     ; CLOCK_50    ; 20.000       ; -0.071     ; 5.910      ;
; 14.038 ; debouncer:reset_debouncer|button_out ; input_device:input_unit|captured_data[13] ; CLOCK_50     ; CLOCK_50    ; 20.000       ; -0.071     ; 5.910      ;
; 14.038 ; debouncer:reset_debouncer|button_out ; input_device:input_unit|captured_data[6]  ; CLOCK_50     ; CLOCK_50    ; 20.000       ; -0.070     ; 5.911      ;
; 14.038 ; debouncer:reset_debouncer|button_out ; input_device:input_unit|captured_data[7]  ; CLOCK_50     ; CLOCK_50    ; 20.000       ; -0.070     ; 5.911      ;
; 14.038 ; debouncer:reset_debouncer|button_out ; input_device:input_unit|captured_data[9]  ; CLOCK_50     ; CLOCK_50    ; 20.000       ; -0.070     ; 5.911      ;
; 14.038 ; debouncer:reset_debouncer|button_out ; input_device:input_unit|captured_data[12] ; CLOCK_50     ; CLOCK_50    ; 20.000       ; -0.071     ; 5.910      ;
; 14.038 ; debouncer:reset_debouncer|button_out ; input_device:input_unit|captured_data[14] ; CLOCK_50     ; CLOCK_50    ; 20.000       ; -0.072     ; 5.909      ;
; 14.038 ; debouncer:reset_debouncer|button_out ; input_device:input_unit|captured_data[15] ; CLOCK_50     ; CLOCK_50    ; 20.000       ; -0.072     ; 5.909      ;
; 14.038 ; debouncer:reset_debouncer|button_out ; input_device:input_unit|captured_data[11] ; CLOCK_50     ; CLOCK_50    ; 20.000       ; -0.071     ; 5.910      ;
; 14.038 ; debouncer:reset_debouncer|button_out ; input_device:input_unit|captured_data[8]  ; CLOCK_50     ; CLOCK_50    ; 20.000       ; -0.070     ; 5.911      ;
; 14.038 ; debouncer:reset_debouncer|button_out ; input_device:input_unit|captured_data[5]  ; CLOCK_50     ; CLOCK_50    ; 20.000       ; -0.070     ; 5.911      ;
; 14.038 ; debouncer:reset_debouncer|button_out ; input_device:input_unit|captured_data[0]  ; CLOCK_50     ; CLOCK_50    ; 20.000       ; -0.074     ; 5.907      ;
; 14.038 ; debouncer:reset_debouncer|button_out ; input_device:input_unit|captured_data[3]  ; CLOCK_50     ; CLOCK_50    ; 20.000       ; -0.070     ; 5.911      ;
; 14.038 ; debouncer:reset_debouncer|button_out ; input_device:input_unit|captured_data[17] ; CLOCK_50     ; CLOCK_50    ; 20.000       ; -0.072     ; 5.909      ;
; 14.038 ; debouncer:reset_debouncer|button_out ; input_device:input_unit|captured_data[1]  ; CLOCK_50     ; CLOCK_50    ; 20.000       ; -0.074     ; 5.907      ;
; 14.038 ; debouncer:reset_debouncer|button_out ; display_value_reg[1]                      ; CLOCK_50     ; CLOCK_50    ; 20.000       ; -0.077     ; 5.904      ;
; 14.038 ; debouncer:reset_debouncer|button_out ; display_value_reg[31]                     ; CLOCK_50     ; CLOCK_50    ; 20.000       ; -0.073     ; 5.908      ;
; 14.038 ; debouncer:reset_debouncer|button_out ; display_value_reg[30]                     ; CLOCK_50     ; CLOCK_50    ; 20.000       ; -0.073     ; 5.908      ;
; 14.038 ; debouncer:reset_debouncer|button_out ; display_value_reg[29]                     ; CLOCK_50     ; CLOCK_50    ; 20.000       ; -0.073     ; 5.908      ;
; 14.038 ; debouncer:reset_debouncer|button_out ; display_value_reg[28]                     ; CLOCK_50     ; CLOCK_50    ; 20.000       ; -0.068     ; 5.913      ;
; 14.038 ; debouncer:reset_debouncer|button_out ; display_value_reg[27]                     ; CLOCK_50     ; CLOCK_50    ; 20.000       ; -0.073     ; 5.908      ;
; 14.038 ; debouncer:reset_debouncer|button_out ; display_value_reg[26]                     ; CLOCK_50     ; CLOCK_50    ; 20.000       ; -0.073     ; 5.908      ;
; 14.038 ; debouncer:reset_debouncer|button_out ; display_value_reg[25]                     ; CLOCK_50     ; CLOCK_50    ; 20.000       ; -0.068     ; 5.913      ;
; 14.038 ; debouncer:reset_debouncer|button_out ; display_value_reg[24]                     ; CLOCK_50     ; CLOCK_50    ; 20.000       ; -0.068     ; 5.913      ;
; 14.038 ; debouncer:reset_debouncer|button_out ; display_value_reg[23]                     ; CLOCK_50     ; CLOCK_50    ; 20.000       ; -0.068     ; 5.913      ;
; 14.038 ; debouncer:reset_debouncer|button_out ; display_value_reg[22]                     ; CLOCK_50     ; CLOCK_50    ; 20.000       ; -0.068     ; 5.913      ;
; 14.038 ; debouncer:reset_debouncer|button_out ; display_value_reg[21]                     ; CLOCK_50     ; CLOCK_50    ; 20.000       ; -0.068     ; 5.913      ;
; 14.038 ; debouncer:reset_debouncer|button_out ; display_value_reg[20]                     ; CLOCK_50     ; CLOCK_50    ; 20.000       ; -0.073     ; 5.908      ;
; 14.038 ; debouncer:reset_debouncer|button_out ; display_value_reg[19]                     ; CLOCK_50     ; CLOCK_50    ; 20.000       ; -0.069     ; 5.912      ;
; 14.038 ; debouncer:reset_debouncer|button_out ; display_value_reg[18]                     ; CLOCK_50     ; CLOCK_50    ; 20.000       ; -0.069     ; 5.912      ;
; 14.038 ; debouncer:reset_debouncer|button_out ; display_value_reg[17]                     ; CLOCK_50     ; CLOCK_50    ; 20.000       ; -0.069     ; 5.912      ;
; 14.038 ; debouncer:reset_debouncer|button_out ; display_value_reg[16]                     ; CLOCK_50     ; CLOCK_50    ; 20.000       ; -0.069     ; 5.912      ;
; 14.038 ; debouncer:reset_debouncer|button_out ; display_value_reg[11]                     ; CLOCK_50     ; CLOCK_50    ; 20.000       ; -0.073     ; 5.908      ;
; 14.038 ; debouncer:reset_debouncer|button_out ; display_value_reg[10]                     ; CLOCK_50     ; CLOCK_50    ; 20.000       ; -0.075     ; 5.906      ;
; 14.038 ; debouncer:reset_debouncer|button_out ; display_value_reg[9]                      ; CLOCK_50     ; CLOCK_50    ; 20.000       ; -0.075     ; 5.906      ;
; 14.038 ; debouncer:reset_debouncer|button_out ; display_value_reg[8]                      ; CLOCK_50     ; CLOCK_50    ; 20.000       ; -0.075     ; 5.906      ;
; 14.038 ; debouncer:reset_debouncer|button_out ; display_value_reg[7]                      ; CLOCK_50     ; CLOCK_50    ; 20.000       ; -0.075     ; 5.906      ;
; 14.038 ; debouncer:reset_debouncer|button_out ; display_value_reg[6]                      ; CLOCK_50     ; CLOCK_50    ; 20.000       ; -0.075     ; 5.906      ;
; 14.038 ; debouncer:reset_debouncer|button_out ; display_value_reg[5]                      ; CLOCK_50     ; CLOCK_50    ; 20.000       ; -0.075     ; 5.906      ;
; 14.038 ; debouncer:reset_debouncer|button_out ; display_value_reg[4]                      ; CLOCK_50     ; CLOCK_50    ; 20.000       ; -0.075     ; 5.906      ;
+--------+--------------------------------------+-------------------------------------------+--------------+-------------+--------------+------------+------------+


+----------------------------------------------------------------------------------------------------------------------------------------------------------------+
; Slow 1200mV 0C Model Removal: 'CLOCK_50'                                                                                                                       ;
+-------+--------------------------------------+-------------------------------------------+--------------+-------------+--------------+------------+------------+
; Slack ; From Node                            ; To Node                                   ; Launch Clock ; Latch Clock ; Relationship ; Clock Skew ; Data Delay ;
+-------+--------------------------------------+-------------------------------------------+--------------+-------------+--------------+------------+------------+
; 5.243 ; debouncer:reset_debouncer|button_out ; clock_divider_reg[0]                      ; CLOCK_50     ; CLOCK_50    ; 0.000        ; 0.073      ; 5.487      ;
; 5.243 ; debouncer:reset_debouncer|button_out ; clock_divider_reg[1]                      ; CLOCK_50     ; CLOCK_50    ; 0.000        ; 0.073      ; 5.487      ;
; 5.243 ; debouncer:reset_debouncer|button_out ; clock_divider_reg[2]                      ; CLOCK_50     ; CLOCK_50    ; 0.000        ; 0.073      ; 5.487      ;
; 5.243 ; debouncer:reset_debouncer|button_out ; clock_divider_reg[3]                      ; CLOCK_50     ; CLOCK_50    ; 0.000        ; 0.073      ; 5.487      ;
; 5.243 ; debouncer:reset_debouncer|button_out ; clock_divider_reg[4]                      ; CLOCK_50     ; CLOCK_50    ; 0.000        ; 0.073      ; 5.487      ;
; 5.243 ; debouncer:reset_debouncer|button_out ; clock_divider_reg[5]                      ; CLOCK_50     ; CLOCK_50    ; 0.000        ; 0.073      ; 5.487      ;
; 5.243 ; debouncer:reset_debouncer|button_out ; clock_divider_reg[6]                      ; CLOCK_50     ; CLOCK_50    ; 0.000        ; 0.073      ; 5.487      ;
; 5.243 ; debouncer:reset_debouncer|button_out ; clock_divider_reg[7]                      ; CLOCK_50     ; CLOCK_50    ; 0.000        ; 0.073      ; 5.487      ;
; 5.243 ; debouncer:reset_debouncer|button_out ; clock_divider_reg[8]                      ; CLOCK_50     ; CLOCK_50    ; 0.000        ; 0.073      ; 5.487      ;
; 5.243 ; debouncer:reset_debouncer|button_out ; clock_divider_reg[9]                      ; CLOCK_50     ; CLOCK_50    ; 0.000        ; 0.073      ; 5.487      ;
; 5.243 ; debouncer:reset_debouncer|button_out ; clock_divider_reg[10]                     ; CLOCK_50     ; CLOCK_50    ; 0.000        ; 0.073      ; 5.487      ;
; 5.243 ; debouncer:reset_debouncer|button_out ; clock_divider_reg[11]                     ; CLOCK_50     ; CLOCK_50    ; 0.000        ; 0.073      ; 5.487      ;
; 5.243 ; debouncer:reset_debouncer|button_out ; clock_divider_reg[12]                     ; CLOCK_50     ; CLOCK_50    ; 0.000        ; 0.073      ; 5.487      ;
; 5.244 ; debouncer:reset_debouncer|button_out ; clock_divider_reg[13]                     ; CLOCK_50     ; CLOCK_50    ; 0.000        ; 0.076      ; 5.491      ;
; 5.244 ; debouncer:reset_debouncer|button_out ; clock_divider_reg[14]                     ; CLOCK_50     ; CLOCK_50    ; 0.000        ; 0.076      ; 5.491      ;
; 5.244 ; debouncer:reset_debouncer|button_out ; clock_divider_reg[15]                     ; CLOCK_50     ; CLOCK_50    ; 0.000        ; 0.076      ; 5.491      ;
; 5.244 ; debouncer:reset_debouncer|button_out ; clock_divider_reg[16]                     ; CLOCK_50     ; CLOCK_50    ; 0.000        ; 0.076      ; 5.491      ;
; 5.244 ; debouncer:reset_debouncer|button_out ; clock_divider_reg[17]                     ; CLOCK_50     ; CLOCK_50    ; 0.000        ; 0.076      ; 5.491      ;
; 5.244 ; debouncer:reset_debouncer|button_out ; clock_divider_reg[18]                     ; CLOCK_50     ; CLOCK_50    ; 0.000        ; 0.076      ; 5.491      ;
; 5.244 ; debouncer:reset_debouncer|button_out ; clock_divider_reg[19]                     ; CLOCK_50     ; CLOCK_50    ; 0.000        ; 0.076      ; 5.491      ;
; 5.244 ; debouncer:reset_debouncer|button_out ; clock_divider_reg[20]                     ; CLOCK_50     ; CLOCK_50    ; 0.000        ; 0.076      ; 5.491      ;
; 5.244 ; debouncer:reset_debouncer|button_out ; clock_divider_reg[21]                     ; CLOCK_50     ; CLOCK_50    ; 0.000        ; 0.076      ; 5.491      ;
; 5.244 ; debouncer:reset_debouncer|button_out ; clock_divider_reg[22]                     ; CLOCK_50     ; CLOCK_50    ; 0.000        ; 0.076      ; 5.491      ;
; 5.244 ; debouncer:reset_debouncer|button_out ; clock_divider_reg[23]                     ; CLOCK_50     ; CLOCK_50    ; 0.000        ; 0.076      ; 5.491      ;
; 5.244 ; debouncer:reset_debouncer|button_out ; clock_divider_reg[24]                     ; CLOCK_50     ; CLOCK_50    ; 0.000        ; 0.076      ; 5.491      ;
; 5.244 ; debouncer:reset_debouncer|button_out ; clock_divider:clk_div_1hz|counter[2]      ; CLOCK_50     ; CLOCK_50    ; 0.000        ; 0.067      ; 5.482      ;
; 5.244 ; debouncer:reset_debouncer|button_out ; clock_divider:clk_div_1hz|counter[3]      ; CLOCK_50     ; CLOCK_50    ; 0.000        ; 0.067      ; 5.482      ;
; 5.244 ; debouncer:reset_debouncer|button_out ; clock_divider:clk_div_1hz|counter[4]      ; CLOCK_50     ; CLOCK_50    ; 0.000        ; 0.067      ; 5.482      ;
; 5.244 ; debouncer:reset_debouncer|button_out ; clock_divider:clk_div_1hz|counter[5]      ; CLOCK_50     ; CLOCK_50    ; 0.000        ; 0.067      ; 5.482      ;
; 5.244 ; debouncer:reset_debouncer|button_out ; clock_divider:clk_div_1hz|counter[6]      ; CLOCK_50     ; CLOCK_50    ; 0.000        ; 0.067      ; 5.482      ;
; 5.244 ; debouncer:reset_debouncer|button_out ; clock_divider:clk_div_1hz|counter[7]      ; CLOCK_50     ; CLOCK_50    ; 0.000        ; 0.066      ; 5.481      ;
; 5.244 ; debouncer:reset_debouncer|button_out ; clock_divider:clk_div_1hz|counter[8]      ; CLOCK_50     ; CLOCK_50    ; 0.000        ; 0.067      ; 5.482      ;
; 5.244 ; debouncer:reset_debouncer|button_out ; clock_divider:clk_div_1hz|counter[9]      ; CLOCK_50     ; CLOCK_50    ; 0.000        ; 0.066      ; 5.481      ;
; 5.244 ; debouncer:reset_debouncer|button_out ; clock_divider:clk_div_1hz|counter[10]     ; CLOCK_50     ; CLOCK_50    ; 0.000        ; 0.066      ; 5.481      ;
; 5.244 ; debouncer:reset_debouncer|button_out ; clock_divider:clk_div_1hz|counter[11]     ; CLOCK_50     ; CLOCK_50    ; 0.000        ; 0.067      ; 5.482      ;
; 5.244 ; debouncer:reset_debouncer|button_out ; clock_divider:clk_div_1hz|counter[12]     ; CLOCK_50     ; CLOCK_50    ; 0.000        ; 0.066      ; 5.481      ;
; 5.244 ; debouncer:reset_debouncer|button_out ; clock_divider:clk_div_1hz|counter[13]     ; CLOCK_50     ; CLOCK_50    ; 0.000        ; 0.067      ; 5.482      ;
; 5.244 ; debouncer:reset_debouncer|button_out ; clock_divider:clk_div_1hz|counter[14]     ; CLOCK_50     ; CLOCK_50    ; 0.000        ; 0.067      ; 5.482      ;
; 5.244 ; debouncer:reset_debouncer|button_out ; clock_divider:clk_div_1hz|counter[15]     ; CLOCK_50     ; CLOCK_50    ; 0.000        ; 0.066      ; 5.481      ;
; 5.244 ; debouncer:reset_debouncer|button_out ; clock_divider:clk_div_1hz|counter[16]     ; CLOCK_50     ; CLOCK_50    ; 0.000        ; 0.071      ; 5.486      ;
; 5.244 ; debouncer:reset_debouncer|button_out ; clock_divider:clk_div_1hz|counter[17]     ; CLOCK_50     ; CLOCK_50    ; 0.000        ; 0.071      ; 5.486      ;
; 5.244 ; debouncer:reset_debouncer|button_out ; clock_divider:clk_div_1hz|counter[18]     ; CLOCK_50     ; CLOCK_50    ; 0.000        ; 0.071      ; 5.486      ;
; 5.244 ; debouncer:reset_debouncer|button_out ; clock_divider:clk_div_1hz|counter[19]     ; CLOCK_50     ; CLOCK_50    ; 0.000        ; 0.070      ; 5.485      ;
; 5.244 ; debouncer:reset_debouncer|button_out ; clock_divider:clk_div_1hz|counter[20]     ; CLOCK_50     ; CLOCK_50    ; 0.000        ; 0.070      ; 5.485      ;
; 5.244 ; debouncer:reset_debouncer|button_out ; clock_divider:clk_div_1hz|counter[21]     ; CLOCK_50     ; CLOCK_50    ; 0.000        ; 0.071      ; 5.486      ;
; 5.244 ; debouncer:reset_debouncer|button_out ; clock_divider:clk_div_1hz|counter[22]     ; CLOCK_50     ; CLOCK_50    ; 0.000        ; 0.071      ; 5.486      ;
; 5.244 ; debouncer:reset_debouncer|button_out ; clock_divider:clk_div_1hz|counter[23]     ; CLOCK_50     ; CLOCK_50    ; 0.000        ; 0.070      ; 5.485      ;
; 5.244 ; debouncer:reset_debouncer|button_out ; clock_divider:clk_div_1hz|counter[24]     ; CLOCK_50     ; CLOCK_50    ; 0.000        ; 0.071      ; 5.486      ;
; 5.244 ; debouncer:reset_debouncer|button_out ; clock_divider:clk_div_1hz|counter[25]     ; CLOCK_50     ; CLOCK_50    ; 0.000        ; 0.071      ; 5.486      ;
; 5.244 ; debouncer:reset_debouncer|button_out ; clock_divider:clk_div_1hz|counter[26]     ; CLOCK_50     ; CLOCK_50    ; 0.000        ; 0.071      ; 5.486      ;
; 5.244 ; debouncer:reset_debouncer|button_out ; clock_divider:clk_div_1hz|counter[27]     ; CLOCK_50     ; CLOCK_50    ; 0.000        ; 0.071      ; 5.486      ;
; 5.244 ; debouncer:reset_debouncer|button_out ; clock_divider:clk_div_1hz|counter[28]     ; CLOCK_50     ; CLOCK_50    ; 0.000        ; 0.071      ; 5.486      ;
; 5.244 ; debouncer:reset_debouncer|button_out ; clock_divider:clk_div_1hz|counter[29]     ; CLOCK_50     ; CLOCK_50    ; 0.000        ; 0.071      ; 5.486      ;
; 5.244 ; debouncer:reset_debouncer|button_out ; clock_divider:clk_div_1hz|counter[30]     ; CLOCK_50     ; CLOCK_50    ; 0.000        ; 0.071      ; 5.486      ;
; 5.244 ; debouncer:reset_debouncer|button_out ; clock_divider:clk_div_1hz|counter[31]     ; CLOCK_50     ; CLOCK_50    ; 0.000        ; 0.071      ; 5.486      ;
; 5.262 ; debouncer:reset_debouncer|button_out ; display_value_reg[19]                     ; CLOCK_50     ; CLOCK_50    ; 0.000        ; 0.075      ; 5.508      ;
; 5.262 ; debouncer:reset_debouncer|button_out ; display_value_reg[18]                     ; CLOCK_50     ; CLOCK_50    ; 0.000        ; 0.075      ; 5.508      ;
; 5.262 ; debouncer:reset_debouncer|button_out ; display_value_reg[17]                     ; CLOCK_50     ; CLOCK_50    ; 0.000        ; 0.075      ; 5.508      ;
; 5.262 ; debouncer:reset_debouncer|button_out ; display_value_reg[16]                     ; CLOCK_50     ; CLOCK_50    ; 0.000        ; 0.075      ; 5.508      ;
; 5.262 ; debouncer:reset_debouncer|button_out ; display_value_reg[15]                     ; CLOCK_50     ; CLOCK_50    ; 0.000        ; 0.076      ; 5.509      ;
; 5.262 ; debouncer:reset_debouncer|button_out ; display_value_reg[14]                     ; CLOCK_50     ; CLOCK_50    ; 0.000        ; 0.076      ; 5.509      ;
; 5.262 ; debouncer:reset_debouncer|button_out ; display_value_reg[13]                     ; CLOCK_50     ; CLOCK_50    ; 0.000        ; 0.076      ; 5.509      ;
; 5.262 ; debouncer:reset_debouncer|button_out ; display_value_reg[12]                     ; CLOCK_50     ; CLOCK_50    ; 0.000        ; 0.076      ; 5.509      ;
; 5.263 ; debouncer:reset_debouncer|button_out ; input_device:input_unit|data_ready        ; CLOCK_50     ; CLOCK_50    ; 0.000        ; 0.075      ; 5.509      ;
; 5.263 ; debouncer:reset_debouncer|button_out ; input_device:input_unit|captured_data[4]  ; CLOCK_50     ; CLOCK_50    ; 0.000        ; 0.074      ; 5.508      ;
; 5.263 ; debouncer:reset_debouncer|button_out ; input_device:input_unit|captured_data[2]  ; CLOCK_50     ; CLOCK_50    ; 0.000        ; 0.074      ; 5.508      ;
; 5.263 ; debouncer:reset_debouncer|button_out ; input_device:input_unit|captured_data[10] ; CLOCK_50     ; CLOCK_50    ; 0.000        ; 0.073      ; 5.507      ;
; 5.263 ; debouncer:reset_debouncer|button_out ; input_device:input_unit|captured_data[13] ; CLOCK_50     ; CLOCK_50    ; 0.000        ; 0.073      ; 5.507      ;
; 5.263 ; debouncer:reset_debouncer|button_out ; input_device:input_unit|captured_data[6]  ; CLOCK_50     ; CLOCK_50    ; 0.000        ; 0.074      ; 5.508      ;
; 5.263 ; debouncer:reset_debouncer|button_out ; input_device:input_unit|captured_data[7]  ; CLOCK_50     ; CLOCK_50    ; 0.000        ; 0.074      ; 5.508      ;
; 5.263 ; debouncer:reset_debouncer|button_out ; input_device:input_unit|captured_data[9]  ; CLOCK_50     ; CLOCK_50    ; 0.000        ; 0.074      ; 5.508      ;
; 5.263 ; debouncer:reset_debouncer|button_out ; input_device:input_unit|captured_data[12] ; CLOCK_50     ; CLOCK_50    ; 0.000        ; 0.073      ; 5.507      ;
; 5.263 ; debouncer:reset_debouncer|button_out ; input_device:input_unit|captured_data[11] ; CLOCK_50     ; CLOCK_50    ; 0.000        ; 0.073      ; 5.507      ;
; 5.263 ; debouncer:reset_debouncer|button_out ; input_device:input_unit|captured_data[8]  ; CLOCK_50     ; CLOCK_50    ; 0.000        ; 0.074      ; 5.508      ;
; 5.263 ; debouncer:reset_debouncer|button_out ; input_device:input_unit|captured_data[5]  ; CLOCK_50     ; CLOCK_50    ; 0.000        ; 0.074      ; 5.508      ;
; 5.263 ; debouncer:reset_debouncer|button_out ; input_device:input_unit|captured_data[0]  ; CLOCK_50     ; CLOCK_50    ; 0.000        ; 0.070      ; 5.504      ;
; 5.263 ; debouncer:reset_debouncer|button_out ; input_device:input_unit|captured_data[3]  ; CLOCK_50     ; CLOCK_50    ; 0.000        ; 0.074      ; 5.508      ;
; 5.263 ; debouncer:reset_debouncer|button_out ; input_device:input_unit|captured_data[1]  ; CLOCK_50     ; CLOCK_50    ; 0.000        ; 0.070      ; 5.504      ;
; 5.263 ; debouncer:reset_debouncer|button_out ; display_value_reg[0]                      ; CLOCK_50     ; CLOCK_50    ; 0.000        ; 0.066      ; 5.500      ;
; 5.263 ; debouncer:reset_debouncer|button_out ; display_value_reg[1]                      ; CLOCK_50     ; CLOCK_50    ; 0.000        ; 0.067      ; 5.501      ;
; 5.263 ; debouncer:reset_debouncer|button_out ; display_value_reg[31]                     ; CLOCK_50     ; CLOCK_50    ; 0.000        ; 0.071      ; 5.505      ;
; 5.263 ; debouncer:reset_debouncer|button_out ; display_value_reg[30]                     ; CLOCK_50     ; CLOCK_50    ; 0.000        ; 0.071      ; 5.505      ;
; 5.263 ; debouncer:reset_debouncer|button_out ; display_value_reg[29]                     ; CLOCK_50     ; CLOCK_50    ; 0.000        ; 0.071      ; 5.505      ;
; 5.263 ; debouncer:reset_debouncer|button_out ; display_value_reg[28]                     ; CLOCK_50     ; CLOCK_50    ; 0.000        ; 0.076      ; 5.510      ;
; 5.263 ; debouncer:reset_debouncer|button_out ; display_value_reg[27]                     ; CLOCK_50     ; CLOCK_50    ; 0.000        ; 0.071      ; 5.505      ;
; 5.263 ; debouncer:reset_debouncer|button_out ; display_value_reg[26]                     ; CLOCK_50     ; CLOCK_50    ; 0.000        ; 0.071      ; 5.505      ;
; 5.263 ; debouncer:reset_debouncer|button_out ; display_value_reg[25]                     ; CLOCK_50     ; CLOCK_50    ; 0.000        ; 0.076      ; 5.510      ;
; 5.263 ; debouncer:reset_debouncer|button_out ; display_value_reg[24]                     ; CLOCK_50     ; CLOCK_50    ; 0.000        ; 0.076      ; 5.510      ;
; 5.263 ; debouncer:reset_debouncer|button_out ; display_value_reg[23]                     ; CLOCK_50     ; CLOCK_50    ; 0.000        ; 0.076      ; 5.510      ;
; 5.263 ; debouncer:reset_debouncer|button_out ; display_value_reg[22]                     ; CLOCK_50     ; CLOCK_50    ; 0.000        ; 0.076      ; 5.510      ;
; 5.263 ; debouncer:reset_debouncer|button_out ; display_value_reg[21]                     ; CLOCK_50     ; CLOCK_50    ; 0.000        ; 0.076      ; 5.510      ;
; 5.263 ; debouncer:reset_debouncer|button_out ; display_value_reg[20]                     ; CLOCK_50     ; CLOCK_50    ; 0.000        ; 0.071      ; 5.505      ;
; 5.263 ; debouncer:reset_debouncer|button_out ; display_value_reg[11]                     ; CLOCK_50     ; CLOCK_50    ; 0.000        ; 0.071      ; 5.505      ;
; 5.263 ; debouncer:reset_debouncer|button_out ; display_value_reg[10]                     ; CLOCK_50     ; CLOCK_50    ; 0.000        ; 0.069      ; 5.503      ;
; 5.263 ; debouncer:reset_debouncer|button_out ; display_value_reg[9]                      ; CLOCK_50     ; CLOCK_50    ; 0.000        ; 0.069      ; 5.503      ;
; 5.263 ; debouncer:reset_debouncer|button_out ; display_value_reg[8]                      ; CLOCK_50     ; CLOCK_50    ; 0.000        ; 0.069      ; 5.503      ;
; 5.263 ; debouncer:reset_debouncer|button_out ; display_value_reg[7]                      ; CLOCK_50     ; CLOCK_50    ; 0.000        ; 0.069      ; 5.503      ;
; 5.263 ; debouncer:reset_debouncer|button_out ; display_value_reg[6]                      ; CLOCK_50     ; CLOCK_50    ; 0.000        ; 0.069      ; 5.503      ;
; 5.263 ; debouncer:reset_debouncer|button_out ; display_value_reg[5]                      ; CLOCK_50     ; CLOCK_50    ; 0.000        ; 0.069      ; 5.503      ;
; 5.263 ; debouncer:reset_debouncer|button_out ; display_value_reg[4]                      ; CLOCK_50     ; CLOCK_50    ; 0.000        ; 0.069      ; 5.503      ;
+-------+--------------------------------------+-------------------------------------------+--------------+-------------+--------------+------------+------------+


----------------------------------------------
; Slow 1200mV 0C Model Metastability Summary ;
----------------------------------------------
No synchronizer chains to report.


+------------------------------------+
; Fast 1200mV 0C Model Setup Summary ;
+----------+--------+----------------+
; Clock    ; Slack  ; End Point TNS  ;
+----------+--------+----------------+
; CLOCK_50 ; 16.178 ; 0.000          ;
+----------+--------+----------------+


+-----------------------------------+
; Fast 1200mV 0C Model Hold Summary ;
+----------+-------+----------------+
; Clock    ; Slack ; End Point TNS  ;
+----------+-------+----------------+
; CLOCK_50 ; 0.181 ; 0.000          ;
+----------+-------+----------------+


+---------------------------------------+
; Fast 1200mV 0C Model Recovery Summary ;
+----------+--------+-------------------+
; Clock    ; Slack  ; End Point TNS     ;
+----------+--------+-------------------+
; CLOCK_50 ; 15.668 ; 0.000             ;
+----------+--------+-------------------+


+--------------------------------------+
; Fast 1200mV 0C Model Removal Summary ;
+----------+-------+-------------------+
; Clock    ; Slack ; End Point TNS     ;
+----------+-------+-------------------+
; CLOCK_50 ; 3.005 ; 0.000             ;
+----------+-------+-------------------+


+--------------------------------------------------+
; Fast 1200mV 0C Model Minimum Pulse Width Summary ;
+----------+-------+-------------------------------+
; Clock    ; Slack ; End Point TNS                 ;
+----------+-------+-------------------------------+
; CLOCK_50 ; 9.436 ; 0.000                         ;
+----------+-------+-------------------------------+


+-------------------------------------------------------------------------------------------------------------------------------------------------------------------------+
; Fast 1200mV 0C Model Setup: 'CLOCK_50'                                                                                                                                  ;
+--------+----------------------------------------------+-------------------------------------------+--------------+-------------+--------------+------------+------------+
; Slack  ; From Node                                    ; To Node                                   ; Launch Clock ; Latch Clock ; Relationship ; Clock Skew ; Data Delay ;
+--------+----------------------------------------------+-------------------------------------------+--------------+-------------+--------------+------------+------------+
; 16.178 ; clock_divider:clk_div_1hz|counter[2]         ; clock_divider:clk_div_1hz|tick            ; CLOCK_50     ; CLOCK_50    ; 20.000       ; -0.773     ; 3.056      ;
; 16.345 ; clock_divider_reg[1]                         ; clock_divider:clk_div_1hz|tick            ; CLOCK_50     ; CLOCK_50    ; 20.000       ; -0.781     ; 2.881      ;
; 16.453 ; clock_divider_reg[0]                         ; clock_divider:clk_div_1hz|tick            ; CLOCK_50     ; CLOCK_50    ; 20.000       ; -0.781     ; 2.773      ;
; 16.537 ; clock_divider:clk_div_1hz|counter[6]         ; clock_divider:clk_div_1hz|tick            ; CLOCK_50     ; CLOCK_50    ; 20.000       ; -0.773     ; 2.697      ;
; 16.549 ; clock_divider:clk_div_1hz|counter[5]         ; clock_divider:clk_div_1hz|tick            ; CLOCK_50     ; CLOCK_50    ; 20.000       ; -0.773     ; 2.685      ;
; 16.575 ; clock_divider:clk_div_1hz|counter[8]         ; clock_divider:clk_div_1hz|tick            ; CLOCK_50     ; CLOCK_50    ; 20.000       ; -0.773     ; 2.659      ;
; 16.645 ; clock_divider:clk_div_1hz|counter[7]         ; clock_divider:clk_div_1hz|tick            ; CLOCK_50     ; CLOCK_50    ; 20.000       ; -0.772     ; 2.590      ;
; 16.785 ; clock_divider:clk_div_1hz|counter[21]        ; clock_divider:clk_div_1hz|tick            ; CLOCK_50     ; CLOCK_50    ; 20.000       ; -0.778     ; 2.444      ;
; 16.812 ; clock_divider:clk_div_1hz|counter[3]         ; clock_divider:clk_div_1hz|tick            ; CLOCK_50     ; CLOCK_50    ; 20.000       ; -0.773     ; 2.422      ;
; 16.821 ; clock_divider:clk_div_1hz|counter[17]        ; clock_divider:clk_div_1hz|tick            ; CLOCK_50     ; CLOCK_50    ; 20.000       ; -0.778     ; 2.408      ;
; 16.837 ; clock_divider:clk_div_1hz|counter[23]        ; clock_divider:clk_div_1hz|tick            ; CLOCK_50     ; CLOCK_50    ; 20.000       ; -0.777     ; 2.393      ;
; 16.853 ; clock_divider:clk_div_1hz|counter[27]        ; clock_divider:clk_div_1hz|tick            ; CLOCK_50     ; CLOCK_50    ; 20.000       ; -0.778     ; 2.376      ;
; 16.866 ; clock_divider:clk_div_1hz|counter[31]        ; clock_divider:clk_div_1hz|tick            ; CLOCK_50     ; CLOCK_50    ; 20.000       ; -0.778     ; 2.363      ;
; 16.868 ; clock_divider:clk_div_1hz|counter[30]        ; clock_divider:clk_div_1hz|tick            ; CLOCK_50     ; CLOCK_50    ; 20.000       ; -0.778     ; 2.361      ;
; 16.875 ; clock_divider:clk_div_1hz|counter[20]        ; clock_divider:clk_div_1hz|tick            ; CLOCK_50     ; CLOCK_50    ; 20.000       ; -0.777     ; 2.355      ;
; 16.877 ; clock_divider:clk_div_1hz|counter[10]        ; clock_divider:clk_div_1hz|tick            ; CLOCK_50     ; CLOCK_50    ; 20.000       ; -0.772     ; 2.358      ;
; 16.896 ; clock_divider:clk_div_1hz|counter[24]        ; clock_divider:clk_div_1hz|tick            ; CLOCK_50     ; CLOCK_50    ; 20.000       ; -0.778     ; 2.333      ;
; 16.902 ; clock_divider:clk_div_1hz|counter[18]        ; clock_divider:clk_div_1hz|tick            ; CLOCK_50     ; CLOCK_50    ; 20.000       ; -0.778     ; 2.327      ;
; 16.904 ; clock_divider:clk_div_1hz|counter[29]        ; clock_divider:clk_div_1hz|tick            ; CLOCK_50     ; CLOCK_50    ; 20.000       ; -0.778     ; 2.325      ;
; 16.909 ; clock_divider:clk_div_1hz|counter[26]        ; clock_divider:clk_div_1hz|tick            ; CLOCK_50     ; CLOCK_50    ; 20.000       ; -0.778     ; 2.320      ;
; 16.920 ; clock_divider:clk_div_1hz|counter[11]        ; clock_divider:clk_div_1hz|tick            ; CLOCK_50     ; CLOCK_50    ; 20.000       ; -0.773     ; 2.314      ;
; 16.935 ; clock_divider:clk_div_1hz|counter[28]        ; clock_divider:clk_div_1hz|tick            ; CLOCK_50     ; CLOCK_50    ; 20.000       ; -0.778     ; 2.294      ;
; 16.937 ; clock_divider:clk_div_1hz|counter[14]        ; clock_divider:clk_div_1hz|tick            ; CLOCK_50     ; CLOCK_50    ; 20.000       ; -0.773     ; 2.297      ;
; 16.947 ; clock_divider:clk_div_1hz|counter[4]         ; clock_divider:clk_div_1hz|tick            ; CLOCK_50     ; CLOCK_50    ; 20.000       ; -0.773     ; 2.287      ;
; 16.948 ; clock_divider:clk_div_1hz|counter[22]        ; clock_divider:clk_div_1hz|tick            ; CLOCK_50     ; CLOCK_50    ; 20.000       ; -0.778     ; 2.281      ;
; 16.979 ; clock_divider:clk_div_1hz|counter[16]        ; clock_divider:clk_div_1hz|tick            ; CLOCK_50     ; CLOCK_50    ; 20.000       ; -0.778     ; 2.250      ;
; 16.993 ; clock_divider:clk_div_1hz|counter[12]        ; clock_divider:clk_div_1hz|tick            ; CLOCK_50     ; CLOCK_50    ; 20.000       ; -0.772     ; 2.242      ;
; 16.994 ; clock_divider:clk_div_1hz|counter[19]        ; clock_divider:clk_div_1hz|tick            ; CLOCK_50     ; CLOCK_50    ; 20.000       ; -0.777     ; 2.236      ;
; 16.995 ; clock_divider:clk_div_1hz|counter[15]        ; clock_divider:clk_div_1hz|tick            ; CLOCK_50     ; CLOCK_50    ; 20.000       ; -0.772     ; 2.240      ;
; 17.006 ; clock_divider:clk_div_1hz|counter[13]        ; clock_divider:clk_div_1hz|tick            ; CLOCK_50     ; CLOCK_50    ; 20.000       ; -0.773     ; 2.228      ;
; 17.077 ; clock_divider:clk_div_1hz|counter[9]         ; clock_divider:clk_div_1hz|tick            ; CLOCK_50     ; CLOCK_50    ; 20.000       ; -0.772     ; 2.158      ;
; 17.095 ; clock_divider:clk_div_1hz|counter[25]        ; clock_divider:clk_div_1hz|tick            ; CLOCK_50     ; CLOCK_50    ; 20.000       ; -0.778     ; 2.134      ;
; 17.643 ; debouncer:reset_debouncer|intermediate_state ; debouncer:reset_debouncer|button_out      ; CLOCK_50     ; CLOCK_50    ; 20.000       ; -0.042     ; 2.322      ;
; 17.700 ; clock_divider:clk_div_1hz|counter[2]         ; clock_divider:clk_div_1hz|counter[15]     ; CLOCK_50     ; CLOCK_50    ; 20.000       ; -0.042     ; 2.265      ;
; 17.701 ; clock_divider:clk_div_1hz|counter[2]         ; clock_divider:clk_div_1hz|counter[10]     ; CLOCK_50     ; CLOCK_50    ; 20.000       ; -0.042     ; 2.264      ;
; 17.703 ; clock_divider:clk_div_1hz|counter[2]         ; clock_divider:clk_div_1hz|counter[7]      ; CLOCK_50     ; CLOCK_50    ; 20.000       ; -0.042     ; 2.262      ;
; 17.703 ; clock_divider:clk_div_1hz|counter[2]         ; clock_divider:clk_div_1hz|counter[9]      ; CLOCK_50     ; CLOCK_50    ; 20.000       ; -0.042     ; 2.262      ;
; 17.703 ; clock_divider:clk_div_1hz|counter[2]         ; clock_divider:clk_div_1hz|counter[12]     ; CLOCK_50     ; CLOCK_50    ; 20.000       ; -0.042     ; 2.262      ;
; 17.733 ; debouncer:enter_debouncer|button_out         ; input_device:input_unit|captured_data[8]  ; CLOCK_50     ; CLOCK_50    ; 20.000       ; -0.034     ; 2.240      ;
; 17.733 ; debouncer:enter_debouncer|button_out         ; input_device:input_unit|captured_data[9]  ; CLOCK_50     ; CLOCK_50    ; 20.000       ; -0.034     ; 2.240      ;
; 17.733 ; debouncer:enter_debouncer|button_out         ; input_device:input_unit|captured_data[7]  ; CLOCK_50     ; CLOCK_50    ; 20.000       ; -0.034     ; 2.240      ;
; 17.733 ; debouncer:enter_debouncer|button_out         ; input_device:input_unit|captured_data[6]  ; CLOCK_50     ; CLOCK_50    ; 20.000       ; -0.034     ; 2.240      ;
; 17.768 ; debouncer:enter_debouncer|button_out         ; input_device:input_unit|captured_data[17] ; CLOCK_50     ; CLOCK_50    ; 20.000       ; -0.036     ; 2.203      ;
; 17.768 ; debouncer:enter_debouncer|button_out         ; input_device:input_unit|captured_data[15] ; CLOCK_50     ; CLOCK_50    ; 20.000       ; -0.036     ; 2.203      ;
; 17.768 ; debouncer:enter_debouncer|button_out         ; input_device:input_unit|captured_data[14] ; CLOCK_50     ; CLOCK_50    ; 20.000       ; -0.036     ; 2.203      ;
; 17.768 ; debouncer:enter_debouncer|button_out         ; input_device:input_unit|captured_data[16] ; CLOCK_50     ; CLOCK_50    ; 20.000       ; -0.036     ; 2.203      ;
; 17.800 ; debouncer:reset_debouncer|counter[11]        ; debouncer:reset_debouncer|counter[2]      ; CLOCK_50     ; CLOCK_50    ; 20.000       ; -0.046     ; 2.161      ;
; 17.800 ; debouncer:reset_debouncer|counter[11]        ; debouncer:reset_debouncer|counter[0]      ; CLOCK_50     ; CLOCK_50    ; 20.000       ; -0.046     ; 2.161      ;
; 17.800 ; debouncer:reset_debouncer|counter[11]        ; debouncer:reset_debouncer|counter[1]      ; CLOCK_50     ; CLOCK_50    ; 20.000       ; -0.046     ; 2.161      ;
; 17.800 ; debouncer:reset_debouncer|counter[11]        ; debouncer:reset_debouncer|counter[3]      ; CLOCK_50     ; CLOCK_50    ; 20.000       ; -0.046     ; 2.161      ;
; 17.800 ; debouncer:reset_debouncer|counter[11]        ; debouncer:reset_debouncer|counter[4]      ; CLOCK_50     ; CLOCK_50    ; 20.000       ; -0.046     ; 2.161      ;
; 17.800 ; debouncer:reset_debouncer|counter[11]        ; debouncer:reset_debouncer|counter[5]      ; CLOCK_50     ; CLOCK_50    ; 20.000       ; -0.046     ; 2.161      ;
; 17.800 ; debouncer:reset_debouncer|counter[11]        ; debouncer:reset_debouncer|counter[6]      ; CLOCK_50     ; CLOCK_50    ; 20.000       ; -0.046     ; 2.161      ;
; 17.800 ; debouncer:reset_debouncer|counter[11]        ; debouncer:reset_debouncer|counter[7]      ; CLOCK_50     ; CLOCK_50    ; 20.000       ; -0.046     ; 2.161      ;
; 17.800 ; debouncer:reset_debouncer|counter[11]        ; debouncer:reset_debouncer|counter[8]      ; CLOCK_50     ; CLOCK_50    ; 20.000       ; -0.046     ; 2.161      ;
; 17.800 ; debouncer:reset_debouncer|counter[11]        ; debouncer:reset_debouncer|counter[9]      ; CLOCK_50     ; CLOCK_50    ; 20.000       ; -0.046     ; 2.161      ;
; 17.824 ; debouncer:enter_debouncer|button_out         ; input_device:input_unit|captured_data[3]  ; CLOCK_50     ; CLOCK_50    ; 20.000       ; -0.034     ; 2.149      ;
; 17.824 ; debouncer:enter_debouncer|button_out         ; input_device:input_unit|captured_data[5]  ; CLOCK_50     ; CLOCK_50    ; 20.000       ; -0.034     ; 2.149      ;
; 17.824 ; debouncer:enter_debouncer|button_out         ; input_device:input_unit|captured_data[2]  ; CLOCK_50     ; CLOCK_50    ; 20.000       ; -0.034     ; 2.149      ;
; 17.824 ; debouncer:enter_debouncer|button_out         ; input_device:input_unit|captured_data[4]  ; CLOCK_50     ; CLOCK_50    ; 20.000       ; -0.034     ; 2.149      ;
; 17.829 ; debouncer:enter_debouncer|button_out         ; input_device:input_unit|captured_data[11] ; CLOCK_50     ; CLOCK_50    ; 20.000       ; -0.035     ; 2.143      ;
; 17.829 ; debouncer:enter_debouncer|button_out         ; input_device:input_unit|captured_data[12] ; CLOCK_50     ; CLOCK_50    ; 20.000       ; -0.035     ; 2.143      ;
; 17.829 ; debouncer:enter_debouncer|button_out         ; input_device:input_unit|captured_data[13] ; CLOCK_50     ; CLOCK_50    ; 20.000       ; -0.035     ; 2.143      ;
; 17.829 ; debouncer:enter_debouncer|button_out         ; input_device:input_unit|captured_data[10] ; CLOCK_50     ; CLOCK_50    ; 20.000       ; -0.035     ; 2.143      ;
; 17.829 ; debouncer:enter_debouncer|counter[8]         ; debouncer:enter_debouncer|counter[6]      ; CLOCK_50     ; CLOCK_50    ; 20.000       ; -0.041     ; 2.137      ;
; 17.829 ; debouncer:enter_debouncer|counter[8]         ; debouncer:enter_debouncer|counter[0]      ; CLOCK_50     ; CLOCK_50    ; 20.000       ; -0.041     ; 2.137      ;
; 17.829 ; debouncer:enter_debouncer|counter[8]         ; debouncer:enter_debouncer|counter[1]      ; CLOCK_50     ; CLOCK_50    ; 20.000       ; -0.041     ; 2.137      ;
; 17.829 ; debouncer:enter_debouncer|counter[8]         ; debouncer:enter_debouncer|counter[2]      ; CLOCK_50     ; CLOCK_50    ; 20.000       ; -0.041     ; 2.137      ;
; 17.829 ; debouncer:enter_debouncer|counter[8]         ; debouncer:enter_debouncer|counter[3]      ; CLOCK_50     ; CLOCK_50    ; 20.000       ; -0.041     ; 2.137      ;
; 17.829 ; debouncer:enter_debouncer|counter[8]         ; debouncer:enter_debouncer|counter[4]      ; CLOCK_50     ; CLOCK_50    ; 20.000       ; -0.041     ; 2.137      ;
; 17.829 ; debouncer:enter_debouncer|counter[8]         ; debouncer:enter_debouncer|counter[5]      ; CLOCK_50     ; CLOCK_50    ; 20.000       ; -0.041     ; 2.137      ;
; 17.829 ; debouncer:enter_debouncer|counter[8]         ; debouncer:enter_debouncer|counter[7]      ; CLOCK_50     ; CLOCK_50    ; 20.000       ; -0.041     ; 2.137      ;
; 17.829 ; debouncer:enter_debouncer|counter[8]         ; debouncer:enter_debouncer|counter[8]      ; CLOCK_50     ; CLOCK_50    ; 20.000       ; -0.041     ; 2.137      ;
; 17.829 ; debouncer:enter_debouncer|counter[8]         ; debouncer:enter_debouncer|counter[9]      ; CLOCK_50     ; CLOCK_50    ; 20.000       ; -0.041     ; 2.137      ;
; 17.832 ; debouncer:enter_debouncer|button_out         ; input_device:input_unit|data_ready        ; CLOCK_50     ; CLOCK_50    ; 20.000       ; -0.033     ; 2.142      ;
; 17.842 ; debouncer:reset_debouncer|counter[15]        ; debouncer:reset_debouncer|counter[2]      ; CLOCK_50     ; CLOCK_50    ; 20.000       ; -0.046     ; 2.119      ;
; 17.842 ; debouncer:reset_debouncer|counter[15]        ; debouncer:reset_debouncer|counter[0]      ; CLOCK_50     ; CLOCK_50    ; 20.000       ; -0.046     ; 2.119      ;
; 17.842 ; debouncer:reset_debouncer|counter[15]        ; debouncer:reset_debouncer|counter[1]      ; CLOCK_50     ; CLOCK_50    ; 20.000       ; -0.046     ; 2.119      ;
; 17.842 ; debouncer:reset_debouncer|counter[15]        ; debouncer:reset_debouncer|counter[3]      ; CLOCK_50     ; CLOCK_50    ; 20.000       ; -0.046     ; 2.119      ;
; 17.842 ; debouncer:reset_debouncer|counter[15]        ; debouncer:reset_debouncer|counter[4]      ; CLOCK_50     ; CLOCK_50    ; 20.000       ; -0.046     ; 2.119      ;
; 17.842 ; debouncer:reset_debouncer|counter[15]        ; debouncer:reset_debouncer|counter[5]      ; CLOCK_50     ; CLOCK_50    ; 20.000       ; -0.046     ; 2.119      ;
; 17.842 ; debouncer:reset_debouncer|counter[15]        ; debouncer:reset_debouncer|counter[6]      ; CLOCK_50     ; CLOCK_50    ; 20.000       ; -0.046     ; 2.119      ;
; 17.842 ; debouncer:reset_debouncer|counter[15]        ; debouncer:reset_debouncer|counter[7]      ; CLOCK_50     ; CLOCK_50    ; 20.000       ; -0.046     ; 2.119      ;
; 17.842 ; debouncer:reset_debouncer|counter[15]        ; debouncer:reset_debouncer|counter[8]      ; CLOCK_50     ; CLOCK_50    ; 20.000       ; -0.046     ; 2.119      ;
; 17.842 ; debouncer:reset_debouncer|counter[15]        ; debouncer:reset_debouncer|counter[9]      ; CLOCK_50     ; CLOCK_50    ; 20.000       ; -0.046     ; 2.119      ;
; 17.842 ; debouncer:reset_debouncer|counter[14]        ; debouncer:reset_debouncer|counter[2]      ; CLOCK_50     ; CLOCK_50    ; 20.000       ; -0.046     ; 2.119      ;
; 17.842 ; debouncer:reset_debouncer|counter[14]        ; debouncer:reset_debouncer|counter[0]      ; CLOCK_50     ; CLOCK_50    ; 20.000       ; -0.046     ; 2.119      ;
; 17.842 ; debouncer:reset_debouncer|counter[14]        ; debouncer:reset_debouncer|counter[1]      ; CLOCK_50     ; CLOCK_50    ; 20.000       ; -0.046     ; 2.119      ;
; 17.842 ; debouncer:reset_debouncer|counter[14]        ; debouncer:reset_debouncer|counter[3]      ; CLOCK_50     ; CLOCK_50    ; 20.000       ; -0.046     ; 2.119      ;
; 17.842 ; debouncer:reset_debouncer|counter[14]        ; debouncer:reset_debouncer|counter[4]      ; CLOCK_50     ; CLOCK_50    ; 20.000       ; -0.046     ; 2.119      ;
; 17.842 ; debouncer:reset_debouncer|counter[14]        ; debouncer:reset_debouncer|counter[5]      ; CLOCK_50     ; CLOCK_50    ; 20.000       ; -0.046     ; 2.119      ;
; 17.842 ; debouncer:reset_debouncer|counter[14]        ; debouncer:reset_debouncer|counter[6]      ; CLOCK_50     ; CLOCK_50    ; 20.000       ; -0.046     ; 2.119      ;
; 17.842 ; debouncer:reset_debouncer|counter[14]        ; debouncer:reset_debouncer|counter[7]      ; CLOCK_50     ; CLOCK_50    ; 20.000       ; -0.046     ; 2.119      ;
; 17.842 ; debouncer:reset_debouncer|counter[14]        ; debouncer:reset_debouncer|counter[8]      ; CLOCK_50     ; CLOCK_50    ; 20.000       ; -0.046     ; 2.119      ;
; 17.842 ; debouncer:reset_debouncer|counter[14]        ; debouncer:reset_debouncer|counter[9]      ; CLOCK_50     ; CLOCK_50    ; 20.000       ; -0.046     ; 2.119      ;
; 17.867 ; clock_divider_reg[1]                         ; clock_divider:clk_div_1hz|counter[15]     ; CLOCK_50     ; CLOCK_50    ; 20.000       ; -0.050     ; 2.090      ;
; 17.868 ; clock_divider_reg[1]                         ; clock_divider:clk_div_1hz|counter[10]     ; CLOCK_50     ; CLOCK_50    ; 20.000       ; -0.050     ; 2.089      ;
; 17.870 ; clock_divider_reg[1]                         ; clock_divider:clk_div_1hz|counter[7]      ; CLOCK_50     ; CLOCK_50    ; 20.000       ; -0.050     ; 2.087      ;
; 17.870 ; clock_divider_reg[1]                         ; clock_divider:clk_div_1hz|counter[9]      ; CLOCK_50     ; CLOCK_50    ; 20.000       ; -0.050     ; 2.087      ;
; 17.870 ; clock_divider_reg[1]                         ; clock_divider:clk_div_1hz|counter[12]     ; CLOCK_50     ; CLOCK_50    ; 20.000       ; -0.050     ; 2.087      ;
+--------+----------------------------------------------+-------------------------------------------+--------------+-------------+--------------+------------+------------+


+---------------------------------------------------------------------------------------------------------------------------------------------------------------------------+
; Fast 1200mV 0C Model Hold: 'CLOCK_50'                                                                                                                                     ;
+-------+----------------------------------------------+----------------------------------------------+--------------+-------------+--------------+------------+------------+
; Slack ; From Node                                    ; To Node                                      ; Launch Clock ; Latch Clock ; Relationship ; Clock Skew ; Data Delay ;
+-------+----------------------------------------------+----------------------------------------------+--------------+-------------+--------------+------------+------------+
; 0.181 ; input_device:input_unit|data_ready           ; input_device:input_unit|data_ready           ; CLOCK_50     ; CLOCK_50    ; 0.000        ; 0.042      ; 0.307      ;
; 0.182 ; debouncer:enter_debouncer|intermediate_state ; debouncer:enter_debouncer|intermediate_state ; CLOCK_50     ; CLOCK_50    ; 0.000        ; 0.041      ; 0.307      ;
; 0.182 ; debouncer:reset_debouncer|intermediate_state ; debouncer:reset_debouncer|intermediate_state ; CLOCK_50     ; CLOCK_50    ; 0.000        ; 0.041      ; 0.307      ;
; 0.189 ; clock_divider_reg[0]                         ; clock_divider_reg[0]                         ; CLOCK_50     ; CLOCK_50    ; 0.000        ; 0.041      ; 0.314      ;
; 0.203 ; debouncer:enter_debouncer|intermediate_state ; debouncer:enter_debouncer|button_out         ; CLOCK_50     ; CLOCK_50    ; 0.000        ; 0.041      ; 0.328      ;
; 0.287 ; clock_divider_reg[12]                        ; clock_divider_reg[12]                        ; CLOCK_50     ; CLOCK_50    ; 0.000        ; 0.041      ; 0.412      ;
; 0.288 ; clock_divider_reg[10]                        ; clock_divider_reg[10]                        ; CLOCK_50     ; CLOCK_50    ; 0.000        ; 0.041      ; 0.413      ;
; 0.288 ; clock_divider_reg[8]                         ; clock_divider_reg[8]                         ; CLOCK_50     ; CLOCK_50    ; 0.000        ; 0.041      ; 0.413      ;
; 0.288 ; clock_divider_reg[2]                         ; clock_divider_reg[2]                         ; CLOCK_50     ; CLOCK_50    ; 0.000        ; 0.041      ; 0.413      ;
; 0.289 ; clock_divider_reg[18]                        ; clock_divider_reg[18]                        ; CLOCK_50     ; CLOCK_50    ; 0.000        ; 0.041      ; 0.414      ;
; 0.289 ; clock_divider_reg[16]                        ; clock_divider_reg[16]                        ; CLOCK_50     ; CLOCK_50    ; 0.000        ; 0.041      ; 0.414      ;
; 0.289 ; clock_divider_reg[14]                        ; clock_divider_reg[14]                        ; CLOCK_50     ; CLOCK_50    ; 0.000        ; 0.041      ; 0.414      ;
; 0.289 ; clock_divider_reg[4]                         ; clock_divider_reg[4]                         ; CLOCK_50     ; CLOCK_50    ; 0.000        ; 0.041      ; 0.414      ;
; 0.289 ; clock_divider_reg[3]                         ; clock_divider_reg[3]                         ; CLOCK_50     ; CLOCK_50    ; 0.000        ; 0.041      ; 0.414      ;
; 0.290 ; clock_divider_reg[22]                        ; clock_divider_reg[22]                        ; CLOCK_50     ; CLOCK_50    ; 0.000        ; 0.041      ; 0.415      ;
; 0.290 ; clock_divider_reg[20]                        ; clock_divider_reg[20]                        ; CLOCK_50     ; CLOCK_50    ; 0.000        ; 0.041      ; 0.415      ;
; 0.290 ; clock_divider_reg[19]                        ; clock_divider_reg[19]                        ; CLOCK_50     ; CLOCK_50    ; 0.000        ; 0.041      ; 0.415      ;
; 0.290 ; clock_divider_reg[13]                        ; clock_divider_reg[13]                        ; CLOCK_50     ; CLOCK_50    ; 0.000        ; 0.041      ; 0.415      ;
; 0.290 ; clock_divider_reg[11]                        ; clock_divider_reg[11]                        ; CLOCK_50     ; CLOCK_50    ; 0.000        ; 0.041      ; 0.415      ;
; 0.290 ; clock_divider_reg[6]                         ; clock_divider_reg[6]                         ; CLOCK_50     ; CLOCK_50    ; 0.000        ; 0.041      ; 0.415      ;
; 0.290 ; clock_divider_reg[5]                         ; clock_divider_reg[5]                         ; CLOCK_50     ; CLOCK_50    ; 0.000        ; 0.041      ; 0.415      ;
; 0.291 ; clock_divider_reg[23]                        ; clock_divider_reg[23]                        ; CLOCK_50     ; CLOCK_50    ; 0.000        ; 0.041      ; 0.416      ;
; 0.291 ; clock_divider_reg[21]                        ; clock_divider_reg[21]                        ; CLOCK_50     ; CLOCK_50    ; 0.000        ; 0.041      ; 0.416      ;
; 0.291 ; clock_divider_reg[17]                        ; clock_divider_reg[17]                        ; CLOCK_50     ; CLOCK_50    ; 0.000        ; 0.041      ; 0.416      ;
; 0.291 ; clock_divider_reg[15]                        ; clock_divider_reg[15]                        ; CLOCK_50     ; CLOCK_50    ; 0.000        ; 0.041      ; 0.416      ;
; 0.291 ; clock_divider_reg[9]                         ; clock_divider_reg[9]                         ; CLOCK_50     ; CLOCK_50    ; 0.000        ; 0.041      ; 0.416      ;
; 0.291 ; clock_divider_reg[7]                         ; clock_divider_reg[7]                         ; CLOCK_50     ; CLOCK_50    ; 0.000        ; 0.041      ; 0.416      ;
; 0.292 ; debouncer:enter_debouncer|counter[10]        ; debouncer:enter_debouncer|counter[10]        ; CLOCK_50     ; CLOCK_50    ; 0.000        ; 0.041      ; 0.417      ;
; 0.292 ; debouncer:reset_debouncer|counter[8]         ; debouncer:reset_debouncer|counter[8]         ; CLOCK_50     ; CLOCK_50    ; 0.000        ; 0.041      ; 0.417      ;
; 0.292 ; debouncer:reset_debouncer|counter[9]         ; debouncer:reset_debouncer|counter[9]         ; CLOCK_50     ; CLOCK_50    ; 0.000        ; 0.041      ; 0.417      ;
; 0.293 ; debouncer:enter_debouncer|counter[6]         ; debouncer:enter_debouncer|counter[6]         ; CLOCK_50     ; CLOCK_50    ; 0.000        ; 0.041      ; 0.418      ;
; 0.293 ; debouncer:enter_debouncer|counter[13]        ; debouncer:enter_debouncer|counter[13]        ; CLOCK_50     ; CLOCK_50    ; 0.000        ; 0.041      ; 0.418      ;
; 0.293 ; debouncer:enter_debouncer|counter[2]         ; debouncer:enter_debouncer|counter[2]         ; CLOCK_50     ; CLOCK_50    ; 0.000        ; 0.041      ; 0.418      ;
; 0.293 ; debouncer:enter_debouncer|counter[7]         ; debouncer:enter_debouncer|counter[7]         ; CLOCK_50     ; CLOCK_50    ; 0.000        ; 0.041      ; 0.418      ;
; 0.293 ; debouncer:reset_debouncer|counter[2]         ; debouncer:reset_debouncer|counter[2]         ; CLOCK_50     ; CLOCK_50    ; 0.000        ; 0.041      ; 0.418      ;
; 0.293 ; debouncer:reset_debouncer|counter[13]        ; debouncer:reset_debouncer|counter[13]        ; CLOCK_50     ; CLOCK_50    ; 0.000        ; 0.041      ; 0.418      ;
; 0.293 ; debouncer:reset_debouncer|counter[7]         ; debouncer:reset_debouncer|counter[7]         ; CLOCK_50     ; CLOCK_50    ; 0.000        ; 0.041      ; 0.418      ;
; 0.294 ; clock_divider:clk_div_1hz|counter[8]         ; clock_divider:clk_div_1hz|counter[8]         ; CLOCK_50     ; CLOCK_50    ; 0.000        ; 0.041      ; 0.419      ;
; 0.294 ; clock_divider:clk_div_1hz|counter[5]         ; clock_divider:clk_div_1hz|counter[5]         ; CLOCK_50     ; CLOCK_50    ; 0.000        ; 0.041      ; 0.419      ;
; 0.294 ; debouncer:enter_debouncer|counter[4]         ; debouncer:enter_debouncer|counter[4]         ; CLOCK_50     ; CLOCK_50    ; 0.000        ; 0.041      ; 0.419      ;
; 0.294 ; debouncer:enter_debouncer|counter[5]         ; debouncer:enter_debouncer|counter[5]         ; CLOCK_50     ; CLOCK_50    ; 0.000        ; 0.041      ; 0.419      ;
; 0.294 ; debouncer:enter_debouncer|counter[11]        ; debouncer:enter_debouncer|counter[11]        ; CLOCK_50     ; CLOCK_50    ; 0.000        ; 0.041      ; 0.419      ;
; 0.294 ; debouncer:enter_debouncer|counter[12]        ; debouncer:enter_debouncer|counter[12]        ; CLOCK_50     ; CLOCK_50    ; 0.000        ; 0.041      ; 0.419      ;
; 0.294 ; debouncer:enter_debouncer|counter[14]        ; debouncer:enter_debouncer|counter[14]        ; CLOCK_50     ; CLOCK_50    ; 0.000        ; 0.041      ; 0.419      ;
; 0.294 ; debouncer:enter_debouncer|counter[18]        ; debouncer:enter_debouncer|counter[18]        ; CLOCK_50     ; CLOCK_50    ; 0.000        ; 0.041      ; 0.419      ;
; 0.294 ; debouncer:enter_debouncer|counter[16]        ; debouncer:enter_debouncer|counter[16]        ; CLOCK_50     ; CLOCK_50    ; 0.000        ; 0.041      ; 0.419      ;
; 0.294 ; debouncer:reset_debouncer|counter[18]        ; debouncer:reset_debouncer|counter[18]        ; CLOCK_50     ; CLOCK_50    ; 0.000        ; 0.041      ; 0.419      ;
; 0.294 ; debouncer:reset_debouncer|counter[4]         ; debouncer:reset_debouncer|counter[4]         ; CLOCK_50     ; CLOCK_50    ; 0.000        ; 0.041      ; 0.419      ;
; 0.294 ; debouncer:reset_debouncer|counter[5]         ; debouncer:reset_debouncer|counter[5]         ; CLOCK_50     ; CLOCK_50    ; 0.000        ; 0.041      ; 0.419      ;
; 0.294 ; debouncer:reset_debouncer|counter[6]         ; debouncer:reset_debouncer|counter[6]         ; CLOCK_50     ; CLOCK_50    ; 0.000        ; 0.041      ; 0.419      ;
; 0.294 ; debouncer:reset_debouncer|counter[12]        ; debouncer:reset_debouncer|counter[12]        ; CLOCK_50     ; CLOCK_50    ; 0.000        ; 0.041      ; 0.419      ;
; 0.294 ; debouncer:reset_debouncer|counter[14]        ; debouncer:reset_debouncer|counter[14]        ; CLOCK_50     ; CLOCK_50    ; 0.000        ; 0.041      ; 0.419      ;
; 0.294 ; debouncer:reset_debouncer|counter[16]        ; debouncer:reset_debouncer|counter[16]        ; CLOCK_50     ; CLOCK_50    ; 0.000        ; 0.041      ; 0.419      ;
; 0.295 ; debouncer:enter_debouncer|counter[1]         ; debouncer:enter_debouncer|counter[1]         ; CLOCK_50     ; CLOCK_50    ; 0.000        ; 0.041      ; 0.420      ;
; 0.295 ; debouncer:enter_debouncer|counter[3]         ; debouncer:enter_debouncer|counter[3]         ; CLOCK_50     ; CLOCK_50    ; 0.000        ; 0.041      ; 0.420      ;
; 0.295 ; debouncer:enter_debouncer|counter[15]        ; debouncer:enter_debouncer|counter[15]        ; CLOCK_50     ; CLOCK_50    ; 0.000        ; 0.041      ; 0.420      ;
; 0.295 ; debouncer:reset_debouncer|counter[1]         ; debouncer:reset_debouncer|counter[1]         ; CLOCK_50     ; CLOCK_50    ; 0.000        ; 0.041      ; 0.420      ;
; 0.295 ; debouncer:reset_debouncer|counter[3]         ; debouncer:reset_debouncer|counter[3]         ; CLOCK_50     ; CLOCK_50    ; 0.000        ; 0.041      ; 0.420      ;
; 0.295 ; debouncer:reset_debouncer|counter[15]        ; debouncer:reset_debouncer|counter[15]        ; CLOCK_50     ; CLOCK_50    ; 0.000        ; 0.041      ; 0.420      ;
; 0.296 ; debouncer:enter_debouncer|counter[17]        ; debouncer:enter_debouncer|counter[17]        ; CLOCK_50     ; CLOCK_50    ; 0.000        ; 0.041      ; 0.421      ;
; 0.296 ; debouncer:enter_debouncer|counter[19]        ; debouncer:enter_debouncer|counter[19]        ; CLOCK_50     ; CLOCK_50    ; 0.000        ; 0.041      ; 0.421      ;
; 0.296 ; debouncer:reset_debouncer|counter[17]        ; debouncer:reset_debouncer|counter[17]        ; CLOCK_50     ; CLOCK_50    ; 0.000        ; 0.041      ; 0.421      ;
; 0.296 ; debouncer:reset_debouncer|counter[19]        ; debouncer:reset_debouncer|counter[19]        ; CLOCK_50     ; CLOCK_50    ; 0.000        ; 0.041      ; 0.421      ;
; 0.299 ; clock_divider:clk_div_1hz|counter[6]         ; clock_divider:clk_div_1hz|counter[6]         ; CLOCK_50     ; CLOCK_50    ; 0.000        ; 0.041      ; 0.424      ;
; 0.300 ; clock_divider:clk_div_1hz|counter[31]        ; clock_divider:clk_div_1hz|counter[31]        ; CLOCK_50     ; CLOCK_50    ; 0.000        ; 0.041      ; 0.425      ;
; 0.300 ; clock_divider:clk_div_1hz|counter[22]        ; clock_divider:clk_div_1hz|counter[22]        ; CLOCK_50     ; CLOCK_50    ; 0.000        ; 0.041      ; 0.425      ;
; 0.300 ; clock_divider:clk_div_1hz|counter[16]        ; clock_divider:clk_div_1hz|counter[16]        ; CLOCK_50     ; CLOCK_50    ; 0.000        ; 0.041      ; 0.425      ;
; 0.300 ; clock_divider:clk_div_1hz|counter[14]        ; clock_divider:clk_div_1hz|counter[14]        ; CLOCK_50     ; CLOCK_50    ; 0.000        ; 0.041      ; 0.425      ;
; 0.300 ; clock_divider:clk_div_1hz|counter[13]        ; clock_divider:clk_div_1hz|counter[13]        ; CLOCK_50     ; CLOCK_50    ; 0.000        ; 0.041      ; 0.425      ;
; 0.300 ; clock_divider:clk_div_1hz|counter[3]         ; clock_divider:clk_div_1hz|counter[3]         ; CLOCK_50     ; CLOCK_50    ; 0.000        ; 0.041      ; 0.425      ;
; 0.300 ; clock_divider:clk_div_1hz|counter[2]         ; clock_divider:clk_div_1hz|counter[2]         ; CLOCK_50     ; CLOCK_50    ; 0.000        ; 0.041      ; 0.425      ;
; 0.300 ; clock_divider_reg[24]                        ; clock_divider_reg[24]                        ; CLOCK_50     ; CLOCK_50    ; 0.000        ; 0.041      ; 0.425      ;
; 0.300 ; debouncer:enter_debouncer|counter[8]         ; debouncer:enter_debouncer|counter[8]         ; CLOCK_50     ; CLOCK_50    ; 0.000        ; 0.041      ; 0.425      ;
; 0.300 ; debouncer:enter_debouncer|counter[9]         ; debouncer:enter_debouncer|counter[9]         ; CLOCK_50     ; CLOCK_50    ; 0.000        ; 0.041      ; 0.425      ;
; 0.300 ; debouncer:reset_debouncer|counter[10]        ; debouncer:reset_debouncer|counter[10]        ; CLOCK_50     ; CLOCK_50    ; 0.000        ; 0.041      ; 0.425      ;
; 0.301 ; clock_divider:clk_div_1hz|counter[30]        ; clock_divider:clk_div_1hz|counter[30]        ; CLOCK_50     ; CLOCK_50    ; 0.000        ; 0.041      ; 0.426      ;
; 0.301 ; clock_divider:clk_div_1hz|counter[29]        ; clock_divider:clk_div_1hz|counter[29]        ; CLOCK_50     ; CLOCK_50    ; 0.000        ; 0.041      ; 0.426      ;
; 0.301 ; clock_divider:clk_div_1hz|counter[27]        ; clock_divider:clk_div_1hz|counter[27]        ; CLOCK_50     ; CLOCK_50    ; 0.000        ; 0.041      ; 0.426      ;
; 0.301 ; clock_divider:clk_div_1hz|counter[24]        ; clock_divider:clk_div_1hz|counter[24]        ; CLOCK_50     ; CLOCK_50    ; 0.000        ; 0.041      ; 0.426      ;
; 0.301 ; clock_divider:clk_div_1hz|counter[21]        ; clock_divider:clk_div_1hz|counter[21]        ; CLOCK_50     ; CLOCK_50    ; 0.000        ; 0.041      ; 0.426      ;
; 0.301 ; clock_divider:clk_div_1hz|counter[18]        ; clock_divider:clk_div_1hz|counter[18]        ; CLOCK_50     ; CLOCK_50    ; 0.000        ; 0.041      ; 0.426      ;
; 0.301 ; clock_divider:clk_div_1hz|counter[17]        ; clock_divider:clk_div_1hz|counter[17]        ; CLOCK_50     ; CLOCK_50    ; 0.000        ; 0.041      ; 0.426      ;
; 0.301 ; clock_divider:clk_div_1hz|counter[11]        ; clock_divider:clk_div_1hz|counter[11]        ; CLOCK_50     ; CLOCK_50    ; 0.000        ; 0.041      ; 0.426      ;
; 0.301 ; clock_divider:clk_div_1hz|counter[4]         ; clock_divider:clk_div_1hz|counter[4]         ; CLOCK_50     ; CLOCK_50    ; 0.000        ; 0.041      ; 0.426      ;
; 0.302 ; clock_divider:clk_div_1hz|counter[28]        ; clock_divider:clk_div_1hz|counter[28]        ; CLOCK_50     ; CLOCK_50    ; 0.000        ; 0.041      ; 0.427      ;
; 0.302 ; clock_divider:clk_div_1hz|counter[26]        ; clock_divider:clk_div_1hz|counter[26]        ; CLOCK_50     ; CLOCK_50    ; 0.000        ; 0.041      ; 0.427      ;
; 0.302 ; clock_divider:clk_div_1hz|counter[25]        ; clock_divider:clk_div_1hz|counter[25]        ; CLOCK_50     ; CLOCK_50    ; 0.000        ; 0.041      ; 0.427      ;
; 0.303 ; debouncer:enter_debouncer|counter[0]         ; debouncer:enter_debouncer|counter[0]         ; CLOCK_50     ; CLOCK_50    ; 0.000        ; 0.041      ; 0.428      ;
; 0.303 ; debouncer:reset_debouncer|counter[0]         ; debouncer:reset_debouncer|counter[0]         ; CLOCK_50     ; CLOCK_50    ; 0.000        ; 0.041      ; 0.428      ;
; 0.312 ; clock_divider_reg[1]                         ; clock_divider_reg[1]                         ; CLOCK_50     ; CLOCK_50    ; 0.000        ; 0.041      ; 0.437      ;
; 0.363 ; debouncer:reset_debouncer|counter[11]        ; debouncer:reset_debouncer|counter[11]        ; CLOCK_50     ; CLOCK_50    ; 0.000        ; 0.041      ; 0.488      ;
; 0.391 ; clock_divider_reg[0]                         ; clock_divider_reg[1]                         ; CLOCK_50     ; CLOCK_50    ; 0.000        ; 0.041      ; 0.516      ;
; 0.431 ; clock_divider_reg[12]                        ; clock_divider_reg[13]                        ; CLOCK_50     ; CLOCK_50    ; 0.000        ; 0.046      ; 0.561      ;
; 0.435 ; debouncer:reset_debouncer|counter[9]         ; debouncer:reset_debouncer|counter[10]        ; CLOCK_50     ; CLOCK_50    ; 0.000        ; 0.046      ; 0.565      ;
; 0.437 ; clock_divider_reg[2]                         ; clock_divider_reg[3]                         ; CLOCK_50     ; CLOCK_50    ; 0.000        ; 0.041      ; 0.562      ;
; 0.437 ; clock_divider_reg[10]                        ; clock_divider_reg[11]                        ; CLOCK_50     ; CLOCK_50    ; 0.000        ; 0.041      ; 0.562      ;
; 0.437 ; clock_divider_reg[8]                         ; clock_divider_reg[9]                         ; CLOCK_50     ; CLOCK_50    ; 0.000        ; 0.041      ; 0.562      ;
; 0.438 ; clock_divider_reg[18]                        ; clock_divider_reg[19]                        ; CLOCK_50     ; CLOCK_50    ; 0.000        ; 0.041      ; 0.563      ;
; 0.438 ; clock_divider_reg[4]                         ; clock_divider_reg[5]                         ; CLOCK_50     ; CLOCK_50    ; 0.000        ; 0.041      ; 0.563      ;
; 0.438 ; clock_divider_reg[16]                        ; clock_divider_reg[17]                        ; CLOCK_50     ; CLOCK_50    ; 0.000        ; 0.041      ; 0.563      ;
+-------+----------------------------------------------+----------------------------------------------+--------------+-------------+--------------+------------+------------+


+-----------------------------------------------------------------------------------------------------------------------------------------------------------------+
; Fast 1200mV 0C Model Recovery: 'CLOCK_50'                                                                                                                       ;
+--------+--------------------------------------+-------------------------------------------+--------------+-------------+--------------+------------+------------+
; Slack  ; From Node                            ; To Node                                   ; Launch Clock ; Latch Clock ; Relationship ; Clock Skew ; Data Delay ;
+--------+--------------------------------------+-------------------------------------------+--------------+-------------+--------------+------------+------------+
; 15.668 ; debouncer:reset_debouncer|button_out ; clock_divider:clk_div_1hz|tick            ; CLOCK_50     ; CLOCK_50    ; 20.000       ; -0.802     ; 3.537      ;
; 16.430 ; debouncer:reset_debouncer|button_out ; clock_divider_reg[0]                      ; CLOCK_50     ; CLOCK_50    ; 20.000       ; -0.077     ; 3.500      ;
; 16.430 ; debouncer:reset_debouncer|button_out ; clock_divider_reg[1]                      ; CLOCK_50     ; CLOCK_50    ; 20.000       ; -0.077     ; 3.500      ;
; 16.430 ; debouncer:reset_debouncer|button_out ; clock_divider_reg[2]                      ; CLOCK_50     ; CLOCK_50    ; 20.000       ; -0.077     ; 3.500      ;
; 16.430 ; debouncer:reset_debouncer|button_out ; clock_divider_reg[3]                      ; CLOCK_50     ; CLOCK_50    ; 20.000       ; -0.077     ; 3.500      ;
; 16.430 ; debouncer:reset_debouncer|button_out ; clock_divider_reg[4]                      ; CLOCK_50     ; CLOCK_50    ; 20.000       ; -0.077     ; 3.500      ;
; 16.430 ; debouncer:reset_debouncer|button_out ; clock_divider_reg[5]                      ; CLOCK_50     ; CLOCK_50    ; 20.000       ; -0.077     ; 3.500      ;
; 16.430 ; debouncer:reset_debouncer|button_out ; clock_divider_reg[6]                      ; CLOCK_50     ; CLOCK_50    ; 20.000       ; -0.077     ; 3.500      ;
; 16.430 ; debouncer:reset_debouncer|button_out ; clock_divider_reg[7]                      ; CLOCK_50     ; CLOCK_50    ; 20.000       ; -0.077     ; 3.500      ;
; 16.430 ; debouncer:reset_debouncer|button_out ; clock_divider_reg[8]                      ; CLOCK_50     ; CLOCK_50    ; 20.000       ; -0.077     ; 3.500      ;
; 16.430 ; debouncer:reset_debouncer|button_out ; clock_divider_reg[9]                      ; CLOCK_50     ; CLOCK_50    ; 20.000       ; -0.077     ; 3.500      ;
; 16.430 ; debouncer:reset_debouncer|button_out ; clock_divider_reg[10]                     ; CLOCK_50     ; CLOCK_50    ; 20.000       ; -0.077     ; 3.500      ;
; 16.430 ; debouncer:reset_debouncer|button_out ; clock_divider_reg[11]                     ; CLOCK_50     ; CLOCK_50    ; 20.000       ; -0.077     ; 3.500      ;
; 16.430 ; debouncer:reset_debouncer|button_out ; clock_divider_reg[12]                     ; CLOCK_50     ; CLOCK_50    ; 20.000       ; -0.077     ; 3.500      ;
; 16.431 ; debouncer:reset_debouncer|button_out ; clock_divider_reg[13]                     ; CLOCK_50     ; CLOCK_50    ; 20.000       ; -0.072     ; 3.504      ;
; 16.431 ; debouncer:reset_debouncer|button_out ; clock_divider_reg[14]                     ; CLOCK_50     ; CLOCK_50    ; 20.000       ; -0.072     ; 3.504      ;
; 16.431 ; debouncer:reset_debouncer|button_out ; clock_divider_reg[15]                     ; CLOCK_50     ; CLOCK_50    ; 20.000       ; -0.072     ; 3.504      ;
; 16.431 ; debouncer:reset_debouncer|button_out ; clock_divider_reg[16]                     ; CLOCK_50     ; CLOCK_50    ; 20.000       ; -0.072     ; 3.504      ;
; 16.431 ; debouncer:reset_debouncer|button_out ; clock_divider_reg[17]                     ; CLOCK_50     ; CLOCK_50    ; 20.000       ; -0.072     ; 3.504      ;
; 16.431 ; debouncer:reset_debouncer|button_out ; clock_divider_reg[18]                     ; CLOCK_50     ; CLOCK_50    ; 20.000       ; -0.072     ; 3.504      ;
; 16.431 ; debouncer:reset_debouncer|button_out ; clock_divider_reg[19]                     ; CLOCK_50     ; CLOCK_50    ; 20.000       ; -0.072     ; 3.504      ;
; 16.431 ; debouncer:reset_debouncer|button_out ; clock_divider_reg[20]                     ; CLOCK_50     ; CLOCK_50    ; 20.000       ; -0.072     ; 3.504      ;
; 16.431 ; debouncer:reset_debouncer|button_out ; clock_divider_reg[21]                     ; CLOCK_50     ; CLOCK_50    ; 20.000       ; -0.072     ; 3.504      ;
; 16.431 ; debouncer:reset_debouncer|button_out ; clock_divider_reg[22]                     ; CLOCK_50     ; CLOCK_50    ; 20.000       ; -0.072     ; 3.504      ;
; 16.431 ; debouncer:reset_debouncer|button_out ; clock_divider_reg[23]                     ; CLOCK_50     ; CLOCK_50    ; 20.000       ; -0.072     ; 3.504      ;
; 16.431 ; debouncer:reset_debouncer|button_out ; clock_divider_reg[24]                     ; CLOCK_50     ; CLOCK_50    ; 20.000       ; -0.072     ; 3.504      ;
; 16.431 ; debouncer:reset_debouncer|button_out ; clock_divider:clk_div_1hz|counter[2]      ; CLOCK_50     ; CLOCK_50    ; 20.000       ; -0.085     ; 3.491      ;
; 16.431 ; debouncer:reset_debouncer|button_out ; clock_divider:clk_div_1hz|counter[3]      ; CLOCK_50     ; CLOCK_50    ; 20.000       ; -0.085     ; 3.491      ;
; 16.431 ; debouncer:reset_debouncer|button_out ; clock_divider:clk_div_1hz|counter[4]      ; CLOCK_50     ; CLOCK_50    ; 20.000       ; -0.085     ; 3.491      ;
; 16.431 ; debouncer:reset_debouncer|button_out ; clock_divider:clk_div_1hz|counter[5]      ; CLOCK_50     ; CLOCK_50    ; 20.000       ; -0.085     ; 3.491      ;
; 16.431 ; debouncer:reset_debouncer|button_out ; clock_divider:clk_div_1hz|counter[6]      ; CLOCK_50     ; CLOCK_50    ; 20.000       ; -0.085     ; 3.491      ;
; 16.431 ; debouncer:reset_debouncer|button_out ; clock_divider:clk_div_1hz|counter[7]      ; CLOCK_50     ; CLOCK_50    ; 20.000       ; -0.086     ; 3.490      ;
; 16.431 ; debouncer:reset_debouncer|button_out ; clock_divider:clk_div_1hz|counter[8]      ; CLOCK_50     ; CLOCK_50    ; 20.000       ; -0.085     ; 3.491      ;
; 16.431 ; debouncer:reset_debouncer|button_out ; clock_divider:clk_div_1hz|counter[9]      ; CLOCK_50     ; CLOCK_50    ; 20.000       ; -0.086     ; 3.490      ;
; 16.431 ; debouncer:reset_debouncer|button_out ; clock_divider:clk_div_1hz|counter[10]     ; CLOCK_50     ; CLOCK_50    ; 20.000       ; -0.086     ; 3.490      ;
; 16.431 ; debouncer:reset_debouncer|button_out ; clock_divider:clk_div_1hz|counter[11]     ; CLOCK_50     ; CLOCK_50    ; 20.000       ; -0.085     ; 3.491      ;
; 16.431 ; debouncer:reset_debouncer|button_out ; clock_divider:clk_div_1hz|counter[12]     ; CLOCK_50     ; CLOCK_50    ; 20.000       ; -0.086     ; 3.490      ;
; 16.431 ; debouncer:reset_debouncer|button_out ; clock_divider:clk_div_1hz|counter[13]     ; CLOCK_50     ; CLOCK_50    ; 20.000       ; -0.085     ; 3.491      ;
; 16.431 ; debouncer:reset_debouncer|button_out ; clock_divider:clk_div_1hz|counter[14]     ; CLOCK_50     ; CLOCK_50    ; 20.000       ; -0.085     ; 3.491      ;
; 16.431 ; debouncer:reset_debouncer|button_out ; clock_divider:clk_div_1hz|counter[15]     ; CLOCK_50     ; CLOCK_50    ; 20.000       ; -0.086     ; 3.490      ;
; 16.432 ; debouncer:reset_debouncer|button_out ; clock_divider:clk_div_1hz|counter[16]     ; CLOCK_50     ; CLOCK_50    ; 20.000       ; -0.080     ; 3.495      ;
; 16.432 ; debouncer:reset_debouncer|button_out ; clock_divider:clk_div_1hz|counter[17]     ; CLOCK_50     ; CLOCK_50    ; 20.000       ; -0.080     ; 3.495      ;
; 16.432 ; debouncer:reset_debouncer|button_out ; clock_divider:clk_div_1hz|counter[18]     ; CLOCK_50     ; CLOCK_50    ; 20.000       ; -0.080     ; 3.495      ;
; 16.432 ; debouncer:reset_debouncer|button_out ; clock_divider:clk_div_1hz|counter[19]     ; CLOCK_50     ; CLOCK_50    ; 20.000       ; -0.081     ; 3.494      ;
; 16.432 ; debouncer:reset_debouncer|button_out ; clock_divider:clk_div_1hz|counter[20]     ; CLOCK_50     ; CLOCK_50    ; 20.000       ; -0.081     ; 3.494      ;
; 16.432 ; debouncer:reset_debouncer|button_out ; clock_divider:clk_div_1hz|counter[21]     ; CLOCK_50     ; CLOCK_50    ; 20.000       ; -0.080     ; 3.495      ;
; 16.432 ; debouncer:reset_debouncer|button_out ; clock_divider:clk_div_1hz|counter[22]     ; CLOCK_50     ; CLOCK_50    ; 20.000       ; -0.080     ; 3.495      ;
; 16.432 ; debouncer:reset_debouncer|button_out ; clock_divider:clk_div_1hz|counter[23]     ; CLOCK_50     ; CLOCK_50    ; 20.000       ; -0.081     ; 3.494      ;
; 16.432 ; debouncer:reset_debouncer|button_out ; clock_divider:clk_div_1hz|counter[24]     ; CLOCK_50     ; CLOCK_50    ; 20.000       ; -0.080     ; 3.495      ;
; 16.432 ; debouncer:reset_debouncer|button_out ; clock_divider:clk_div_1hz|counter[25]     ; CLOCK_50     ; CLOCK_50    ; 20.000       ; -0.080     ; 3.495      ;
; 16.432 ; debouncer:reset_debouncer|button_out ; clock_divider:clk_div_1hz|counter[26]     ; CLOCK_50     ; CLOCK_50    ; 20.000       ; -0.080     ; 3.495      ;
; 16.432 ; debouncer:reset_debouncer|button_out ; clock_divider:clk_div_1hz|counter[27]     ; CLOCK_50     ; CLOCK_50    ; 20.000       ; -0.080     ; 3.495      ;
; 16.432 ; debouncer:reset_debouncer|button_out ; clock_divider:clk_div_1hz|counter[28]     ; CLOCK_50     ; CLOCK_50    ; 20.000       ; -0.080     ; 3.495      ;
; 16.432 ; debouncer:reset_debouncer|button_out ; clock_divider:clk_div_1hz|counter[29]     ; CLOCK_50     ; CLOCK_50    ; 20.000       ; -0.080     ; 3.495      ;
; 16.432 ; debouncer:reset_debouncer|button_out ; clock_divider:clk_div_1hz|counter[30]     ; CLOCK_50     ; CLOCK_50    ; 20.000       ; -0.080     ; 3.495      ;
; 16.432 ; debouncer:reset_debouncer|button_out ; clock_divider:clk_div_1hz|counter[31]     ; CLOCK_50     ; CLOCK_50    ; 20.000       ; -0.080     ; 3.495      ;
; 16.444 ; debouncer:reset_debouncer|button_out ; input_device:input_unit|captured_data[16] ; CLOCK_50     ; CLOCK_50    ; 20.000       ; -0.041     ; 3.522      ;
; 16.444 ; debouncer:reset_debouncer|button_out ; input_device:input_unit|captured_data[10] ; CLOCK_50     ; CLOCK_50    ; 20.000       ; -0.040     ; 3.523      ;
; 16.444 ; debouncer:reset_debouncer|button_out ; input_device:input_unit|captured_data[13] ; CLOCK_50     ; CLOCK_50    ; 20.000       ; -0.040     ; 3.523      ;
; 16.444 ; debouncer:reset_debouncer|button_out ; input_device:input_unit|captured_data[12] ; CLOCK_50     ; CLOCK_50    ; 20.000       ; -0.040     ; 3.523      ;
; 16.444 ; debouncer:reset_debouncer|button_out ; input_device:input_unit|captured_data[14] ; CLOCK_50     ; CLOCK_50    ; 20.000       ; -0.041     ; 3.522      ;
; 16.444 ; debouncer:reset_debouncer|button_out ; input_device:input_unit|captured_data[15] ; CLOCK_50     ; CLOCK_50    ; 20.000       ; -0.041     ; 3.522      ;
; 16.444 ; debouncer:reset_debouncer|button_out ; input_device:input_unit|captured_data[11] ; CLOCK_50     ; CLOCK_50    ; 20.000       ; -0.040     ; 3.523      ;
; 16.444 ; debouncer:reset_debouncer|button_out ; input_device:input_unit|captured_data[17] ; CLOCK_50     ; CLOCK_50    ; 20.000       ; -0.041     ; 3.522      ;
; 16.444 ; debouncer:reset_debouncer|button_out ; display_value_reg[28]                     ; CLOCK_50     ; CLOCK_50    ; 20.000       ; -0.038     ; 3.525      ;
; 16.444 ; debouncer:reset_debouncer|button_out ; display_value_reg[25]                     ; CLOCK_50     ; CLOCK_50    ; 20.000       ; -0.038     ; 3.525      ;
; 16.444 ; debouncer:reset_debouncer|button_out ; display_value_reg[24]                     ; CLOCK_50     ; CLOCK_50    ; 20.000       ; -0.038     ; 3.525      ;
; 16.444 ; debouncer:reset_debouncer|button_out ; display_value_reg[23]                     ; CLOCK_50     ; CLOCK_50    ; 20.000       ; -0.038     ; 3.525      ;
; 16.444 ; debouncer:reset_debouncer|button_out ; display_value_reg[22]                     ; CLOCK_50     ; CLOCK_50    ; 20.000       ; -0.038     ; 3.525      ;
; 16.444 ; debouncer:reset_debouncer|button_out ; display_value_reg[21]                     ; CLOCK_50     ; CLOCK_50    ; 20.000       ; -0.038     ; 3.525      ;
; 16.445 ; debouncer:reset_debouncer|button_out ; input_device:input_unit|data_ready        ; CLOCK_50     ; CLOCK_50    ; 20.000       ; -0.038     ; 3.524      ;
; 16.445 ; debouncer:reset_debouncer|button_out ; input_device:input_unit|captured_data[4]  ; CLOCK_50     ; CLOCK_50    ; 20.000       ; -0.039     ; 3.523      ;
; 16.445 ; debouncer:reset_debouncer|button_out ; input_device:input_unit|captured_data[2]  ; CLOCK_50     ; CLOCK_50    ; 20.000       ; -0.039     ; 3.523      ;
; 16.445 ; debouncer:reset_debouncer|button_out ; input_device:input_unit|captured_data[6]  ; CLOCK_50     ; CLOCK_50    ; 20.000       ; -0.039     ; 3.523      ;
; 16.445 ; debouncer:reset_debouncer|button_out ; input_device:input_unit|captured_data[7]  ; CLOCK_50     ; CLOCK_50    ; 20.000       ; -0.039     ; 3.523      ;
; 16.445 ; debouncer:reset_debouncer|button_out ; input_device:input_unit|captured_data[9]  ; CLOCK_50     ; CLOCK_50    ; 20.000       ; -0.039     ; 3.523      ;
; 16.445 ; debouncer:reset_debouncer|button_out ; input_device:input_unit|captured_data[8]  ; CLOCK_50     ; CLOCK_50    ; 20.000       ; -0.039     ; 3.523      ;
; 16.445 ; debouncer:reset_debouncer|button_out ; input_device:input_unit|captured_data[5]  ; CLOCK_50     ; CLOCK_50    ; 20.000       ; -0.039     ; 3.523      ;
; 16.445 ; debouncer:reset_debouncer|button_out ; input_device:input_unit|captured_data[3]  ; CLOCK_50     ; CLOCK_50    ; 20.000       ; -0.039     ; 3.523      ;
; 16.446 ; debouncer:reset_debouncer|button_out ; display_value_reg[0]                      ; CLOCK_50     ; CLOCK_50    ; 20.000       ; -0.052     ; 3.509      ;
; 16.446 ; debouncer:reset_debouncer|button_out ; display_value_reg[1]                      ; CLOCK_50     ; CLOCK_50    ; 20.000       ; -0.050     ; 3.511      ;
; 16.446 ; debouncer:reset_debouncer|button_out ; display_value_reg[19]                     ; CLOCK_50     ; CLOCK_50    ; 20.000       ; -0.039     ; 3.522      ;
; 16.446 ; debouncer:reset_debouncer|button_out ; display_value_reg[18]                     ; CLOCK_50     ; CLOCK_50    ; 20.000       ; -0.039     ; 3.522      ;
; 16.446 ; debouncer:reset_debouncer|button_out ; display_value_reg[17]                     ; CLOCK_50     ; CLOCK_50    ; 20.000       ; -0.039     ; 3.522      ;
; 16.446 ; debouncer:reset_debouncer|button_out ; display_value_reg[16]                     ; CLOCK_50     ; CLOCK_50    ; 20.000       ; -0.039     ; 3.522      ;
; 16.446 ; debouncer:reset_debouncer|button_out ; display_value_reg[15]                     ; CLOCK_50     ; CLOCK_50    ; 20.000       ; -0.038     ; 3.523      ;
; 16.446 ; debouncer:reset_debouncer|button_out ; display_value_reg[14]                     ; CLOCK_50     ; CLOCK_50    ; 20.000       ; -0.038     ; 3.523      ;
; 16.446 ; debouncer:reset_debouncer|button_out ; display_value_reg[13]                     ; CLOCK_50     ; CLOCK_50    ; 20.000       ; -0.038     ; 3.523      ;
; 16.446 ; debouncer:reset_debouncer|button_out ; display_value_reg[12]                     ; CLOCK_50     ; CLOCK_50    ; 20.000       ; -0.038     ; 3.523      ;
; 16.446 ; debouncer:reset_debouncer|button_out ; display_value_reg[3]                      ; CLOCK_50     ; CLOCK_50    ; 20.000       ; -0.050     ; 3.511      ;
; 16.446 ; debouncer:reset_debouncer|button_out ; display_value_reg[2]                      ; CLOCK_50     ; CLOCK_50    ; 20.000       ; -0.050     ; 3.511      ;
; 16.447 ; debouncer:reset_debouncer|button_out ; input_device:input_unit|captured_data[0]  ; CLOCK_50     ; CLOCK_50    ; 20.000       ; -0.043     ; 3.517      ;
; 16.447 ; debouncer:reset_debouncer|button_out ; input_device:input_unit|captured_data[1]  ; CLOCK_50     ; CLOCK_50    ; 20.000       ; -0.043     ; 3.517      ;
; 16.447 ; debouncer:reset_debouncer|button_out ; display_value_reg[31]                     ; CLOCK_50     ; CLOCK_50    ; 20.000       ; -0.042     ; 3.518      ;
; 16.447 ; debouncer:reset_debouncer|button_out ; display_value_reg[30]                     ; CLOCK_50     ; CLOCK_50    ; 20.000       ; -0.042     ; 3.518      ;
; 16.447 ; debouncer:reset_debouncer|button_out ; display_value_reg[29]                     ; CLOCK_50     ; CLOCK_50    ; 20.000       ; -0.042     ; 3.518      ;
; 16.447 ; debouncer:reset_debouncer|button_out ; display_value_reg[27]                     ; CLOCK_50     ; CLOCK_50    ; 20.000       ; -0.042     ; 3.518      ;
; 16.447 ; debouncer:reset_debouncer|button_out ; display_value_reg[26]                     ; CLOCK_50     ; CLOCK_50    ; 20.000       ; -0.042     ; 3.518      ;
; 16.447 ; debouncer:reset_debouncer|button_out ; display_value_reg[20]                     ; CLOCK_50     ; CLOCK_50    ; 20.000       ; -0.042     ; 3.518      ;
; 16.447 ; debouncer:reset_debouncer|button_out ; display_value_reg[11]                     ; CLOCK_50     ; CLOCK_50    ; 20.000       ; -0.042     ; 3.518      ;
+--------+--------------------------------------+-------------------------------------------+--------------+-------------+--------------+------------+------------+


+----------------------------------------------------------------------------------------------------------------------------------------------------------------+
; Fast 1200mV 0C Model Removal: 'CLOCK_50'                                                                                                                       ;
+-------+--------------------------------------+-------------------------------------------+--------------+-------------+--------------+------------+------------+
; Slack ; From Node                            ; To Node                                   ; Launch Clock ; Latch Clock ; Relationship ; Clock Skew ; Data Delay ;
+-------+--------------------------------------+-------------------------------------------+--------------+-------------+--------------+------------+------------+
; 3.005 ; debouncer:reset_debouncer|button_out ; clock_divider_reg[0]                      ; CLOCK_50     ; CLOCK_50    ; 0.000        ; 0.035      ; 3.124      ;
; 3.005 ; debouncer:reset_debouncer|button_out ; clock_divider_reg[1]                      ; CLOCK_50     ; CLOCK_50    ; 0.000        ; 0.035      ; 3.124      ;
; 3.005 ; debouncer:reset_debouncer|button_out ; clock_divider_reg[2]                      ; CLOCK_50     ; CLOCK_50    ; 0.000        ; 0.035      ; 3.124      ;
; 3.005 ; debouncer:reset_debouncer|button_out ; clock_divider_reg[3]                      ; CLOCK_50     ; CLOCK_50    ; 0.000        ; 0.035      ; 3.124      ;
; 3.005 ; debouncer:reset_debouncer|button_out ; clock_divider_reg[4]                      ; CLOCK_50     ; CLOCK_50    ; 0.000        ; 0.035      ; 3.124      ;
; 3.005 ; debouncer:reset_debouncer|button_out ; clock_divider_reg[5]                      ; CLOCK_50     ; CLOCK_50    ; 0.000        ; 0.035      ; 3.124      ;
; 3.005 ; debouncer:reset_debouncer|button_out ; clock_divider_reg[6]                      ; CLOCK_50     ; CLOCK_50    ; 0.000        ; 0.035      ; 3.124      ;
; 3.005 ; debouncer:reset_debouncer|button_out ; clock_divider_reg[7]                      ; CLOCK_50     ; CLOCK_50    ; 0.000        ; 0.035      ; 3.124      ;
; 3.005 ; debouncer:reset_debouncer|button_out ; clock_divider_reg[8]                      ; CLOCK_50     ; CLOCK_50    ; 0.000        ; 0.035      ; 3.124      ;
; 3.005 ; debouncer:reset_debouncer|button_out ; clock_divider_reg[9]                      ; CLOCK_50     ; CLOCK_50    ; 0.000        ; 0.035      ; 3.124      ;
; 3.005 ; debouncer:reset_debouncer|button_out ; clock_divider_reg[10]                     ; CLOCK_50     ; CLOCK_50    ; 0.000        ; 0.035      ; 3.124      ;
; 3.005 ; debouncer:reset_debouncer|button_out ; clock_divider_reg[11]                     ; CLOCK_50     ; CLOCK_50    ; 0.000        ; 0.035      ; 3.124      ;
; 3.005 ; debouncer:reset_debouncer|button_out ; clock_divider_reg[12]                     ; CLOCK_50     ; CLOCK_50    ; 0.000        ; 0.035      ; 3.124      ;
; 3.005 ; debouncer:reset_debouncer|button_out ; clock_divider_reg[13]                     ; CLOCK_50     ; CLOCK_50    ; 0.000        ; 0.040      ; 3.129      ;
; 3.005 ; debouncer:reset_debouncer|button_out ; clock_divider_reg[14]                     ; CLOCK_50     ; CLOCK_50    ; 0.000        ; 0.040      ; 3.129      ;
; 3.005 ; debouncer:reset_debouncer|button_out ; clock_divider_reg[15]                     ; CLOCK_50     ; CLOCK_50    ; 0.000        ; 0.040      ; 3.129      ;
; 3.005 ; debouncer:reset_debouncer|button_out ; clock_divider_reg[16]                     ; CLOCK_50     ; CLOCK_50    ; 0.000        ; 0.040      ; 3.129      ;
; 3.005 ; debouncer:reset_debouncer|button_out ; clock_divider_reg[17]                     ; CLOCK_50     ; CLOCK_50    ; 0.000        ; 0.040      ; 3.129      ;
; 3.005 ; debouncer:reset_debouncer|button_out ; clock_divider_reg[18]                     ; CLOCK_50     ; CLOCK_50    ; 0.000        ; 0.040      ; 3.129      ;
; 3.005 ; debouncer:reset_debouncer|button_out ; clock_divider_reg[19]                     ; CLOCK_50     ; CLOCK_50    ; 0.000        ; 0.040      ; 3.129      ;
; 3.005 ; debouncer:reset_debouncer|button_out ; clock_divider_reg[20]                     ; CLOCK_50     ; CLOCK_50    ; 0.000        ; 0.040      ; 3.129      ;
; 3.005 ; debouncer:reset_debouncer|button_out ; clock_divider_reg[21]                     ; CLOCK_50     ; CLOCK_50    ; 0.000        ; 0.040      ; 3.129      ;
; 3.005 ; debouncer:reset_debouncer|button_out ; clock_divider_reg[22]                     ; CLOCK_50     ; CLOCK_50    ; 0.000        ; 0.040      ; 3.129      ;
; 3.005 ; debouncer:reset_debouncer|button_out ; clock_divider_reg[23]                     ; CLOCK_50     ; CLOCK_50    ; 0.000        ; 0.040      ; 3.129      ;
; 3.005 ; debouncer:reset_debouncer|button_out ; clock_divider_reg[24]                     ; CLOCK_50     ; CLOCK_50    ; 0.000        ; 0.040      ; 3.129      ;
; 3.005 ; debouncer:reset_debouncer|button_out ; clock_divider:clk_div_1hz|counter[2]      ; CLOCK_50     ; CLOCK_50    ; 0.000        ; 0.027      ; 3.116      ;
; 3.005 ; debouncer:reset_debouncer|button_out ; clock_divider:clk_div_1hz|counter[3]      ; CLOCK_50     ; CLOCK_50    ; 0.000        ; 0.027      ; 3.116      ;
; 3.005 ; debouncer:reset_debouncer|button_out ; clock_divider:clk_div_1hz|counter[4]      ; CLOCK_50     ; CLOCK_50    ; 0.000        ; 0.027      ; 3.116      ;
; 3.005 ; debouncer:reset_debouncer|button_out ; clock_divider:clk_div_1hz|counter[5]      ; CLOCK_50     ; CLOCK_50    ; 0.000        ; 0.027      ; 3.116      ;
; 3.005 ; debouncer:reset_debouncer|button_out ; clock_divider:clk_div_1hz|counter[6]      ; CLOCK_50     ; CLOCK_50    ; 0.000        ; 0.027      ; 3.116      ;
; 3.005 ; debouncer:reset_debouncer|button_out ; clock_divider:clk_div_1hz|counter[7]      ; CLOCK_50     ; CLOCK_50    ; 0.000        ; 0.026      ; 3.115      ;
; 3.005 ; debouncer:reset_debouncer|button_out ; clock_divider:clk_div_1hz|counter[8]      ; CLOCK_50     ; CLOCK_50    ; 0.000        ; 0.027      ; 3.116      ;
; 3.005 ; debouncer:reset_debouncer|button_out ; clock_divider:clk_div_1hz|counter[9]      ; CLOCK_50     ; CLOCK_50    ; 0.000        ; 0.026      ; 3.115      ;
; 3.005 ; debouncer:reset_debouncer|button_out ; clock_divider:clk_div_1hz|counter[10]     ; CLOCK_50     ; CLOCK_50    ; 0.000        ; 0.026      ; 3.115      ;
; 3.005 ; debouncer:reset_debouncer|button_out ; clock_divider:clk_div_1hz|counter[11]     ; CLOCK_50     ; CLOCK_50    ; 0.000        ; 0.027      ; 3.116      ;
; 3.005 ; debouncer:reset_debouncer|button_out ; clock_divider:clk_div_1hz|counter[12]     ; CLOCK_50     ; CLOCK_50    ; 0.000        ; 0.026      ; 3.115      ;
; 3.005 ; debouncer:reset_debouncer|button_out ; clock_divider:clk_div_1hz|counter[13]     ; CLOCK_50     ; CLOCK_50    ; 0.000        ; 0.027      ; 3.116      ;
; 3.005 ; debouncer:reset_debouncer|button_out ; clock_divider:clk_div_1hz|counter[14]     ; CLOCK_50     ; CLOCK_50    ; 0.000        ; 0.027      ; 3.116      ;
; 3.005 ; debouncer:reset_debouncer|button_out ; clock_divider:clk_div_1hz|counter[15]     ; CLOCK_50     ; CLOCK_50    ; 0.000        ; 0.026      ; 3.115      ;
; 3.005 ; debouncer:reset_debouncer|button_out ; clock_divider:clk_div_1hz|counter[16]     ; CLOCK_50     ; CLOCK_50    ; 0.000        ; 0.032      ; 3.121      ;
; 3.005 ; debouncer:reset_debouncer|button_out ; clock_divider:clk_div_1hz|counter[17]     ; CLOCK_50     ; CLOCK_50    ; 0.000        ; 0.032      ; 3.121      ;
; 3.005 ; debouncer:reset_debouncer|button_out ; clock_divider:clk_div_1hz|counter[18]     ; CLOCK_50     ; CLOCK_50    ; 0.000        ; 0.032      ; 3.121      ;
; 3.005 ; debouncer:reset_debouncer|button_out ; clock_divider:clk_div_1hz|counter[19]     ; CLOCK_50     ; CLOCK_50    ; 0.000        ; 0.031      ; 3.120      ;
; 3.005 ; debouncer:reset_debouncer|button_out ; clock_divider:clk_div_1hz|counter[20]     ; CLOCK_50     ; CLOCK_50    ; 0.000        ; 0.031      ; 3.120      ;
; 3.005 ; debouncer:reset_debouncer|button_out ; clock_divider:clk_div_1hz|counter[21]     ; CLOCK_50     ; CLOCK_50    ; 0.000        ; 0.032      ; 3.121      ;
; 3.005 ; debouncer:reset_debouncer|button_out ; clock_divider:clk_div_1hz|counter[22]     ; CLOCK_50     ; CLOCK_50    ; 0.000        ; 0.032      ; 3.121      ;
; 3.005 ; debouncer:reset_debouncer|button_out ; clock_divider:clk_div_1hz|counter[23]     ; CLOCK_50     ; CLOCK_50    ; 0.000        ; 0.031      ; 3.120      ;
; 3.005 ; debouncer:reset_debouncer|button_out ; clock_divider:clk_div_1hz|counter[24]     ; CLOCK_50     ; CLOCK_50    ; 0.000        ; 0.032      ; 3.121      ;
; 3.005 ; debouncer:reset_debouncer|button_out ; clock_divider:clk_div_1hz|counter[25]     ; CLOCK_50     ; CLOCK_50    ; 0.000        ; 0.032      ; 3.121      ;
; 3.005 ; debouncer:reset_debouncer|button_out ; clock_divider:clk_div_1hz|counter[26]     ; CLOCK_50     ; CLOCK_50    ; 0.000        ; 0.032      ; 3.121      ;
; 3.005 ; debouncer:reset_debouncer|button_out ; clock_divider:clk_div_1hz|counter[27]     ; CLOCK_50     ; CLOCK_50    ; 0.000        ; 0.032      ; 3.121      ;
; 3.005 ; debouncer:reset_debouncer|button_out ; clock_divider:clk_div_1hz|counter[28]     ; CLOCK_50     ; CLOCK_50    ; 0.000        ; 0.032      ; 3.121      ;
; 3.005 ; debouncer:reset_debouncer|button_out ; clock_divider:clk_div_1hz|counter[29]     ; CLOCK_50     ; CLOCK_50    ; 0.000        ; 0.032      ; 3.121      ;
; 3.005 ; debouncer:reset_debouncer|button_out ; clock_divider:clk_div_1hz|counter[30]     ; CLOCK_50     ; CLOCK_50    ; 0.000        ; 0.032      ; 3.121      ;
; 3.005 ; debouncer:reset_debouncer|button_out ; clock_divider:clk_div_1hz|counter[31]     ; CLOCK_50     ; CLOCK_50    ; 0.000        ; 0.032      ; 3.121      ;
; 3.019 ; debouncer:reset_debouncer|button_out ; input_device:input_unit|data_ready        ; CLOCK_50     ; CLOCK_50    ; 0.000        ; 0.045      ; 3.148      ;
; 3.019 ; debouncer:reset_debouncer|button_out ; input_device:input_unit|captured_data[4]  ; CLOCK_50     ; CLOCK_50    ; 0.000        ; 0.043      ; 3.146      ;
; 3.019 ; debouncer:reset_debouncer|button_out ; input_device:input_unit|captured_data[16] ; CLOCK_50     ; CLOCK_50    ; 0.000        ; 0.042      ; 3.145      ;
; 3.019 ; debouncer:reset_debouncer|button_out ; input_device:input_unit|captured_data[2]  ; CLOCK_50     ; CLOCK_50    ; 0.000        ; 0.043      ; 3.146      ;
; 3.019 ; debouncer:reset_debouncer|button_out ; input_device:input_unit|captured_data[10] ; CLOCK_50     ; CLOCK_50    ; 0.000        ; 0.043      ; 3.146      ;
; 3.019 ; debouncer:reset_debouncer|button_out ; input_device:input_unit|captured_data[13] ; CLOCK_50     ; CLOCK_50    ; 0.000        ; 0.043      ; 3.146      ;
; 3.019 ; debouncer:reset_debouncer|button_out ; input_device:input_unit|captured_data[6]  ; CLOCK_50     ; CLOCK_50    ; 0.000        ; 0.044      ; 3.147      ;
; 3.019 ; debouncer:reset_debouncer|button_out ; input_device:input_unit|captured_data[7]  ; CLOCK_50     ; CLOCK_50    ; 0.000        ; 0.044      ; 3.147      ;
; 3.019 ; debouncer:reset_debouncer|button_out ; input_device:input_unit|captured_data[9]  ; CLOCK_50     ; CLOCK_50    ; 0.000        ; 0.044      ; 3.147      ;
; 3.019 ; debouncer:reset_debouncer|button_out ; input_device:input_unit|captured_data[12] ; CLOCK_50     ; CLOCK_50    ; 0.000        ; 0.043      ; 3.146      ;
; 3.019 ; debouncer:reset_debouncer|button_out ; input_device:input_unit|captured_data[14] ; CLOCK_50     ; CLOCK_50    ; 0.000        ; 0.042      ; 3.145      ;
; 3.019 ; debouncer:reset_debouncer|button_out ; input_device:input_unit|captured_data[15] ; CLOCK_50     ; CLOCK_50    ; 0.000        ; 0.042      ; 3.145      ;
; 3.019 ; debouncer:reset_debouncer|button_out ; input_device:input_unit|captured_data[11] ; CLOCK_50     ; CLOCK_50    ; 0.000        ; 0.043      ; 3.146      ;
; 3.019 ; debouncer:reset_debouncer|button_out ; input_device:input_unit|captured_data[8]  ; CLOCK_50     ; CLOCK_50    ; 0.000        ; 0.044      ; 3.147      ;
; 3.019 ; debouncer:reset_debouncer|button_out ; input_device:input_unit|captured_data[5]  ; CLOCK_50     ; CLOCK_50    ; 0.000        ; 0.043      ; 3.146      ;
; 3.019 ; debouncer:reset_debouncer|button_out ; input_device:input_unit|captured_data[0]  ; CLOCK_50     ; CLOCK_50    ; 0.000        ; 0.039      ; 3.142      ;
; 3.019 ; debouncer:reset_debouncer|button_out ; input_device:input_unit|captured_data[3]  ; CLOCK_50     ; CLOCK_50    ; 0.000        ; 0.043      ; 3.146      ;
; 3.019 ; debouncer:reset_debouncer|button_out ; input_device:input_unit|captured_data[17] ; CLOCK_50     ; CLOCK_50    ; 0.000        ; 0.042      ; 3.145      ;
; 3.019 ; debouncer:reset_debouncer|button_out ; input_device:input_unit|captured_data[1]  ; CLOCK_50     ; CLOCK_50    ; 0.000        ; 0.039      ; 3.142      ;
; 3.019 ; debouncer:reset_debouncer|button_out ; display_value_reg[0]                      ; CLOCK_50     ; CLOCK_50    ; 0.000        ; 0.031      ; 3.134      ;
; 3.019 ; debouncer:reset_debouncer|button_out ; display_value_reg[1]                      ; CLOCK_50     ; CLOCK_50    ; 0.000        ; 0.032      ; 3.135      ;
; 3.019 ; debouncer:reset_debouncer|button_out ; display_value_reg[31]                     ; CLOCK_50     ; CLOCK_50    ; 0.000        ; 0.040      ; 3.143      ;
; 3.019 ; debouncer:reset_debouncer|button_out ; display_value_reg[30]                     ; CLOCK_50     ; CLOCK_50    ; 0.000        ; 0.040      ; 3.143      ;
; 3.019 ; debouncer:reset_debouncer|button_out ; display_value_reg[29]                     ; CLOCK_50     ; CLOCK_50    ; 0.000        ; 0.040      ; 3.143      ;
; 3.019 ; debouncer:reset_debouncer|button_out ; display_value_reg[28]                     ; CLOCK_50     ; CLOCK_50    ; 0.000        ; 0.045      ; 3.148      ;
; 3.019 ; debouncer:reset_debouncer|button_out ; display_value_reg[27]                     ; CLOCK_50     ; CLOCK_50    ; 0.000        ; 0.040      ; 3.143      ;
; 3.019 ; debouncer:reset_debouncer|button_out ; display_value_reg[26]                     ; CLOCK_50     ; CLOCK_50    ; 0.000        ; 0.040      ; 3.143      ;
; 3.019 ; debouncer:reset_debouncer|button_out ; display_value_reg[25]                     ; CLOCK_50     ; CLOCK_50    ; 0.000        ; 0.045      ; 3.148      ;
; 3.019 ; debouncer:reset_debouncer|button_out ; display_value_reg[24]                     ; CLOCK_50     ; CLOCK_50    ; 0.000        ; 0.045      ; 3.148      ;
; 3.019 ; debouncer:reset_debouncer|button_out ; display_value_reg[23]                     ; CLOCK_50     ; CLOCK_50    ; 0.000        ; 0.045      ; 3.148      ;
; 3.019 ; debouncer:reset_debouncer|button_out ; display_value_reg[22]                     ; CLOCK_50     ; CLOCK_50    ; 0.000        ; 0.045      ; 3.148      ;
; 3.019 ; debouncer:reset_debouncer|button_out ; display_value_reg[21]                     ; CLOCK_50     ; CLOCK_50    ; 0.000        ; 0.045      ; 3.148      ;
; 3.019 ; debouncer:reset_debouncer|button_out ; display_value_reg[20]                     ; CLOCK_50     ; CLOCK_50    ; 0.000        ; 0.040      ; 3.143      ;
; 3.019 ; debouncer:reset_debouncer|button_out ; display_value_reg[19]                     ; CLOCK_50     ; CLOCK_50    ; 0.000        ; 0.044      ; 3.147      ;
; 3.019 ; debouncer:reset_debouncer|button_out ; display_value_reg[18]                     ; CLOCK_50     ; CLOCK_50    ; 0.000        ; 0.044      ; 3.147      ;
; 3.019 ; debouncer:reset_debouncer|button_out ; display_value_reg[17]                     ; CLOCK_50     ; CLOCK_50    ; 0.000        ; 0.044      ; 3.147      ;
; 3.019 ; debouncer:reset_debouncer|button_out ; display_value_reg[16]                     ; CLOCK_50     ; CLOCK_50    ; 0.000        ; 0.044      ; 3.147      ;
; 3.019 ; debouncer:reset_debouncer|button_out ; display_value_reg[15]                     ; CLOCK_50     ; CLOCK_50    ; 0.000        ; 0.045      ; 3.148      ;
; 3.019 ; debouncer:reset_debouncer|button_out ; display_value_reg[14]                     ; CLOCK_50     ; CLOCK_50    ; 0.000        ; 0.045      ; 3.148      ;
; 3.019 ; debouncer:reset_debouncer|button_out ; display_value_reg[13]                     ; CLOCK_50     ; CLOCK_50    ; 0.000        ; 0.045      ; 3.148      ;
; 3.019 ; debouncer:reset_debouncer|button_out ; display_value_reg[12]                     ; CLOCK_50     ; CLOCK_50    ; 0.000        ; 0.045      ; 3.148      ;
; 3.019 ; debouncer:reset_debouncer|button_out ; display_value_reg[11]                     ; CLOCK_50     ; CLOCK_50    ; 0.000        ; 0.040      ; 3.143      ;
; 3.019 ; debouncer:reset_debouncer|button_out ; display_value_reg[10]                     ; CLOCK_50     ; CLOCK_50    ; 0.000        ; 0.037      ; 3.140      ;
; 3.019 ; debouncer:reset_debouncer|button_out ; display_value_reg[9]                      ; CLOCK_50     ; CLOCK_50    ; 0.000        ; 0.037      ; 3.140      ;
; 3.019 ; debouncer:reset_debouncer|button_out ; display_value_reg[8]                      ; CLOCK_50     ; CLOCK_50    ; 0.000        ; 0.037      ; 3.140      ;
+-------+--------------------------------------+-------------------------------------------+--------------+-------------+--------------+------------+------------+


----------------------------------------------
; Fast 1200mV 0C Model Metastability Summary ;
----------------------------------------------
No synchronizer chains to report.


+------------------------------------------------------------------------------+
; Multicorner Timing Analysis Summary                                          ;
+------------------+--------+-------+----------+---------+---------------------+
; Clock            ; Setup  ; Hold  ; Recovery ; Removal ; Minimum Pulse Width ;
+------------------+--------+-------+----------+---------+---------------------+
; Worst-case Slack ; 12.809 ; 0.181 ; 12.157   ; 3.005   ; 9.436               ;
;  CLOCK_50        ; 12.809 ; 0.181 ; 12.157   ; 3.005   ; 9.436               ;
; Design-wide TNS  ; 0.0    ; 0.0   ; 0.0      ; 0.0     ; 0.0                 ;
;  CLOCK_50        ; 0.000  ; 0.000 ; 0.000    ; 0.000   ; 0.000               ;
+------------------+--------+-------+----------+---------+---------------------+


+------------------------------------------------------------------------------------------------------------------------------------------------------------------------------------------------------------------------------------------------------------------------------------------------------------------------------------------------------------------------------------------------------------------+
; Board Trace Model Assignments                                                                                                                                                                                                                                                                                                                                                                                    ;
+---------------+--------------+-------------------+-------------------------+-------------------------+---------------+---------------------+----------------+------------------+--------+------------------+------------------------+------------------------+--------------+---------------+-----------------+-------+---------------------+--------------------+---------------+-----------------+-------------+
; Pin           ; I/O Standard ; Near Tline Length ; Near Tline L per Length ; Near Tline C per Length ; Near Series R ; Near Differential R ; Near Pull-up R ; Near Pull-down R ; Near C ; Far Tline Length ; Far Tline L per Length ; Far Tline C per Length ; Far Series R ; Far Pull-up R ; Far Pull-down R ; Far C ; Termination Voltage ; Far Differential R ; EBD File Name ; EBD Signal Name ; EBD Far-end ;
+---------------+--------------+-------------------+-------------------------+-------------------------+---------------+---------------------+----------------+------------------+--------+------------------+------------------------+------------------------+--------------+---------------+-----------------+-------+---------------------+--------------------+---------------+-----------------+-------------+
; HEX0[0]       ; 2.5 V        ; 0 in              ; 0 H/in                  ; 0 F/in                  ; short         ; -                   ; open           ; open             ; open   ; 0 in             ; 0 H/in                 ; 0 F/in                 ; short        ; open          ; open            ; open  ; 0 V                 ; -                  ; n/a           ; n/a             ; n/a         ;
; HEX0[1]       ; 2.5 V        ; 0 in              ; 0 H/in                  ; 0 F/in                  ; short         ; -                   ; open           ; open             ; open   ; 0 in             ; 0 H/in                 ; 0 F/in                 ; short        ; open          ; open            ; open  ; 0 V                 ; -                  ; n/a           ; n/a             ; n/a         ;
; HEX0[2]       ; 2.5 V        ; 0 in              ; 0 H/in                  ; 0 F/in                  ; short         ; -                   ; open           ; open             ; open   ; 0 in             ; 0 H/in                 ; 0 F/in                 ; short        ; open          ; open            ; open  ; 0 V                 ; -                  ; n/a           ; n/a             ; n/a         ;
; HEX0[3]       ; 2.5 V        ; 0 in              ; 0 H/in                  ; 0 F/in                  ; short         ; -                   ; open           ; open             ; open   ; 0 in             ; 0 H/in                 ; 0 F/in                 ; short        ; open          ; open            ; open  ; 0 V                 ; -                  ; n/a           ; n/a             ; n/a         ;
; HEX0[4]       ; 2.5 V        ; 0 in              ; 0 H/in                  ; 0 F/in                  ; short         ; -                   ; open           ; open             ; open   ; 0 in             ; 0 H/in                 ; 0 F/in                 ; short        ; open          ; open            ; open  ; 0 V                 ; -                  ; n/a           ; n/a             ; n/a         ;
; HEX0[5]       ; 2.5 V        ; 0 in              ; 0 H/in                  ; 0 F/in                  ; short         ; -                   ; open           ; open             ; open   ; 0 in             ; 0 H/in                 ; 0 F/in                 ; short        ; open          ; open            ; open  ; 0 V                 ; -                  ; n/a           ; n/a             ; n/a         ;
; HEX0[6]       ; 2.5 V        ; 0 in              ; 0 H/in                  ; 0 F/in                  ; short         ; -                   ; open           ; open             ; open   ; 0 in             ; 0 H/in                 ; 0 F/in                 ; short        ; open          ; open            ; open  ; 0 V                 ; -                  ; n/a           ; n/a             ; n/a         ;
; HEX1[0]       ; 2.5 V        ; 0 in              ; 0 H/in                  ; 0 F/in                  ; short         ; -                   ; open           ; open             ; open   ; 0 in             ; 0 H/in                 ; 0 F/in                 ; short        ; open          ; open            ; open  ; 0 V                 ; -                  ; n/a           ; n/a             ; n/a         ;
; HEX1[1]       ; 2.5 V        ; 0 in              ; 0 H/in                  ; 0 F/in                  ; short         ; -                   ; open           ; open             ; open   ; 0 in             ; 0 H/in                 ; 0 F/in                 ; short        ; open          ; open            ; open  ; 0 V                 ; -                  ; n/a           ; n/a             ; n/a         ;
; HEX1[2]       ; 2.5 V        ; 0 in              ; 0 H/in                  ; 0 F/in                  ; short         ; -                   ; open           ; open             ; open   ; 0 in             ; 0 H/in                 ; 0 F/in                 ; short        ; open          ; open            ; open  ; 0 V                 ; -                  ; n/a           ; n/a             ; n/a         ;
; HEX1[3]       ; 2.5 V        ; 0 in              ; 0 H/in                  ; 0 F/in                  ; short         ; -                   ; open           ; open             ; open   ; 0 in             ; 0 H/in                 ; 0 F/in                 ; short        ; open          ; open            ; open  ; 0 V                 ; -                  ; n/a           ; n/a             ; n/a         ;
; HEX1[4]       ; 2.5 V        ; 0 in              ; 0 H/in                  ; 0 F/in                  ; short         ; -                   ; open           ; open             ; open   ; 0 in             ; 0 H/in                 ; 0 F/in                 ; short        ; open          ; open            ; open  ; 0 V                 ; -                  ; n/a           ; n/a             ; n/a         ;
; HEX1[5]       ; 2.5 V        ; 0 in              ; 0 H/in                  ; 0 F/in                  ; short         ; -                   ; open           ; open             ; open   ; 0 in             ; 0 H/in                 ; 0 F/in                 ; short        ; open          ; open            ; open  ; 0 V                 ; -                  ; n/a           ; n/a             ; n/a         ;
; HEX1[6]       ; 2.5 V        ; 0 in              ; 0 H/in                  ; 0 F/in                  ; short         ; -                   ; open           ; open             ; open   ; 0 in             ; 0 H/in                 ; 0 F/in                 ; short        ; open          ; open            ; open  ; 0 V                 ; -                  ; n/a           ; n/a             ; n/a         ;
; HEX2[0]       ; 2.5 V        ; 0 in              ; 0 H/in                  ; 0 F/in                  ; short         ; -                   ; open           ; open             ; open   ; 0 in             ; 0 H/in                 ; 0 F/in                 ; short        ; open          ; open            ; open  ; 0 V                 ; -                  ; n/a           ; n/a             ; n/a         ;
; HEX2[1]       ; 2.5 V        ; 0 in              ; 0 H/in                  ; 0 F/in                  ; short         ; -                   ; open           ; open             ; open   ; 0 in             ; 0 H/in                 ; 0 F/in                 ; short        ; open          ; open            ; open  ; 0 V                 ; -                  ; n/a           ; n/a             ; n/a         ;
; HEX2[2]       ; 2.5 V        ; 0 in              ; 0 H/in                  ; 0 F/in                  ; short         ; -                   ; open           ; open             ; open   ; 0 in             ; 0 H/in                 ; 0 F/in                 ; short        ; open          ; open            ; open  ; 0 V                 ; -                  ; n/a           ; n/a             ; n/a         ;
; HEX2[3]       ; 2.5 V        ; 0 in              ; 0 H/in                  ; 0 F/in                  ; short         ; -                   ; open           ; open             ; open   ; 0 in             ; 0 H/in                 ; 0 F/in                 ; short        ; open          ; open            ; open  ; 0 V                 ; -                  ; n/a           ; n/a             ; n/a         ;
; HEX2[4]       ; 2.5 V        ; 0 in              ; 0 H/in                  ; 0 F/in                  ; short         ; -                   ; open           ; open             ; open   ; 0 in             ; 0 H/in                 ; 0 F/in                 ; short        ; open          ; open            ; open  ; 0 V                 ; -                  ; n/a           ; n/a             ; n/a         ;
; HEX2[5]       ; 2.5 V        ; 0 in              ; 0 H/in                  ; 0 F/in                  ; short         ; -                   ; open           ; open             ; open   ; 0 in             ; 0 H/in                 ; 0 F/in                 ; short        ; open          ; open            ; open  ; 0 V                 ; -                  ; n/a           ; n/a             ; n/a         ;
; HEX2[6]       ; 2.5 V        ; 0 in              ; 0 H/in                  ; 0 F/in                  ; short         ; -                   ; open           ; open             ; open   ; 0 in             ; 0 H/in                 ; 0 F/in                 ; short        ; open          ; open            ; open  ; 0 V                 ; -                  ; n/a           ; n/a             ; n/a         ;
; HEX3[0]       ; 2.5 V        ; 0 in              ; 0 H/in                  ; 0 F/in                  ; short         ; -                   ; open           ; open             ; open   ; 0 in             ; 0 H/in                 ; 0 F/in                 ; short        ; open          ; open            ; open  ; 0 V                 ; -                  ; n/a           ; n/a             ; n/a         ;
; HEX3[1]       ; 2.5 V        ; 0 in              ; 0 H/in                  ; 0 F/in                  ; short         ; -                   ; open           ; open             ; open   ; 0 in             ; 0 H/in                 ; 0 F/in                 ; short        ; open          ; open            ; open  ; 0 V                 ; -                  ; n/a           ; n/a             ; n/a         ;
; HEX3[2]       ; 2.5 V        ; 0 in              ; 0 H/in                  ; 0 F/in                  ; short         ; -                   ; open           ; open             ; open   ; 0 in             ; 0 H/in                 ; 0 F/in                 ; short        ; open          ; open            ; open  ; 0 V                 ; -                  ; n/a           ; n/a             ; n/a         ;
; HEX3[3]       ; 2.5 V        ; 0 in              ; 0 H/in                  ; 0 F/in                  ; short         ; -                   ; open           ; open             ; open   ; 0 in             ; 0 H/in                 ; 0 F/in                 ; short        ; open          ; open            ; open  ; 0 V                 ; -                  ; n/a           ; n/a             ; n/a         ;
; HEX3[4]       ; 2.5 V        ; 0 in              ; 0 H/in                  ; 0 F/in                  ; short         ; -                   ; open           ; open             ; open   ; 0 in             ; 0 H/in                 ; 0 F/in                 ; short        ; open          ; open            ; open  ; 0 V                 ; -                  ; n/a           ; n/a             ; n/a         ;
; HEX3[5]       ; 2.5 V        ; 0 in              ; 0 H/in                  ; 0 F/in                  ; short         ; -                   ; open           ; open             ; open   ; 0 in             ; 0 H/in                 ; 0 F/in                 ; short        ; open          ; open            ; open  ; 0 V                 ; -                  ; n/a           ; n/a             ; n/a         ;
; HEX3[6]       ; 2.5 V        ; 0 in              ; 0 H/in                  ; 0 F/in                  ; short         ; -                   ; open           ; open             ; open   ; 0 in             ; 0 H/in                 ; 0 F/in                 ; short        ; open          ; open            ; open  ; 0 V                 ; -                  ; n/a           ; n/a             ; n/a         ;
; HEX4[0]       ; 2.5 V        ; 0 in              ; 0 H/in                  ; 0 F/in                  ; short         ; -                   ; open           ; open             ; open   ; 0 in             ; 0 H/in                 ; 0 F/in                 ; short        ; open          ; open            ; open  ; 0 V                 ; -                  ; n/a           ; n/a             ; n/a         ;
; HEX4[1]       ; 2.5 V        ; 0 in              ; 0 H/in                  ; 0 F/in                  ; short         ; -                   ; open           ; open             ; open   ; 0 in             ; 0 H/in                 ; 0 F/in                 ; short        ; open          ; open            ; open  ; 0 V                 ; -                  ; n/a           ; n/a             ; n/a         ;
; HEX4[2]       ; 2.5 V        ; 0 in              ; 0 H/in                  ; 0 F/in                  ; short         ; -                   ; open           ; open             ; open   ; 0 in             ; 0 H/in                 ; 0 F/in                 ; short        ; open          ; open            ; open  ; 0 V                 ; -                  ; n/a           ; n/a             ; n/a         ;
; HEX4[3]       ; 2.5 V        ; 0 in              ; 0 H/in                  ; 0 F/in                  ; short         ; -                   ; open           ; open             ; open   ; 0 in             ; 0 H/in                 ; 0 F/in                 ; short        ; open          ; open            ; open  ; 0 V                 ; -                  ; n/a           ; n/a             ; n/a         ;
; HEX4[4]       ; 2.5 V        ; 0 in              ; 0 H/in                  ; 0 F/in                  ; short         ; -                   ; open           ; open             ; open   ; 0 in             ; 0 H/in                 ; 0 F/in                 ; short        ; open          ; open            ; open  ; 0 V                 ; -                  ; n/a           ; n/a             ; n/a         ;
; HEX4[5]       ; 2.5 V        ; 0 in              ; 0 H/in                  ; 0 F/in                  ; short         ; -                   ; open           ; open             ; open   ; 0 in             ; 0 H/in                 ; 0 F/in                 ; short        ; open          ; open            ; open  ; 0 V                 ; -                  ; n/a           ; n/a             ; n/a         ;
; HEX4[6]       ; 2.5 V        ; 0 in              ; 0 H/in                  ; 0 F/in                  ; short         ; -                   ; open           ; open             ; open   ; 0 in             ; 0 H/in                 ; 0 F/in                 ; short        ; open          ; open            ; open  ; 0 V                 ; -                  ; n/a           ; n/a             ; n/a         ;
; HEX5[0]       ; 2.5 V        ; 0 in              ; 0 H/in                  ; 0 F/in                  ; short         ; -                   ; open           ; open             ; open   ; 0 in             ; 0 H/in                 ; 0 F/in                 ; short        ; open          ; open            ; open  ; 0 V                 ; -                  ; n/a           ; n/a             ; n/a         ;
; HEX5[1]       ; 2.5 V        ; 0 in              ; 0 H/in                  ; 0 F/in                  ; short         ; -                   ; open           ; open             ; open   ; 0 in             ; 0 H/in                 ; 0 F/in                 ; short        ; open          ; open            ; open  ; 0 V                 ; -                  ; n/a           ; n/a             ; n/a         ;
; HEX5[2]       ; 2.5 V        ; 0 in              ; 0 H/in                  ; 0 F/in                  ; short         ; -                   ; open           ; open             ; open   ; 0 in             ; 0 H/in                 ; 0 F/in                 ; short        ; open          ; open            ; open  ; 0 V                 ; -                  ; n/a           ; n/a             ; n/a         ;
; HEX5[3]       ; 2.5 V        ; 0 in              ; 0 H/in                  ; 0 F/in                  ; short         ; -                   ; open           ; open             ; open   ; 0 in             ; 0 H/in                 ; 0 F/in                 ; short        ; open          ; open            ; open  ; 0 V                 ; -                  ; n/a           ; n/a             ; n/a         ;
; HEX5[4]       ; 2.5 V        ; 0 in              ; 0 H/in                  ; 0 F/in                  ; short         ; -                   ; open           ; open             ; open   ; 0 in             ; 0 H/in                 ; 0 F/in                 ; short        ; open          ; open            ; open  ; 0 V                 ; -                  ; n/a           ; n/a             ; n/a         ;
; HEX5[5]       ; 2.5 V        ; 0 in              ; 0 H/in                  ; 0 F/in                  ; short         ; -                   ; open           ; open             ; open   ; 0 in             ; 0 H/in                 ; 0 F/in                 ; short        ; open          ; open            ; open  ; 0 V                 ; -                  ; n/a           ; n/a             ; n/a         ;
; HEX5[6]       ; 2.5 V        ; 0 in              ; 0 H/in                  ; 0 F/in                  ; short         ; -                   ; open           ; open             ; open   ; 0 in             ; 0 H/in                 ; 0 F/in                 ; short        ; open          ; open            ; open  ; 0 V                 ; -                  ; n/a           ; n/a             ; n/a         ;
; HEX6[0]       ; 2.5 V        ; 0 in              ; 0 H/in                  ; 0 F/in                  ; short         ; -                   ; open           ; open             ; open   ; 0 in             ; 0 H/in                 ; 0 F/in                 ; short        ; open          ; open            ; open  ; 0 V                 ; -                  ; n/a           ; n/a             ; n/a         ;
; HEX6[1]       ; 2.5 V        ; 0 in              ; 0 H/in                  ; 0 F/in                  ; short         ; -                   ; open           ; open             ; open   ; 0 in             ; 0 H/in                 ; 0 F/in                 ; short        ; open          ; open            ; open  ; 0 V                 ; -                  ; n/a           ; n/a             ; n/a         ;
; HEX6[2]       ; 2.5 V        ; 0 in              ; 0 H/in                  ; 0 F/in                  ; short         ; -                   ; open           ; open             ; open   ; 0 in             ; 0 H/in                 ; 0 F/in                 ; short        ; open          ; open            ; open  ; 0 V                 ; -                  ; n/a           ; n/a             ; n/a         ;
; HEX6[3]       ; 2.5 V        ; 0 in              ; 0 H/in                  ; 0 F/in                  ; short         ; -                   ; open           ; open             ; open   ; 0 in             ; 0 H/in                 ; 0 F/in                 ; short        ; open          ; open            ; open  ; 0 V                 ; -                  ; n/a           ; n/a             ; n/a         ;
; HEX6[4]       ; 2.5 V        ; 0 in              ; 0 H/in                  ; 0 F/in                  ; short         ; -                   ; open           ; open             ; open   ; 0 in             ; 0 H/in                 ; 0 F/in                 ; short        ; open          ; open            ; open  ; 0 V                 ; -                  ; n/a           ; n/a             ; n/a         ;
; HEX6[5]       ; 2.5 V        ; 0 in              ; 0 H/in                  ; 0 F/in                  ; short         ; -                   ; open           ; open             ; open   ; 0 in             ; 0 H/in                 ; 0 F/in                 ; short        ; open          ; open            ; open  ; 0 V                 ; -                  ; n/a           ; n/a             ; n/a         ;
; HEX6[6]       ; 2.5 V        ; 0 in              ; 0 H/in                  ; 0 F/in                  ; short         ; -                   ; open           ; open             ; open   ; 0 in             ; 0 H/in                 ; 0 F/in                 ; short        ; open          ; open            ; open  ; 0 V                 ; -                  ; n/a           ; n/a             ; n/a         ;
; HEX7[0]       ; 2.5 V        ; 0 in              ; 0 H/in                  ; 0 F/in                  ; short         ; -                   ; open           ; open             ; open   ; 0 in             ; 0 H/in                 ; 0 F/in                 ; short        ; open          ; open            ; open  ; 0 V                 ; -                  ; n/a           ; n/a             ; n/a         ;
; HEX7[1]       ; 2.5 V        ; 0 in              ; 0 H/in                  ; 0 F/in                  ; short         ; -                   ; open           ; open             ; open   ; 0 in             ; 0 H/in                 ; 0 F/in                 ; short        ; open          ; open            ; open  ; 0 V                 ; -                  ; n/a           ; n/a             ; n/a         ;
; HEX7[2]       ; 2.5 V        ; 0 in              ; 0 H/in                  ; 0 F/in                  ; short         ; -                   ; open           ; open             ; open   ; 0 in             ; 0 H/in                 ; 0 F/in                 ; short        ; open          ; open            ; open  ; 0 V                 ; -                  ; n/a           ; n/a             ; n/a         ;
; HEX7[3]       ; 2.5 V        ; 0 in              ; 0 H/in                  ; 0 F/in                  ; short         ; -                   ; open           ; open             ; open   ; 0 in             ; 0 H/in                 ; 0 F/in                 ; short        ; open          ; open            ; open  ; 0 V                 ; -                  ; n/a           ; n/a             ; n/a         ;
; HEX7[4]       ; 2.5 V        ; 0 in              ; 0 H/in                  ; 0 F/in                  ; short         ; -                   ; open           ; open             ; open   ; 0 in             ; 0 H/in                 ; 0 F/in                 ; short        ; open          ; open            ; open  ; 0 V                 ; -                  ; n/a           ; n/a             ; n/a         ;
; HEX7[5]       ; 2.5 V        ; 0 in              ; 0 H/in                  ; 0 F/in                  ; short         ; -                   ; open           ; open             ; open   ; 0 in             ; 0 H/in                 ; 0 F/in                 ; short        ; open          ; open            ; open  ; 0 V                 ; -                  ; n/a           ; n/a             ; n/a         ;
; HEX7[6]       ; 2.5 V        ; 0 in              ; 0 H/in                  ; 0 F/in                  ; short         ; -                   ; open           ; open             ; open   ; 0 in             ; 0 H/in                 ; 0 F/in                 ; short        ; open          ; open            ; open  ; 0 V                 ; -                  ; n/a           ; n/a             ; n/a         ;
; LEDR[0]       ; 2.5 V        ; 0 in              ; 0 H/in                  ; 0 F/in                  ; short         ; -                   ; open           ; open             ; open   ; 0 in             ; 0 H/in                 ; 0 F/in                 ; short        ; open          ; open            ; open  ; 0 V                 ; -                  ; n/a           ; n/a             ; n/a         ;
; LEDR[1]       ; 2.5 V        ; 0 in              ; 0 H/in                  ; 0 F/in                  ; short         ; -                   ; open           ; open             ; open   ; 0 in             ; 0 H/in                 ; 0 F/in                 ; short        ; open          ; open            ; open  ; 0 V                 ; -                  ; n/a           ; n/a             ; n/a         ;
; LEDR[2]       ; 2.5 V        ; 0 in              ; 0 H/in                  ; 0 F/in                  ; short         ; -                   ; open           ; open             ; open   ; 0 in             ; 0 H/in                 ; 0 F/in                 ; short        ; open          ; open            ; open  ; 0 V                 ; -                  ; n/a           ; n/a             ; n/a         ;
; LEDR[3]       ; 2.5 V        ; 0 in              ; 0 H/in                  ; 0 F/in                  ; short         ; -                   ; open           ; open             ; open   ; 0 in             ; 0 H/in                 ; 0 F/in                 ; short        ; open          ; open            ; open  ; 0 V                 ; -                  ; n/a           ; n/a             ; n/a         ;
; LEDR[4]       ; 2.5 V        ; 0 in              ; 0 H/in                  ; 0 F/in                  ; short         ; -                   ; open           ; open             ; open   ; 0 in             ; 0 H/in                 ; 0 F/in                 ; short        ; open          ; open            ; open  ; 0 V                 ; -                  ; n/a           ; n/a             ; n/a         ;
; LEDR[5]       ; 2.5 V        ; 0 in              ; 0 H/in                  ; 0 F/in                  ; short         ; -                   ; open           ; open             ; open   ; 0 in             ; 0 H/in                 ; 0 F/in                 ; short        ; open          ; open            ; open  ; 0 V                 ; -                  ; n/a           ; n/a             ; n/a         ;
; LEDR[6]       ; 2.5 V        ; 0 in              ; 0 H/in                  ; 0 F/in                  ; short         ; -                   ; open           ; open             ; open   ; 0 in             ; 0 H/in                 ; 0 F/in                 ; short        ; open          ; open            ; open  ; 0 V                 ; -                  ; n/a           ; n/a             ; n/a         ;
; LEDR[7]       ; 2.5 V        ; 0 in              ; 0 H/in                  ; 0 F/in                  ; short         ; -                   ; open           ; open             ; open   ; 0 in             ; 0 H/in                 ; 0 F/in                 ; short        ; open          ; open            ; open  ; 0 V                 ; -                  ; n/a           ; n/a             ; n/a         ;
; LEDR[8]       ; 2.5 V        ; 0 in              ; 0 H/in                  ; 0 F/in                  ; short         ; -                   ; open           ; open             ; open   ; 0 in             ; 0 H/in                 ; 0 F/in                 ; short        ; open          ; open            ; open  ; 0 V                 ; -                  ; n/a           ; n/a             ; n/a         ;
; LEDR[9]       ; 2.5 V        ; 0 in              ; 0 H/in                  ; 0 F/in                  ; short         ; -                   ; open           ; open             ; open   ; 0 in             ; 0 H/in                 ; 0 F/in                 ; short        ; open          ; open            ; open  ; 0 V                 ; -                  ; n/a           ; n/a             ; n/a         ;
; ~ALTERA_DCLK~ ; 2.5 V        ; 0 in              ; 0 H/in                  ; 0 F/in                  ; short         ; -                   ; open           ; open             ; open   ; 0 in             ; 0 H/in                 ; 0 F/in                 ; short        ; open          ; open            ; open  ; 0 V                 ; -                  ; n/a           ; n/a             ; n/a         ;
; ~ALTERA_nCEO~ ; 2.5 V        ; 0 in              ; 0 H/in                  ; 0 F/in                  ; short         ; -                   ; open           ; open             ; open   ; 0 in             ; 0 H/in                 ; 0 F/in                 ; short        ; open          ; open            ; open  ; 0 V                 ; -                  ; n/a           ; n/a             ; n/a         ;
+---------------+--------------+-------------------+-------------------------+-------------------------+---------------+---------------------+----------------+------------------+--------+------------------+------------------------+------------------------+--------------+---------------+-----------------+-------+---------------------+--------------------+---------------+-----------------+-------------+


+----------------------------------------------------------------------------+
; Input Transition Times                                                     ;
+-------------------------+--------------+-----------------+-----------------+
; Pin                     ; I/O Standard ; 10-90 Rise Time ; 90-10 Fall Time ;
+-------------------------+--------------+-----------------+-----------------+
; KEY[2]                  ; 2.5 V        ; 2000 ps         ; 2000 ps         ;
; KEY[3]                  ; 2.5 V        ; 2000 ps         ; 2000 ps         ;
; CLOCK_50                ; 2.5 V        ; 2000 ps         ; 2000 ps         ;
; SW[1]                   ; 2.5 V        ; 2000 ps         ; 2000 ps         ;
; SW[0]                   ; 2.5 V        ; 2000 ps         ; 2000 ps         ;
; SW[17]                  ; 2.5 V        ; 2000 ps         ; 2000 ps         ;
; SW[16]                  ; 2.5 V        ; 2000 ps         ; 2000 ps         ;
; SW[15]                  ; 2.5 V        ; 2000 ps         ; 2000 ps         ;
; SW[14]                  ; 2.5 V        ; 2000 ps         ; 2000 ps         ;
; SW[13]                  ; 2.5 V        ; 2000 ps         ; 2000 ps         ;
; SW[12]                  ; 2.5 V        ; 2000 ps         ; 2000 ps         ;
; SW[11]                  ; 2.5 V        ; 2000 ps         ; 2000 ps         ;
; SW[10]                  ; 2.5 V        ; 2000 ps         ; 2000 ps         ;
; SW[9]                   ; 2.5 V        ; 2000 ps         ; 2000 ps         ;
; SW[8]                   ; 2.5 V        ; 2000 ps         ; 2000 ps         ;
; SW[7]                   ; 2.5 V        ; 2000 ps         ; 2000 ps         ;
; SW[6]                   ; 2.5 V        ; 2000 ps         ; 2000 ps         ;
; SW[5]                   ; 2.5 V        ; 2000 ps         ; 2000 ps         ;
; SW[4]                   ; 2.5 V        ; 2000 ps         ; 2000 ps         ;
; SW[3]                   ; 2.5 V        ; 2000 ps         ; 2000 ps         ;
; SW[2]                   ; 2.5 V        ; 2000 ps         ; 2000 ps         ;
; KEY[1]                  ; 2.5 V        ; 2000 ps         ; 2000 ps         ;
; KEY[0]                  ; 2.5 V        ; 2000 ps         ; 2000 ps         ;
; ~ALTERA_ASDO_DATA1~     ; 2.5 V        ; 2000 ps         ; 2000 ps         ;
; ~ALTERA_FLASH_nCE_nCSO~ ; 2.5 V        ; 2000 ps         ; 2000 ps         ;
; ~ALTERA_DATA0~          ; 2.5 V        ; 2000 ps         ; 2000 ps         ;
+-------------------------+--------------+-----------------+-----------------+


+--------------------------------------------------------------------------------------------------------------------------------------------------------------------------------------------------------------------------------------------------------------------------------------------------------------------------------------------------------------------------------------------------------------------------------------------------------------------------------------------------------------------------------------------------------------------------------------------------------------------------------------------------------------------------------------------+
; Signal Integrity Metrics (Slow 1200mv 0c Model)                                                                                                                                                                                                                                                                                                                                                                                                                                                                                                                                                                                                                                            ;
+---------------+--------------+---------------------+---------------------+------------------------------+------------------------------+---------------------+---------------------+--------------------------------------+--------------------------------------+-----------------------------+-----------------------------+----------------------------+----------------------------+-----------------------------+-----------------------------+--------------------+--------------------+-------------------------------------+-------------------------------------+----------------------------+----------------------------+---------------------------+---------------------------+
; Pin           ; I/O Standard ; Board Delay on Rise ; Board Delay on Fall ; Steady State Voh at FPGA Pin ; Steady State Vol at FPGA Pin ; Voh Max at FPGA Pin ; Vol Min at FPGA Pin ; Ringback Voltage on Rise at FPGA Pin ; Ringback Voltage on Fall at FPGA Pin ; 10-90 Rise Time at FPGA Pin ; 90-10 Fall Time at FPGA Pin ; Monotonic Rise at FPGA Pin ; Monotonic Fall at FPGA Pin ; Steady State Voh at Far-end ; Steady State Vol at Far-end ; Voh Max at Far-end ; Vol Min at Far-end ; Ringback Voltage on Rise at Far-end ; Ringback Voltage on Fall at Far-end ; 10-90 Rise Time at Far-end ; 90-10 Fall Time at Far-end ; Monotonic Rise at Far-end ; Monotonic Fall at Far-end ;
+---------------+--------------+---------------------+---------------------+------------------------------+------------------------------+---------------------+---------------------+--------------------------------------+--------------------------------------+-----------------------------+-----------------------------+----------------------------+----------------------------+-----------------------------+-----------------------------+--------------------+--------------------+-------------------------------------+-------------------------------------+----------------------------+----------------------------+---------------------------+---------------------------+
; HEX0[0]       ; 2.5 V        ; 0 s                 ; 0 s                 ; 2.32 V                       ; 4.49e-09 V                   ; 2.38 V              ; -0.00552 V          ; 0.096 V                              ; 0.019 V                              ; 4.18e-10 s                  ; 3.59e-10 s                  ; No                         ; Yes                        ; 2.32 V                      ; 4.49e-09 V                  ; 2.38 V             ; -0.00552 V         ; 0.096 V                             ; 0.019 V                             ; 4.18e-10 s                 ; 3.59e-10 s                 ; No                        ; Yes                       ;
; HEX0[1]       ; 2.5 V        ; 0 s                 ; 0 s                 ; 2.32 V                       ; 4.49e-09 V                   ; 2.33 V              ; -0.00467 V          ; 0.226 V                              ; 0.087 V                              ; 2.91e-09 s                  ; 2.74e-09 s                  ; Yes                        ; Yes                        ; 2.32 V                      ; 4.49e-09 V                  ; 2.33 V             ; -0.00467 V         ; 0.226 V                             ; 0.087 V                             ; 2.91e-09 s                 ; 2.74e-09 s                 ; Yes                       ; Yes                       ;
; HEX0[2]       ; 2.5 V        ; 0 s                 ; 0 s                 ; 2.32 V                       ; 4.49e-09 V                   ; 2.38 V              ; -0.00552 V          ; 0.096 V                              ; 0.019 V                              ; 4.18e-10 s                  ; 3.59e-10 s                  ; No                         ; Yes                        ; 2.32 V                      ; 4.49e-09 V                  ; 2.38 V             ; -0.00552 V         ; 0.096 V                             ; 0.019 V                             ; 4.18e-10 s                 ; 3.59e-10 s                 ; No                        ; Yes                       ;
; HEX0[3]       ; 2.5 V        ; 0 s                 ; 0 s                 ; 2.32 V                       ; 3.07e-09 V                   ; 2.38 V              ; -0.0144 V           ; 0.227 V                              ; 0.024 V                              ; 3.14e-10 s                  ; 3.39e-10 s                  ; Yes                        ; Yes                        ; 2.32 V                      ; 3.07e-09 V                  ; 2.38 V             ; -0.0144 V          ; 0.227 V                             ; 0.024 V                             ; 3.14e-10 s                 ; 3.39e-10 s                 ; Yes                       ; Yes                       ;
; HEX0[4]       ; 2.5 V        ; 0 s                 ; 0 s                 ; 2.32 V                       ; 3.07e-09 V                   ; 2.38 V              ; -0.0144 V           ; 0.227 V                              ; 0.024 V                              ; 3.14e-10 s                  ; 3.39e-10 s                  ; Yes                        ; Yes                        ; 2.32 V                      ; 3.07e-09 V                  ; 2.38 V             ; -0.0144 V          ; 0.227 V                             ; 0.024 V                             ; 3.14e-10 s                 ; 3.39e-10 s                 ; Yes                       ; Yes                       ;
; HEX0[5]       ; 2.5 V        ; 0 s                 ; 0 s                 ; 2.32 V                       ; 3.07e-09 V                   ; 2.33 V              ; -0.00496 V          ; 0.223 V                              ; 0.086 V                              ; 2.9e-09 s                   ; 2.73e-09 s                  ; Yes                        ; Yes                        ; 2.32 V                      ; 3.07e-09 V                  ; 2.33 V             ; -0.00496 V         ; 0.223 V                             ; 0.086 V                             ; 2.9e-09 s                  ; 2.73e-09 s                 ; Yes                       ; Yes                       ;
; HEX0[6]       ; 2.5 V        ; 0 s                 ; 0 s                 ; 2.32 V                       ; 3.07e-09 V                   ; 2.38 V              ; -0.0144 V           ; 0.227 V                              ; 0.024 V                              ; 3.14e-10 s                  ; 3.39e-10 s                  ; Yes                        ; Yes                        ; 2.32 V                      ; 3.07e-09 V                  ; 2.38 V             ; -0.0144 V          ; 0.227 V                             ; 0.024 V                             ; 3.14e-10 s                 ; 3.39e-10 s                 ; Yes                       ; Yes                       ;
; HEX1[0]       ; 2.5 V        ; 0 s                 ; 0 s                 ; 2.32 V                       ; 3.07e-09 V                   ; 2.38 V              ; -0.0144 V           ; 0.227 V                              ; 0.024 V                              ; 3.14e-10 s                  ; 3.39e-10 s                  ; Yes                        ; Yes                        ; 2.32 V                      ; 3.07e-09 V                  ; 2.38 V             ; -0.0144 V          ; 0.227 V                             ; 0.024 V                             ; 3.14e-10 s                 ; 3.39e-10 s                 ; Yes                       ; Yes                       ;
; HEX1[1]       ; 2.5 V        ; 0 s                 ; 0 s                 ; 2.32 V                       ; 3.07e-09 V                   ; 2.37 V              ; -0.00994 V          ; 0.186 V                              ; 0.028 V                              ; 4.98e-10 s                  ; 4.96e-10 s                  ; Yes                        ; Yes                        ; 2.32 V                      ; 3.07e-09 V                  ; 2.37 V             ; -0.00994 V         ; 0.186 V                             ; 0.028 V                             ; 4.98e-10 s                 ; 4.96e-10 s                 ; Yes                       ; Yes                       ;
; HEX1[2]       ; 2.5 V        ; 0 s                 ; 0 s                 ; 2.32 V                       ; 3.07e-09 V                   ; 2.37 V              ; -0.00994 V          ; 0.186 V                              ; 0.028 V                              ; 4.98e-10 s                  ; 4.96e-10 s                  ; Yes                        ; Yes                        ; 2.32 V                      ; 3.07e-09 V                  ; 2.37 V             ; -0.00994 V         ; 0.186 V                             ; 0.028 V                             ; 4.98e-10 s                 ; 4.96e-10 s                 ; Yes                       ; Yes                       ;
; HEX1[3]       ; 2.5 V        ; 0 s                 ; 0 s                 ; 2.32 V                       ; 3.07e-09 V                   ; 2.37 V              ; -0.00994 V          ; 0.186 V                              ; 0.028 V                              ; 4.98e-10 s                  ; 4.96e-10 s                  ; Yes                        ; Yes                        ; 2.32 V                      ; 3.07e-09 V                  ; 2.37 V             ; -0.00994 V         ; 0.186 V                             ; 0.028 V                             ; 4.98e-10 s                 ; 4.96e-10 s                 ; Yes                       ; Yes                       ;
; HEX1[4]       ; 2.5 V        ; 0 s                 ; 0 s                 ; 2.32 V                       ; 3.07e-09 V                   ; 2.37 V              ; -0.00994 V          ; 0.186 V                              ; 0.028 V                              ; 4.98e-10 s                  ; 4.96e-10 s                  ; Yes                        ; Yes                        ; 2.32 V                      ; 3.07e-09 V                  ; 2.37 V             ; -0.00994 V         ; 0.186 V                             ; 0.028 V                             ; 4.98e-10 s                 ; 4.96e-10 s                 ; Yes                       ; Yes                       ;
; HEX1[5]       ; 2.5 V        ; 0 s                 ; 0 s                 ; 2.32 V                       ; 3.07e-09 V                   ; 2.33 V              ; -0.00496 V          ; 0.223 V                              ; 0.086 V                              ; 2.9e-09 s                   ; 2.73e-09 s                  ; Yes                        ; Yes                        ; 2.32 V                      ; 3.07e-09 V                  ; 2.33 V             ; -0.00496 V         ; 0.223 V                             ; 0.086 V                             ; 2.9e-09 s                  ; 2.73e-09 s                 ; Yes                       ; Yes                       ;
; HEX1[6]       ; 2.5 V        ; 0 s                 ; 0 s                 ; 2.32 V                       ; 3.07e-09 V                   ; 2.33 V              ; -0.00496 V          ; 0.223 V                              ; 0.086 V                              ; 2.9e-09 s                   ; 2.73e-09 s                  ; Yes                        ; Yes                        ; 2.32 V                      ; 3.07e-09 V                  ; 2.33 V             ; -0.00496 V         ; 0.223 V                             ; 0.086 V                             ; 2.9e-09 s                  ; 2.73e-09 s                 ; Yes                       ; Yes                       ;
; HEX2[0]       ; 2.5 V        ; 0 s                 ; 0 s                 ; 2.32 V                       ; 3.07e-09 V                   ; 2.37 V              ; -0.00994 V          ; 0.186 V                              ; 0.028 V                              ; 4.98e-10 s                  ; 4.96e-10 s                  ; Yes                        ; Yes                        ; 2.32 V                      ; 3.07e-09 V                  ; 2.37 V             ; -0.00994 V         ; 0.186 V                             ; 0.028 V                             ; 4.98e-10 s                 ; 4.96e-10 s                 ; Yes                       ; Yes                       ;
; HEX2[1]       ; 2.5 V        ; 0 s                 ; 0 s                 ; 2.32 V                       ; 3.07e-09 V                   ; 2.37 V              ; -0.00994 V          ; 0.186 V                              ; 0.028 V                              ; 4.98e-10 s                  ; 4.96e-10 s                  ; Yes                        ; Yes                        ; 2.32 V                      ; 3.07e-09 V                  ; 2.37 V             ; -0.00994 V         ; 0.186 V                             ; 0.028 V                             ; 4.98e-10 s                 ; 4.96e-10 s                 ; Yes                       ; Yes                       ;
; HEX2[2]       ; 2.5 V        ; 0 s                 ; 0 s                 ; 2.32 V                       ; 3.07e-09 V                   ; 2.37 V              ; -0.00994 V          ; 0.186 V                              ; 0.028 V                              ; 4.98e-10 s                  ; 4.96e-10 s                  ; Yes                        ; Yes                        ; 2.32 V                      ; 3.07e-09 V                  ; 2.37 V             ; -0.00994 V         ; 0.186 V                             ; 0.028 V                             ; 4.98e-10 s                 ; 4.96e-10 s                 ; Yes                       ; Yes                       ;
; HEX2[3]       ; 2.5 V        ; 0 s                 ; 0 s                 ; 2.32 V                       ; 3.07e-09 V                   ; 2.37 V              ; -0.00994 V          ; 0.186 V                              ; 0.028 V                              ; 4.98e-10 s                  ; 4.96e-10 s                  ; Yes                        ; Yes                        ; 2.32 V                      ; 3.07e-09 V                  ; 2.37 V             ; -0.00994 V         ; 0.186 V                             ; 0.028 V                             ; 4.98e-10 s                 ; 4.96e-10 s                 ; Yes                       ; Yes                       ;
; HEX2[4]       ; 2.5 V        ; 0 s                 ; 0 s                 ; 2.32 V                       ; 3.07e-09 V                   ; 2.37 V              ; -0.00994 V          ; 0.186 V                              ; 0.028 V                              ; 4.98e-10 s                  ; 4.96e-10 s                  ; Yes                        ; Yes                        ; 2.32 V                      ; 3.07e-09 V                  ; 2.37 V             ; -0.00994 V         ; 0.186 V                             ; 0.028 V                             ; 4.98e-10 s                 ; 4.96e-10 s                 ; Yes                       ; Yes                       ;
; HEX2[5]       ; 2.5 V        ; 0 s                 ; 0 s                 ; 2.32 V                       ; 3.07e-09 V                   ; 2.37 V              ; -0.00994 V          ; 0.186 V                              ; 0.028 V                              ; 4.98e-10 s                  ; 4.96e-10 s                  ; Yes                        ; Yes                        ; 2.32 V                      ; 3.07e-09 V                  ; 2.37 V             ; -0.00994 V         ; 0.186 V                             ; 0.028 V                             ; 4.98e-10 s                 ; 4.96e-10 s                 ; Yes                       ; Yes                       ;
; HEX2[6]       ; 2.5 V        ; 0 s                 ; 0 s                 ; 2.32 V                       ; 3.07e-09 V                   ; 2.37 V              ; -0.00994 V          ; 0.186 V                              ; 0.028 V                              ; 4.98e-10 s                  ; 4.96e-10 s                  ; Yes                        ; Yes                        ; 2.32 V                      ; 3.07e-09 V                  ; 2.37 V             ; -0.00994 V         ; 0.186 V                             ; 0.028 V                             ; 4.98e-10 s                 ; 4.96e-10 s                 ; Yes                       ; Yes                       ;
; HEX3[0]       ; 2.5 V        ; 0 s                 ; 0 s                 ; 2.32 V                       ; 3.07e-09 V                   ; 2.37 V              ; -0.00994 V          ; 0.186 V                              ; 0.028 V                              ; 4.98e-10 s                  ; 4.96e-10 s                  ; Yes                        ; Yes                        ; 2.32 V                      ; 3.07e-09 V                  ; 2.37 V             ; -0.00994 V         ; 0.186 V                             ; 0.028 V                             ; 4.98e-10 s                 ; 4.96e-10 s                 ; Yes                       ; Yes                       ;
; HEX3[1]       ; 2.5 V        ; 0 s                 ; 0 s                 ; 2.32 V                       ; 3.07e-09 V                   ; 2.38 V              ; -0.0144 V           ; 0.227 V                              ; 0.024 V                              ; 3.14e-10 s                  ; 3.39e-10 s                  ; Yes                        ; Yes                        ; 2.32 V                      ; 3.07e-09 V                  ; 2.38 V             ; -0.0144 V          ; 0.227 V                             ; 0.024 V                             ; 3.14e-10 s                 ; 3.39e-10 s                 ; Yes                       ; Yes                       ;
; HEX3[2]       ; 2.5 V        ; 0 s                 ; 0 s                 ; 2.32 V                       ; 4.49e-09 V                   ; 2.33 V              ; -0.00467 V          ; 0.226 V                              ; 0.087 V                              ; 2.91e-09 s                  ; 2.74e-09 s                  ; Yes                        ; Yes                        ; 2.32 V                      ; 4.49e-09 V                  ; 2.33 V             ; -0.00467 V         ; 0.226 V                             ; 0.087 V                             ; 2.91e-09 s                 ; 2.74e-09 s                 ; Yes                       ; Yes                       ;
; HEX3[3]       ; 2.5 V        ; 0 s                 ; 0 s                 ; 2.32 V                       ; 4.49e-09 V                   ; 2.38 V              ; -0.00552 V          ; 0.096 V                              ; 0.019 V                              ; 4.18e-10 s                  ; 3.59e-10 s                  ; No                         ; Yes                        ; 2.32 V                      ; 4.49e-09 V                  ; 2.38 V             ; -0.00552 V         ; 0.096 V                             ; 0.019 V                             ; 4.18e-10 s                 ; 3.59e-10 s                 ; No                        ; Yes                       ;
; HEX3[4]       ; 2.5 V        ; 0 s                 ; 0 s                 ; 2.32 V                       ; 4.49e-09 V                   ; 2.38 V              ; -0.00552 V          ; 0.096 V                              ; 0.019 V                              ; 4.18e-10 s                  ; 3.59e-10 s                  ; No                         ; Yes                        ; 2.32 V                      ; 4.49e-09 V                  ; 2.38 V             ; -0.00552 V         ; 0.096 V                             ; 0.019 V                             ; 4.18e-10 s                 ; 3.59e-10 s                 ; No                        ; Yes                       ;
; HEX3[5]       ; 2.5 V        ; 0 s                 ; 0 s                 ; 2.32 V                       ; 4.49e-09 V                   ; 2.38 V              ; -0.00552 V          ; 0.096 V                              ; 0.019 V                              ; 4.18e-10 s                  ; 3.59e-10 s                  ; No                         ; Yes                        ; 2.32 V                      ; 4.49e-09 V                  ; 2.38 V             ; -0.00552 V         ; 0.096 V                             ; 0.019 V                             ; 4.18e-10 s                 ; 3.59e-10 s                 ; No                        ; Yes                       ;
; HEX3[6]       ; 2.5 V        ; 0 s                 ; 0 s                 ; 2.32 V                       ; 4.49e-09 V                   ; 2.38 V              ; -0.00552 V          ; 0.096 V                              ; 0.019 V                              ; 4.18e-10 s                  ; 3.59e-10 s                  ; No                         ; Yes                        ; 2.32 V                      ; 4.49e-09 V                  ; 2.38 V             ; -0.00552 V         ; 0.096 V                             ; 0.019 V                             ; 4.18e-10 s                 ; 3.59e-10 s                 ; No                        ; Yes                       ;
; HEX4[0]       ; 2.5 V        ; 0 s                 ; 0 s                 ; 2.32 V                       ; 4.49e-09 V                   ; 2.38 V              ; -0.00552 V          ; 0.096 V                              ; 0.019 V                              ; 4.18e-10 s                  ; 3.59e-10 s                  ; No                         ; Yes                        ; 2.32 V                      ; 4.49e-09 V                  ; 2.38 V             ; -0.00552 V         ; 0.096 V                             ; 0.019 V                             ; 4.18e-10 s                 ; 3.59e-10 s                 ; No                        ; Yes                       ;
; HEX4[1]       ; 2.5 V        ; 0 s                 ; 0 s                 ; 2.32 V                       ; 4.49e-09 V                   ; 2.38 V              ; -0.00552 V          ; 0.096 V                              ; 0.019 V                              ; 4.18e-10 s                  ; 3.59e-10 s                  ; No                         ; Yes                        ; 2.32 V                      ; 4.49e-09 V                  ; 2.38 V             ; -0.00552 V         ; 0.096 V                             ; 0.019 V                             ; 4.18e-10 s                 ; 3.59e-10 s                 ; No                        ; Yes                       ;
; HEX4[2]       ; 2.5 V        ; 0 s                 ; 0 s                 ; 2.32 V                       ; 4.49e-09 V                   ; 2.38 V              ; -0.00552 V          ; 0.096 V                              ; 0.019 V                              ; 4.18e-10 s                  ; 3.59e-10 s                  ; No                         ; Yes                        ; 2.32 V                      ; 4.49e-09 V                  ; 2.38 V             ; -0.00552 V         ; 0.096 V                             ; 0.019 V                             ; 4.18e-10 s                 ; 3.59e-10 s                 ; No                        ; Yes                       ;
; HEX4[3]       ; 2.5 V        ; 0 s                 ; 0 s                 ; 2.32 V                       ; 4.49e-09 V                   ; 2.38 V              ; -0.00552 V          ; 0.096 V                              ; 0.019 V                              ; 4.18e-10 s                  ; 3.59e-10 s                  ; No                         ; Yes                        ; 2.32 V                      ; 4.49e-09 V                  ; 2.38 V             ; -0.00552 V         ; 0.096 V                             ; 0.019 V                             ; 4.18e-10 s                 ; 3.59e-10 s                 ; No                        ; Yes                       ;
; HEX4[4]       ; 2.5 V        ; 0 s                 ; 0 s                 ; 2.32 V                       ; 4.49e-09 V                   ; 2.38 V              ; -0.00552 V          ; 0.096 V                              ; 0.019 V                              ; 4.18e-10 s                  ; 3.59e-10 s                  ; No                         ; Yes                        ; 2.32 V                      ; 4.49e-09 V                  ; 2.38 V             ; -0.00552 V         ; 0.096 V                             ; 0.019 V                             ; 4.18e-10 s                 ; 3.59e-10 s                 ; No                        ; Yes                       ;
; HEX4[5]       ; 2.5 V        ; 0 s                 ; 0 s                 ; 2.32 V                       ; 4.49e-09 V                   ; 2.38 V              ; -0.00552 V          ; 0.096 V                              ; 0.019 V                              ; 4.18e-10 s                  ; 3.59e-10 s                  ; No                         ; Yes                        ; 2.32 V                      ; 4.49e-09 V                  ; 2.38 V             ; -0.00552 V         ; 0.096 V                             ; 0.019 V                             ; 4.18e-10 s                 ; 3.59e-10 s                 ; No                        ; Yes                       ;
; HEX4[6]       ; 2.5 V        ; 0 s                 ; 0 s                 ; 2.32 V                       ; 4.49e-09 V                   ; 2.38 V              ; -0.00552 V          ; 0.096 V                              ; 0.019 V                              ; 4.18e-10 s                  ; 3.59e-10 s                  ; No                         ; Yes                        ; 2.32 V                      ; 4.49e-09 V                  ; 2.38 V             ; -0.00552 V         ; 0.096 V                             ; 0.019 V                             ; 4.18e-10 s                 ; 3.59e-10 s                 ; No                        ; Yes                       ;
; HEX5[0]       ; 2.5 V        ; 0 s                 ; 0 s                 ; 2.32 V                       ; 4.49e-09 V                   ; 2.38 V              ; -0.00552 V          ; 0.096 V                              ; 0.019 V                              ; 4.18e-10 s                  ; 3.59e-10 s                  ; No                         ; Yes                        ; 2.32 V                      ; 4.49e-09 V                  ; 2.38 V             ; -0.00552 V         ; 0.096 V                             ; 0.019 V                             ; 4.18e-10 s                 ; 3.59e-10 s                 ; No                        ; Yes                       ;
; HEX5[1]       ; 2.5 V        ; 0 s                 ; 0 s                 ; 2.32 V                       ; 4.49e-09 V                   ; 2.33 V              ; -0.00467 V          ; 0.226 V                              ; 0.087 V                              ; 2.91e-09 s                  ; 2.74e-09 s                  ; Yes                        ; Yes                        ; 2.32 V                      ; 4.49e-09 V                  ; 2.33 V             ; -0.00467 V         ; 0.226 V                             ; 0.087 V                             ; 2.91e-09 s                 ; 2.74e-09 s                 ; Yes                       ; Yes                       ;
; HEX5[2]       ; 2.5 V        ; 0 s                 ; 0 s                 ; 2.32 V                       ; 4.49e-09 V                   ; 2.38 V              ; -0.00552 V          ; 0.096 V                              ; 0.019 V                              ; 4.18e-10 s                  ; 3.59e-10 s                  ; No                         ; Yes                        ; 2.32 V                      ; 4.49e-09 V                  ; 2.38 V             ; -0.00552 V         ; 0.096 V                             ; 0.019 V                             ; 4.18e-10 s                 ; 3.59e-10 s                 ; No                        ; Yes                       ;
; HEX5[3]       ; 2.5 V        ; 0 s                 ; 0 s                 ; 2.32 V                       ; 4.49e-09 V                   ; 2.38 V              ; -0.00552 V          ; 0.096 V                              ; 0.019 V                              ; 4.18e-10 s                  ; 3.59e-10 s                  ; No                         ; Yes                        ; 2.32 V                      ; 4.49e-09 V                  ; 2.38 V             ; -0.00552 V         ; 0.096 V                             ; 0.019 V                             ; 4.18e-10 s                 ; 3.59e-10 s                 ; No                        ; Yes                       ;
; HEX5[4]       ; 2.5 V        ; 0 s                 ; 0 s                 ; 2.32 V                       ; 4.49e-09 V                   ; 2.38 V              ; -0.00552 V          ; 0.096 V                              ; 0.019 V                              ; 4.18e-10 s                  ; 3.59e-10 s                  ; No                         ; Yes                        ; 2.32 V                      ; 4.49e-09 V                  ; 2.38 V             ; -0.00552 V         ; 0.096 V                             ; 0.019 V                             ; 4.18e-10 s                 ; 3.59e-10 s                 ; No                        ; Yes                       ;
; HEX5[5]       ; 2.5 V        ; 0 s                 ; 0 s                 ; 2.32 V                       ; 4.49e-09 V                   ; 2.38 V              ; -0.00552 V          ; 0.096 V                              ; 0.019 V                              ; 4.18e-10 s                  ; 3.59e-10 s                  ; No                         ; Yes                        ; 2.32 V                      ; 4.49e-09 V                  ; 2.38 V             ; -0.00552 V         ; 0.096 V                             ; 0.019 V                             ; 4.18e-10 s                 ; 3.59e-10 s                 ; No                        ; Yes                       ;
; HEX5[6]       ; 2.5 V        ; 0 s                 ; 0 s                 ; 2.32 V                       ; 4.49e-09 V                   ; 2.38 V              ; -0.00552 V          ; 0.096 V                              ; 0.019 V                              ; 4.18e-10 s                  ; 3.59e-10 s                  ; No                         ; Yes                        ; 2.32 V                      ; 4.49e-09 V                  ; 2.38 V             ; -0.00552 V         ; 0.096 V                             ; 0.019 V                             ; 4.18e-10 s                 ; 3.59e-10 s                 ; No                        ; Yes                       ;
; HEX6[0]       ; 2.5 V        ; 0 s                 ; 0 s                 ; 2.32 V                       ; 4.49e-09 V                   ; 2.38 V              ; -0.00552 V          ; 0.096 V                              ; 0.019 V                              ; 4.18e-10 s                  ; 3.59e-10 s                  ; No                         ; Yes                        ; 2.32 V                      ; 4.49e-09 V                  ; 2.38 V             ; -0.00552 V         ; 0.096 V                             ; 0.019 V                             ; 4.18e-10 s                 ; 3.59e-10 s                 ; No                        ; Yes                       ;
; HEX6[1]       ; 2.5 V        ; 0 s                 ; 0 s                 ; 2.32 V                       ; 4.49e-09 V                   ; 2.38 V              ; -0.00552 V          ; 0.096 V                              ; 0.019 V                              ; 4.18e-10 s                  ; 3.59e-10 s                  ; No                         ; Yes                        ; 2.32 V                      ; 4.49e-09 V                  ; 2.38 V             ; -0.00552 V         ; 0.096 V                             ; 0.019 V                             ; 4.18e-10 s                 ; 3.59e-10 s                 ; No                        ; Yes                       ;
; HEX6[2]       ; 2.5 V        ; 0 s                 ; 0 s                 ; 2.32 V                       ; 4.49e-09 V                   ; 2.38 V              ; -0.00552 V          ; 0.096 V                              ; 0.019 V                              ; 4.18e-10 s                  ; 3.59e-10 s                  ; No                         ; Yes                        ; 2.32 V                      ; 4.49e-09 V                  ; 2.38 V             ; -0.00552 V         ; 0.096 V                             ; 0.019 V                             ; 4.18e-10 s                 ; 3.59e-10 s                 ; No                        ; Yes                       ;
; HEX6[3]       ; 2.5 V        ; 0 s                 ; 0 s                 ; 2.32 V                       ; 4.49e-09 V                   ; 2.38 V              ; -0.00552 V          ; 0.096 V                              ; 0.019 V                              ; 4.18e-10 s                  ; 3.59e-10 s                  ; No                         ; Yes                        ; 2.32 V                      ; 4.49e-09 V                  ; 2.38 V             ; -0.00552 V         ; 0.096 V                             ; 0.019 V                             ; 4.18e-10 s                 ; 3.59e-10 s                 ; No                        ; Yes                       ;
; HEX6[4]       ; 2.5 V        ; 0 s                 ; 0 s                 ; 2.32 V                       ; 4.49e-09 V                   ; 2.38 V              ; -0.00552 V          ; 0.096 V                              ; 0.019 V                              ; 4.18e-10 s                  ; 3.59e-10 s                  ; No                         ; Yes                        ; 2.32 V                      ; 4.49e-09 V                  ; 2.38 V             ; -0.00552 V         ; 0.096 V                             ; 0.019 V                             ; 4.18e-10 s                 ; 3.59e-10 s                 ; No                        ; Yes                       ;
; HEX6[5]       ; 2.5 V        ; 0 s                 ; 0 s                 ; 2.32 V                       ; 4.49e-09 V                   ; 2.33 V              ; -0.00467 V          ; 0.226 V                              ; 0.087 V                              ; 2.91e-09 s                  ; 2.74e-09 s                  ; Yes                        ; Yes                        ; 2.32 V                      ; 4.49e-09 V                  ; 2.33 V             ; -0.00467 V         ; 0.226 V                             ; 0.087 V                             ; 2.91e-09 s                 ; 2.74e-09 s                 ; Yes                       ; Yes                       ;
; HEX6[6]       ; 2.5 V        ; 0 s                 ; 0 s                 ; 2.32 V                       ; 4.49e-09 V                   ; 2.38 V              ; -0.00552 V          ; 0.096 V                              ; 0.019 V                              ; 4.18e-10 s                  ; 3.59e-10 s                  ; No                         ; Yes                        ; 2.32 V                      ; 4.49e-09 V                  ; 2.38 V             ; -0.00552 V         ; 0.096 V                             ; 0.019 V                             ; 4.18e-10 s                 ; 3.59e-10 s                 ; No                        ; Yes                       ;
; HEX7[0]       ; 2.5 V        ; 0 s                 ; 0 s                 ; 2.32 V                       ; 4.49e-09 V                   ; 2.38 V              ; -0.00552 V          ; 0.096 V                              ; 0.019 V                              ; 4.18e-10 s                  ; 3.59e-10 s                  ; No                         ; Yes                        ; 2.32 V                      ; 4.49e-09 V                  ; 2.38 V             ; -0.00552 V         ; 0.096 V                             ; 0.019 V                             ; 4.18e-10 s                 ; 3.59e-10 s                 ; No                        ; Yes                       ;
; HEX7[1]       ; 2.5 V        ; 0 s                 ; 0 s                 ; 2.32 V                       ; 4.49e-09 V                   ; 2.38 V              ; -0.00552 V          ; 0.096 V                              ; 0.019 V                              ; 4.18e-10 s                  ; 3.59e-10 s                  ; No                         ; Yes                        ; 2.32 V                      ; 4.49e-09 V                  ; 2.38 V             ; -0.00552 V         ; 0.096 V                             ; 0.019 V                             ; 4.18e-10 s                 ; 3.59e-10 s                 ; No                        ; Yes                       ;
; HEX7[2]       ; 2.5 V        ; 0 s                 ; 0 s                 ; 2.32 V                       ; 4.49e-09 V                   ; 2.38 V              ; -0.00552 V          ; 0.096 V                              ; 0.019 V                              ; 4.18e-10 s                  ; 3.59e-10 s                  ; No                         ; Yes                        ; 2.32 V                      ; 4.49e-09 V                  ; 2.38 V             ; -0.00552 V         ; 0.096 V                             ; 0.019 V                             ; 4.18e-10 s                 ; 3.59e-10 s                 ; No                        ; Yes                       ;
; HEX7[3]       ; 2.5 V        ; 0 s                 ; 0 s                 ; 2.32 V                       ; 4.49e-09 V                   ; 2.38 V              ; -0.00552 V          ; 0.096 V                              ; 0.019 V                              ; 4.18e-10 s                  ; 3.59e-10 s                  ; No                         ; Yes                        ; 2.32 V                      ; 4.49e-09 V                  ; 2.38 V             ; -0.00552 V         ; 0.096 V                             ; 0.019 V                             ; 4.18e-10 s                 ; 3.59e-10 s                 ; No                        ; Yes                       ;
; HEX7[4]       ; 2.5 V        ; 0 s                 ; 0 s                 ; 2.32 V                       ; 4.49e-09 V                   ; 2.38 V              ; -0.00552 V          ; 0.096 V                              ; 0.019 V                              ; 4.18e-10 s                  ; 3.59e-10 s                  ; No                         ; Yes                        ; 2.32 V                      ; 4.49e-09 V                  ; 2.38 V             ; -0.00552 V         ; 0.096 V                             ; 0.019 V                             ; 4.18e-10 s                 ; 3.59e-10 s                 ; No                        ; Yes                       ;
; HEX7[5]       ; 2.5 V        ; 0 s                 ; 0 s                 ; 2.32 V                       ; 4.49e-09 V                   ; 2.38 V              ; -0.00552 V          ; 0.096 V                              ; 0.019 V                              ; 4.18e-10 s                  ; 3.59e-10 s                  ; No                         ; Yes                        ; 2.32 V                      ; 4.49e-09 V                  ; 2.38 V             ; -0.00552 V         ; 0.096 V                             ; 0.019 V                             ; 4.18e-10 s                 ; 3.59e-10 s                 ; No                        ; Yes                       ;
; HEX7[6]       ; 2.5 V        ; 0 s                 ; 0 s                 ; 2.32 V                       ; 4.49e-09 V                   ; 2.38 V              ; -0.00552 V          ; 0.096 V                              ; 0.019 V                              ; 4.18e-10 s                  ; 3.59e-10 s                  ; No                         ; Yes                        ; 2.32 V                      ; 4.49e-09 V                  ; 2.38 V             ; -0.00552 V         ; 0.096 V                             ; 0.019 V                             ; 4.18e-10 s                 ; 3.59e-10 s                 ; No                        ; Yes                       ;
; LEDR[0]       ; 2.5 V        ; 0 s                 ; 0 s                 ; 2.32 V                       ; 4.49e-09 V                   ; 2.38 V              ; -0.00552 V          ; 0.096 V                              ; 0.019 V                              ; 4.18e-10 s                  ; 3.59e-10 s                  ; No                         ; Yes                        ; 2.32 V                      ; 4.49e-09 V                  ; 2.38 V             ; -0.00552 V         ; 0.096 V                             ; 0.019 V                             ; 4.18e-10 s                 ; 3.59e-10 s                 ; No                        ; Yes                       ;
; LEDR[1]       ; 2.5 V        ; 0 s                 ; 0 s                 ; 2.32 V                       ; 4.49e-09 V                   ; 2.38 V              ; -0.00552 V          ; 0.096 V                              ; 0.019 V                              ; 4.18e-10 s                  ; 3.59e-10 s                  ; No                         ; Yes                        ; 2.32 V                      ; 4.49e-09 V                  ; 2.38 V             ; -0.00552 V         ; 0.096 V                             ; 0.019 V                             ; 4.18e-10 s                 ; 3.59e-10 s                 ; No                        ; Yes                       ;
; LEDR[2]       ; 2.5 V        ; 0 s                 ; 0 s                 ; 2.32 V                       ; 4.49e-09 V                   ; 2.38 V              ; -0.00552 V          ; 0.096 V                              ; 0.019 V                              ; 4.18e-10 s                  ; 3.59e-10 s                  ; No                         ; Yes                        ; 2.32 V                      ; 4.49e-09 V                  ; 2.38 V             ; -0.00552 V         ; 0.096 V                             ; 0.019 V                             ; 4.18e-10 s                 ; 3.59e-10 s                 ; No                        ; Yes                       ;
; LEDR[3]       ; 2.5 V        ; 0 s                 ; 0 s                 ; 2.32 V                       ; 4.49e-09 V                   ; 2.38 V              ; -0.00552 V          ; 0.096 V                              ; 0.019 V                              ; 4.18e-10 s                  ; 3.59e-10 s                  ; No                         ; Yes                        ; 2.32 V                      ; 4.49e-09 V                  ; 2.38 V             ; -0.00552 V         ; 0.096 V                             ; 0.019 V                             ; 4.18e-10 s                 ; 3.59e-10 s                 ; No                        ; Yes                       ;
; LEDR[4]       ; 2.5 V        ; 0 s                 ; 0 s                 ; 2.32 V                       ; 4.49e-09 V                   ; 2.38 V              ; -0.00552 V          ; 0.096 V                              ; 0.019 V                              ; 4.18e-10 s                  ; 3.59e-10 s                  ; No                         ; Yes                        ; 2.32 V                      ; 4.49e-09 V                  ; 2.38 V             ; -0.00552 V         ; 0.096 V                             ; 0.019 V                             ; 4.18e-10 s                 ; 3.59e-10 s                 ; No                        ; Yes                       ;
; LEDR[5]       ; 2.5 V        ; 0 s                 ; 0 s                 ; 2.32 V                       ; 4.49e-09 V                   ; 2.38 V              ; -0.00552 V          ; 0.096 V                              ; 0.019 V                              ; 4.18e-10 s                  ; 3.59e-10 s                  ; No                         ; Yes                        ; 2.32 V                      ; 4.49e-09 V                  ; 2.38 V             ; -0.00552 V         ; 0.096 V                             ; 0.019 V                             ; 4.18e-10 s                 ; 3.59e-10 s                 ; No                        ; Yes                       ;
; LEDR[6]       ; 2.5 V        ; 0 s                 ; 0 s                 ; 2.32 V                       ; 4.49e-09 V                   ; 2.38 V              ; -0.00552 V          ; 0.096 V                              ; 0.019 V                              ; 4.18e-10 s                  ; 3.59e-10 s                  ; No                         ; Yes                        ; 2.32 V                      ; 4.49e-09 V                  ; 2.38 V             ; -0.00552 V         ; 0.096 V                             ; 0.019 V                             ; 4.18e-10 s                 ; 3.59e-10 s                 ; No                        ; Yes                       ;
; LEDR[7]       ; 2.5 V        ; 0 s                 ; 0 s                 ; 2.32 V                       ; 4.49e-09 V                   ; 2.38 V              ; -0.00552 V          ; 0.096 V                              ; 0.019 V                              ; 4.18e-10 s                  ; 3.59e-10 s                  ; No                         ; Yes                        ; 2.32 V                      ; 4.49e-09 V                  ; 2.38 V             ; -0.00552 V         ; 0.096 V                             ; 0.019 V                             ; 4.18e-10 s                 ; 3.59e-10 s                 ; No                        ; Yes                       ;
; LEDR[8]       ; 2.5 V        ; 0 s                 ; 0 s                 ; 2.32 V                       ; 4.49e-09 V                   ; 2.38 V              ; -0.00552 V          ; 0.096 V                              ; 0.019 V                              ; 4.18e-10 s                  ; 3.59e-10 s                  ; No                         ; Yes                        ; 2.32 V                      ; 4.49e-09 V                  ; 2.38 V             ; -0.00552 V         ; 0.096 V                             ; 0.019 V                             ; 4.18e-10 s                 ; 3.59e-10 s                 ; No                        ; Yes                       ;
; LEDR[9]       ; 2.5 V        ; 0 s                 ; 0 s                 ; 2.32 V                       ; 4.49e-09 V                   ; 2.33 V              ; -0.00467 V          ; 0.226 V                              ; 0.087 V                              ; 2.91e-09 s                  ; 2.74e-09 s                  ; Yes                        ; Yes                        ; 2.32 V                      ; 4.49e-09 V                  ; 2.33 V             ; -0.00467 V         ; 0.226 V                             ; 0.087 V                             ; 2.91e-09 s                 ; 2.74e-09 s                 ; Yes                       ; Yes                       ;
; ~ALTERA_DCLK~ ; 2.5 V        ; 0 s                 ; 0 s                 ; 2.32 V                       ; 2.67e-09 V                   ; 2.38 V              ; -0.0485 V           ; 0.167 V                              ; 0.096 V                              ; 2.95e-10 s                  ; 2.73e-10 s                  ; Yes                        ; Yes                        ; 2.32 V                      ; 2.67e-09 V                  ; 2.38 V             ; -0.0485 V          ; 0.167 V                             ; 0.096 V                             ; 2.95e-10 s                 ; 2.73e-10 s                 ; Yes                       ; Yes                       ;
; ~ALTERA_nCEO~ ; 2.5 V        ; 0 s                 ; 0 s                 ; 2.32 V                       ; 4.18e-09 V                   ; 2.38 V              ; -0.00483 V          ; 0.152 V                              ; 0.012 V                              ; 4.81e-10 s                  ; 6.29e-10 s                  ; Yes                        ; Yes                        ; 2.32 V                      ; 4.18e-09 V                  ; 2.38 V             ; -0.00483 V         ; 0.152 V                             ; 0.012 V                             ; 4.81e-10 s                 ; 6.29e-10 s                 ; Yes                       ; Yes                       ;
+---------------+--------------+---------------------+---------------------+------------------------------+------------------------------+---------------------+---------------------+--------------------------------------+--------------------------------------+-----------------------------+-----------------------------+----------------------------+----------------------------+-----------------------------+-----------------------------+--------------------+--------------------+-------------------------------------+-------------------------------------+----------------------------+----------------------------+---------------------------+---------------------------+


+--------------------------------------------------------------------------------------------------------------------------------------------------------------------------------------------------------------------------------------------------------------------------------------------------------------------------------------------------------------------------------------------------------------------------------------------------------------------------------------------------------------------------------------------------------------------------------------------------------------------------------------------------------------------------------------------+
; Signal Integrity Metrics (Slow 1200mv 85c Model)                                                                                                                                                                                                                                                                                                                                                                                                                                                                                                                                                                                                                                           ;
+---------------+--------------+---------------------+---------------------+------------------------------+------------------------------+---------------------+---------------------+--------------------------------------+--------------------------------------+-----------------------------+-----------------------------+----------------------------+----------------------------+-----------------------------+-----------------------------+--------------------+--------------------+-------------------------------------+-------------------------------------+----------------------------+----------------------------+---------------------------+---------------------------+
; Pin           ; I/O Standard ; Board Delay on Rise ; Board Delay on Fall ; Steady State Voh at FPGA Pin ; Steady State Vol at FPGA Pin ; Voh Max at FPGA Pin ; Vol Min at FPGA Pin ; Ringback Voltage on Rise at FPGA Pin ; Ringback Voltage on Fall at FPGA Pin ; 10-90 Rise Time at FPGA Pin ; 90-10 Fall Time at FPGA Pin ; Monotonic Rise at FPGA Pin ; Monotonic Fall at FPGA Pin ; Steady State Voh at Far-end ; Steady State Vol at Far-end ; Voh Max at Far-end ; Vol Min at Far-end ; Ringback Voltage on Rise at Far-end ; Ringback Voltage on Fall at Far-end ; 10-90 Rise Time at Far-end ; 90-10 Fall Time at Far-end ; Monotonic Rise at Far-end ; Monotonic Fall at Far-end ;
+---------------+--------------+---------------------+---------------------+------------------------------+------------------------------+---------------------+---------------------+--------------------------------------+--------------------------------------+-----------------------------+-----------------------------+----------------------------+----------------------------+-----------------------------+-----------------------------+--------------------+--------------------+-------------------------------------+-------------------------------------+----------------------------+----------------------------+---------------------------+---------------------------+
; HEX0[0]       ; 2.5 V        ; 0 s                 ; 0 s                 ; 2.32 V                       ; 6.92e-07 V                   ; 2.35 V              ; -0.00996 V          ; 0.121 V                              ; 0.03 V                               ; 4.64e-10 s                  ; 4.47e-10 s                  ; Yes                        ; Yes                        ; 2.32 V                      ; 6.92e-07 V                  ; 2.35 V             ; -0.00996 V         ; 0.121 V                             ; 0.03 V                              ; 4.64e-10 s                 ; 4.47e-10 s                 ; Yes                       ; Yes                       ;
; HEX0[1]       ; 2.5 V        ; 0 s                 ; 0 s                 ; 2.32 V                       ; 6.92e-07 V                   ; 2.33 V              ; -0.00265 V          ; 0.133 V                              ; 0.056 V                              ; 3.55e-09 s                  ; 3.31e-09 s                  ; Yes                        ; Yes                        ; 2.32 V                      ; 6.92e-07 V                  ; 2.33 V             ; -0.00265 V         ; 0.133 V                             ; 0.056 V                             ; 3.55e-09 s                 ; 3.31e-09 s                 ; Yes                       ; Yes                       ;
; HEX0[2]       ; 2.5 V        ; 0 s                 ; 0 s                 ; 2.32 V                       ; 6.92e-07 V                   ; 2.35 V              ; -0.00996 V          ; 0.121 V                              ; 0.03 V                               ; 4.64e-10 s                  ; 4.47e-10 s                  ; Yes                        ; Yes                        ; 2.32 V                      ; 6.92e-07 V                  ; 2.35 V             ; -0.00996 V         ; 0.121 V                             ; 0.03 V                              ; 4.64e-10 s                 ; 4.47e-10 s                 ; Yes                       ; Yes                       ;
; HEX0[3]       ; 2.5 V        ; 0 s                 ; 0 s                 ; 2.32 V                       ; 4.67e-07 V                   ; 2.36 V              ; -0.00552 V          ; 0.11 V                               ; 0.007 V                              ; 4.54e-10 s                  ; 4.35e-10 s                  ; Yes                        ; Yes                        ; 2.32 V                      ; 4.67e-07 V                  ; 2.36 V             ; -0.00552 V         ; 0.11 V                              ; 0.007 V                             ; 4.54e-10 s                 ; 4.35e-10 s                 ; Yes                       ; Yes                       ;
; HEX0[4]       ; 2.5 V        ; 0 s                 ; 0 s                 ; 2.32 V                       ; 4.67e-07 V                   ; 2.36 V              ; -0.00552 V          ; 0.11 V                               ; 0.007 V                              ; 4.54e-10 s                  ; 4.35e-10 s                  ; Yes                        ; Yes                        ; 2.32 V                      ; 4.67e-07 V                  ; 2.36 V             ; -0.00552 V         ; 0.11 V                              ; 0.007 V                             ; 4.54e-10 s                 ; 4.35e-10 s                 ; Yes                       ; Yes                       ;
; HEX0[5]       ; 2.5 V        ; 0 s                 ; 0 s                 ; 2.32 V                       ; 4.67e-07 V                   ; 2.33 V              ; -0.00269 V          ; 0.13 V                               ; 0.055 V                              ; 3.54e-09 s                  ; 3.29e-09 s                  ; Yes                        ; Yes                        ; 2.32 V                      ; 4.67e-07 V                  ; 2.33 V             ; -0.00269 V         ; 0.13 V                              ; 0.055 V                             ; 3.54e-09 s                 ; 3.29e-09 s                 ; Yes                       ; Yes                       ;
; HEX0[6]       ; 2.5 V        ; 0 s                 ; 0 s                 ; 2.32 V                       ; 4.67e-07 V                   ; 2.36 V              ; -0.00552 V          ; 0.11 V                               ; 0.007 V                              ; 4.54e-10 s                  ; 4.35e-10 s                  ; Yes                        ; Yes                        ; 2.32 V                      ; 4.67e-07 V                  ; 2.36 V             ; -0.00552 V         ; 0.11 V                              ; 0.007 V                             ; 4.54e-10 s                 ; 4.35e-10 s                 ; Yes                       ; Yes                       ;
; HEX1[0]       ; 2.5 V        ; 0 s                 ; 0 s                 ; 2.32 V                       ; 4.67e-07 V                   ; 2.36 V              ; -0.00552 V          ; 0.11 V                               ; 0.007 V                              ; 4.54e-10 s                  ; 4.35e-10 s                  ; Yes                        ; Yes                        ; 2.32 V                      ; 4.67e-07 V                  ; 2.36 V             ; -0.00552 V         ; 0.11 V                              ; 0.007 V                             ; 4.54e-10 s                 ; 4.35e-10 s                 ; Yes                       ; Yes                       ;
; HEX1[1]       ; 2.5 V        ; 0 s                 ; 0 s                 ; 2.32 V                       ; 4.67e-07 V                   ; 2.35 V              ; -0.00942 V          ; 0.116 V                              ; 0.033 V                              ; 6.66e-10 s                  ; 6.27e-10 s                  ; Yes                        ; Yes                        ; 2.32 V                      ; 4.67e-07 V                  ; 2.35 V             ; -0.00942 V         ; 0.116 V                             ; 0.033 V                             ; 6.66e-10 s                 ; 6.27e-10 s                 ; Yes                       ; Yes                       ;
; HEX1[2]       ; 2.5 V        ; 0 s                 ; 0 s                 ; 2.32 V                       ; 4.67e-07 V                   ; 2.35 V              ; -0.00942 V          ; 0.116 V                              ; 0.033 V                              ; 6.66e-10 s                  ; 6.27e-10 s                  ; Yes                        ; Yes                        ; 2.32 V                      ; 4.67e-07 V                  ; 2.35 V             ; -0.00942 V         ; 0.116 V                             ; 0.033 V                             ; 6.66e-10 s                 ; 6.27e-10 s                 ; Yes                       ; Yes                       ;
; HEX1[3]       ; 2.5 V        ; 0 s                 ; 0 s                 ; 2.32 V                       ; 4.67e-07 V                   ; 2.35 V              ; -0.00942 V          ; 0.116 V                              ; 0.033 V                              ; 6.66e-10 s                  ; 6.27e-10 s                  ; Yes                        ; Yes                        ; 2.32 V                      ; 4.67e-07 V                  ; 2.35 V             ; -0.00942 V         ; 0.116 V                             ; 0.033 V                             ; 6.66e-10 s                 ; 6.27e-10 s                 ; Yes                       ; Yes                       ;
; HEX1[4]       ; 2.5 V        ; 0 s                 ; 0 s                 ; 2.32 V                       ; 4.67e-07 V                   ; 2.35 V              ; -0.00942 V          ; 0.116 V                              ; 0.033 V                              ; 6.66e-10 s                  ; 6.27e-10 s                  ; Yes                        ; Yes                        ; 2.32 V                      ; 4.67e-07 V                  ; 2.35 V             ; -0.00942 V         ; 0.116 V                             ; 0.033 V                             ; 6.66e-10 s                 ; 6.27e-10 s                 ; Yes                       ; Yes                       ;
; HEX1[5]       ; 2.5 V        ; 0 s                 ; 0 s                 ; 2.32 V                       ; 4.67e-07 V                   ; 2.33 V              ; -0.00269 V          ; 0.13 V                               ; 0.055 V                              ; 3.54e-09 s                  ; 3.29e-09 s                  ; Yes                        ; Yes                        ; 2.32 V                      ; 4.67e-07 V                  ; 2.33 V             ; -0.00269 V         ; 0.13 V                              ; 0.055 V                             ; 3.54e-09 s                 ; 3.29e-09 s                 ; Yes                       ; Yes                       ;
; HEX1[6]       ; 2.5 V        ; 0 s                 ; 0 s                 ; 2.32 V                       ; 4.67e-07 V                   ; 2.33 V              ; -0.00269 V          ; 0.13 V                               ; 0.055 V                              ; 3.54e-09 s                  ; 3.29e-09 s                  ; Yes                        ; Yes                        ; 2.32 V                      ; 4.67e-07 V                  ; 2.33 V             ; -0.00269 V         ; 0.13 V                              ; 0.055 V                             ; 3.54e-09 s                 ; 3.29e-09 s                 ; Yes                       ; Yes                       ;
; HEX2[0]       ; 2.5 V        ; 0 s                 ; 0 s                 ; 2.32 V                       ; 4.67e-07 V                   ; 2.35 V              ; -0.00942 V          ; 0.116 V                              ; 0.033 V                              ; 6.66e-10 s                  ; 6.27e-10 s                  ; Yes                        ; Yes                        ; 2.32 V                      ; 4.67e-07 V                  ; 2.35 V             ; -0.00942 V         ; 0.116 V                             ; 0.033 V                             ; 6.66e-10 s                 ; 6.27e-10 s                 ; Yes                       ; Yes                       ;
; HEX2[1]       ; 2.5 V        ; 0 s                 ; 0 s                 ; 2.32 V                       ; 4.67e-07 V                   ; 2.35 V              ; -0.00942 V          ; 0.116 V                              ; 0.033 V                              ; 6.66e-10 s                  ; 6.27e-10 s                  ; Yes                        ; Yes                        ; 2.32 V                      ; 4.67e-07 V                  ; 2.35 V             ; -0.00942 V         ; 0.116 V                             ; 0.033 V                             ; 6.66e-10 s                 ; 6.27e-10 s                 ; Yes                       ; Yes                       ;
; HEX2[2]       ; 2.5 V        ; 0 s                 ; 0 s                 ; 2.32 V                       ; 4.67e-07 V                   ; 2.35 V              ; -0.00942 V          ; 0.116 V                              ; 0.033 V                              ; 6.66e-10 s                  ; 6.27e-10 s                  ; Yes                        ; Yes                        ; 2.32 V                      ; 4.67e-07 V                  ; 2.35 V             ; -0.00942 V         ; 0.116 V                             ; 0.033 V                             ; 6.66e-10 s                 ; 6.27e-10 s                 ; Yes                       ; Yes                       ;
; HEX2[3]       ; 2.5 V        ; 0 s                 ; 0 s                 ; 2.32 V                       ; 4.67e-07 V                   ; 2.35 V              ; -0.00942 V          ; 0.116 V                              ; 0.033 V                              ; 6.66e-10 s                  ; 6.27e-10 s                  ; Yes                        ; Yes                        ; 2.32 V                      ; 4.67e-07 V                  ; 2.35 V             ; -0.00942 V         ; 0.116 V                             ; 0.033 V                             ; 6.66e-10 s                 ; 6.27e-10 s                 ; Yes                       ; Yes                       ;
; HEX2[4]       ; 2.5 V        ; 0 s                 ; 0 s                 ; 2.32 V                       ; 4.67e-07 V                   ; 2.35 V              ; -0.00942 V          ; 0.116 V                              ; 0.033 V                              ; 6.66e-10 s                  ; 6.27e-10 s                  ; Yes                        ; Yes                        ; 2.32 V                      ; 4.67e-07 V                  ; 2.35 V             ; -0.00942 V         ; 0.116 V                             ; 0.033 V                             ; 6.66e-10 s                 ; 6.27e-10 s                 ; Yes                       ; Yes                       ;
; HEX2[5]       ; 2.5 V        ; 0 s                 ; 0 s                 ; 2.32 V                       ; 4.67e-07 V                   ; 2.35 V              ; -0.00942 V          ; 0.116 V                              ; 0.033 V                              ; 6.66e-10 s                  ; 6.27e-10 s                  ; Yes                        ; Yes                        ; 2.32 V                      ; 4.67e-07 V                  ; 2.35 V             ; -0.00942 V         ; 0.116 V                             ; 0.033 V                             ; 6.66e-10 s                 ; 6.27e-10 s                 ; Yes                       ; Yes                       ;
; HEX2[6]       ; 2.5 V        ; 0 s                 ; 0 s                 ; 2.32 V                       ; 4.67e-07 V                   ; 2.35 V              ; -0.00942 V          ; 0.116 V                              ; 0.033 V                              ; 6.66e-10 s                  ; 6.27e-10 s                  ; Yes                        ; Yes                        ; 2.32 V                      ; 4.67e-07 V                  ; 2.35 V             ; -0.00942 V         ; 0.116 V                             ; 0.033 V                             ; 6.66e-10 s                 ; 6.27e-10 s                 ; Yes                       ; Yes                       ;
; HEX3[0]       ; 2.5 V        ; 0 s                 ; 0 s                 ; 2.32 V                       ; 4.67e-07 V                   ; 2.35 V              ; -0.00942 V          ; 0.116 V                              ; 0.033 V                              ; 6.66e-10 s                  ; 6.27e-10 s                  ; Yes                        ; Yes                        ; 2.32 V                      ; 4.67e-07 V                  ; 2.35 V             ; -0.00942 V         ; 0.116 V                             ; 0.033 V                             ; 6.66e-10 s                 ; 6.27e-10 s                 ; Yes                       ; Yes                       ;
; HEX3[1]       ; 2.5 V        ; 0 s                 ; 0 s                 ; 2.32 V                       ; 4.67e-07 V                   ; 2.36 V              ; -0.00552 V          ; 0.11 V                               ; 0.007 V                              ; 4.54e-10 s                  ; 4.35e-10 s                  ; Yes                        ; Yes                        ; 2.32 V                      ; 4.67e-07 V                  ; 2.36 V             ; -0.00552 V         ; 0.11 V                              ; 0.007 V                             ; 4.54e-10 s                 ; 4.35e-10 s                 ; Yes                       ; Yes                       ;
; HEX3[2]       ; 2.5 V        ; 0 s                 ; 0 s                 ; 2.32 V                       ; 6.92e-07 V                   ; 2.33 V              ; -0.00265 V          ; 0.133 V                              ; 0.056 V                              ; 3.55e-09 s                  ; 3.31e-09 s                  ; Yes                        ; Yes                        ; 2.32 V                      ; 6.92e-07 V                  ; 2.33 V             ; -0.00265 V         ; 0.133 V                             ; 0.056 V                             ; 3.55e-09 s                 ; 3.31e-09 s                 ; Yes                       ; Yes                       ;
; HEX3[3]       ; 2.5 V        ; 0 s                 ; 0 s                 ; 2.32 V                       ; 6.92e-07 V                   ; 2.35 V              ; -0.00996 V          ; 0.121 V                              ; 0.03 V                               ; 4.64e-10 s                  ; 4.47e-10 s                  ; Yes                        ; Yes                        ; 2.32 V                      ; 6.92e-07 V                  ; 2.35 V             ; -0.00996 V         ; 0.121 V                             ; 0.03 V                              ; 4.64e-10 s                 ; 4.47e-10 s                 ; Yes                       ; Yes                       ;
; HEX3[4]       ; 2.5 V        ; 0 s                 ; 0 s                 ; 2.32 V                       ; 6.92e-07 V                   ; 2.35 V              ; -0.00996 V          ; 0.121 V                              ; 0.03 V                               ; 4.64e-10 s                  ; 4.47e-10 s                  ; Yes                        ; Yes                        ; 2.32 V                      ; 6.92e-07 V                  ; 2.35 V             ; -0.00996 V         ; 0.121 V                             ; 0.03 V                              ; 4.64e-10 s                 ; 4.47e-10 s                 ; Yes                       ; Yes                       ;
; HEX3[5]       ; 2.5 V        ; 0 s                 ; 0 s                 ; 2.32 V                       ; 6.92e-07 V                   ; 2.35 V              ; -0.00996 V          ; 0.121 V                              ; 0.03 V                               ; 4.64e-10 s                  ; 4.47e-10 s                  ; Yes                        ; Yes                        ; 2.32 V                      ; 6.92e-07 V                  ; 2.35 V             ; -0.00996 V         ; 0.121 V                             ; 0.03 V                              ; 4.64e-10 s                 ; 4.47e-10 s                 ; Yes                       ; Yes                       ;
; HEX3[6]       ; 2.5 V        ; 0 s                 ; 0 s                 ; 2.32 V                       ; 6.92e-07 V                   ; 2.35 V              ; -0.00996 V          ; 0.121 V                              ; 0.03 V                               ; 4.64e-10 s                  ; 4.47e-10 s                  ; Yes                        ; Yes                        ; 2.32 V                      ; 6.92e-07 V                  ; 2.35 V             ; -0.00996 V         ; 0.121 V                             ; 0.03 V                              ; 4.64e-10 s                 ; 4.47e-10 s                 ; Yes                       ; Yes                       ;
; HEX4[0]       ; 2.5 V        ; 0 s                 ; 0 s                 ; 2.32 V                       ; 6.92e-07 V                   ; 2.35 V              ; -0.00996 V          ; 0.121 V                              ; 0.03 V                               ; 4.64e-10 s                  ; 4.47e-10 s                  ; Yes                        ; Yes                        ; 2.32 V                      ; 6.92e-07 V                  ; 2.35 V             ; -0.00996 V         ; 0.121 V                             ; 0.03 V                              ; 4.64e-10 s                 ; 4.47e-10 s                 ; Yes                       ; Yes                       ;
; HEX4[1]       ; 2.5 V        ; 0 s                 ; 0 s                 ; 2.32 V                       ; 6.92e-07 V                   ; 2.35 V              ; -0.00996 V          ; 0.121 V                              ; 0.03 V                               ; 4.64e-10 s                  ; 4.47e-10 s                  ; Yes                        ; Yes                        ; 2.32 V                      ; 6.92e-07 V                  ; 2.35 V             ; -0.00996 V         ; 0.121 V                             ; 0.03 V                              ; 4.64e-10 s                 ; 4.47e-10 s                 ; Yes                       ; Yes                       ;
; HEX4[2]       ; 2.5 V        ; 0 s                 ; 0 s                 ; 2.32 V                       ; 6.92e-07 V                   ; 2.35 V              ; -0.00996 V          ; 0.121 V                              ; 0.03 V                               ; 4.64e-10 s                  ; 4.47e-10 s                  ; Yes                        ; Yes                        ; 2.32 V                      ; 6.92e-07 V                  ; 2.35 V             ; -0.00996 V         ; 0.121 V                             ; 0.03 V                              ; 4.64e-10 s                 ; 4.47e-10 s                 ; Yes                       ; Yes                       ;
; HEX4[3]       ; 2.5 V        ; 0 s                 ; 0 s                 ; 2.32 V                       ; 6.92e-07 V                   ; 2.35 V              ; -0.00996 V          ; 0.121 V                              ; 0.03 V                               ; 4.64e-10 s                  ; 4.47e-10 s                  ; Yes                        ; Yes                        ; 2.32 V                      ; 6.92e-07 V                  ; 2.35 V             ; -0.00996 V         ; 0.121 V                             ; 0.03 V                              ; 4.64e-10 s                 ; 4.47e-10 s                 ; Yes                       ; Yes                       ;
; HEX4[4]       ; 2.5 V        ; 0 s                 ; 0 s                 ; 2.32 V                       ; 6.92e-07 V                   ; 2.35 V              ; -0.00996 V          ; 0.121 V                              ; 0.03 V                               ; 4.64e-10 s                  ; 4.47e-10 s                  ; Yes                        ; Yes                        ; 2.32 V                      ; 6.92e-07 V                  ; 2.35 V             ; -0.00996 V         ; 0.121 V                             ; 0.03 V                              ; 4.64e-10 s                 ; 4.47e-10 s                 ; Yes                       ; Yes                       ;
; HEX4[5]       ; 2.5 V        ; 0 s                 ; 0 s                 ; 2.32 V                       ; 6.92e-07 V                   ; 2.35 V              ; -0.00996 V          ; 0.121 V                              ; 0.03 V                               ; 4.64e-10 s                  ; 4.47e-10 s                  ; Yes                        ; Yes                        ; 2.32 V                      ; 6.92e-07 V                  ; 2.35 V             ; -0.00996 V         ; 0.121 V                             ; 0.03 V                              ; 4.64e-10 s                 ; 4.47e-10 s                 ; Yes                       ; Yes                       ;
; HEX4[6]       ; 2.5 V        ; 0 s                 ; 0 s                 ; 2.32 V                       ; 6.92e-07 V                   ; 2.35 V              ; -0.00996 V          ; 0.121 V                              ; 0.03 V                               ; 4.64e-10 s                  ; 4.47e-10 s                  ; Yes                        ; Yes                        ; 2.32 V                      ; 6.92e-07 V                  ; 2.35 V             ; -0.00996 V         ; 0.121 V                             ; 0.03 V                              ; 4.64e-10 s                 ; 4.47e-10 s                 ; Yes                       ; Yes                       ;
; HEX5[0]       ; 2.5 V        ; 0 s                 ; 0 s                 ; 2.32 V                       ; 6.92e-07 V                   ; 2.35 V              ; -0.00996 V          ; 0.121 V                              ; 0.03 V                               ; 4.64e-10 s                  ; 4.47e-10 s                  ; Yes                        ; Yes                        ; 2.32 V                      ; 6.92e-07 V                  ; 2.35 V             ; -0.00996 V         ; 0.121 V                             ; 0.03 V                              ; 4.64e-10 s                 ; 4.47e-10 s                 ; Yes                       ; Yes                       ;
; HEX5[1]       ; 2.5 V        ; 0 s                 ; 0 s                 ; 2.32 V                       ; 6.92e-07 V                   ; 2.33 V              ; -0.00265 V          ; 0.133 V                              ; 0.056 V                              ; 3.55e-09 s                  ; 3.31e-09 s                  ; Yes                        ; Yes                        ; 2.32 V                      ; 6.92e-07 V                  ; 2.33 V             ; -0.00265 V         ; 0.133 V                             ; 0.056 V                             ; 3.55e-09 s                 ; 3.31e-09 s                 ; Yes                       ; Yes                       ;
; HEX5[2]       ; 2.5 V        ; 0 s                 ; 0 s                 ; 2.32 V                       ; 6.92e-07 V                   ; 2.35 V              ; -0.00996 V          ; 0.121 V                              ; 0.03 V                               ; 4.64e-10 s                  ; 4.47e-10 s                  ; Yes                        ; Yes                        ; 2.32 V                      ; 6.92e-07 V                  ; 2.35 V             ; -0.00996 V         ; 0.121 V                             ; 0.03 V                              ; 4.64e-10 s                 ; 4.47e-10 s                 ; Yes                       ; Yes                       ;
; HEX5[3]       ; 2.5 V        ; 0 s                 ; 0 s                 ; 2.32 V                       ; 6.92e-07 V                   ; 2.35 V              ; -0.00996 V          ; 0.121 V                              ; 0.03 V                               ; 4.64e-10 s                  ; 4.47e-10 s                  ; Yes                        ; Yes                        ; 2.32 V                      ; 6.92e-07 V                  ; 2.35 V             ; -0.00996 V         ; 0.121 V                             ; 0.03 V                              ; 4.64e-10 s                 ; 4.47e-10 s                 ; Yes                       ; Yes                       ;
; HEX5[4]       ; 2.5 V        ; 0 s                 ; 0 s                 ; 2.32 V                       ; 6.92e-07 V                   ; 2.35 V              ; -0.00996 V          ; 0.121 V                              ; 0.03 V                               ; 4.64e-10 s                  ; 4.47e-10 s                  ; Yes                        ; Yes                        ; 2.32 V                      ; 6.92e-07 V                  ; 2.35 V             ; -0.00996 V         ; 0.121 V                             ; 0.03 V                              ; 4.64e-10 s                 ; 4.47e-10 s                 ; Yes                       ; Yes                       ;
; HEX5[5]       ; 2.5 V        ; 0 s                 ; 0 s                 ; 2.32 V                       ; 6.92e-07 V                   ; 2.35 V              ; -0.00996 V          ; 0.121 V                              ; 0.03 V                               ; 4.64e-10 s                  ; 4.47e-10 s                  ; Yes                        ; Yes                        ; 2.32 V                      ; 6.92e-07 V                  ; 2.35 V             ; -0.00996 V         ; 0.121 V                             ; 0.03 V                              ; 4.64e-10 s                 ; 4.47e-10 s                 ; Yes                       ; Yes                       ;
; HEX5[6]       ; 2.5 V        ; 0 s                 ; 0 s                 ; 2.32 V                       ; 6.92e-07 V                   ; 2.35 V              ; -0.00996 V          ; 0.121 V                              ; 0.03 V                               ; 4.64e-10 s                  ; 4.47e-10 s                  ; Yes                        ; Yes                        ; 2.32 V                      ; 6.92e-07 V                  ; 2.35 V             ; -0.00996 V         ; 0.121 V                             ; 0.03 V                              ; 4.64e-10 s                 ; 4.47e-10 s                 ; Yes                       ; Yes                       ;
; HEX6[0]       ; 2.5 V        ; 0 s                 ; 0 s                 ; 2.32 V                       ; 6.92e-07 V                   ; 2.35 V              ; -0.00996 V          ; 0.121 V                              ; 0.03 V                               ; 4.64e-10 s                  ; 4.47e-10 s                  ; Yes                        ; Yes                        ; 2.32 V                      ; 6.92e-07 V                  ; 2.35 V             ; -0.00996 V         ; 0.121 V                             ; 0.03 V                              ; 4.64e-10 s                 ; 4.47e-10 s                 ; Yes                       ; Yes                       ;
; HEX6[1]       ; 2.5 V        ; 0 s                 ; 0 s                 ; 2.32 V                       ; 6.92e-07 V                   ; 2.35 V              ; -0.00996 V          ; 0.121 V                              ; 0.03 V                               ; 4.64e-10 s                  ; 4.47e-10 s                  ; Yes                        ; Yes                        ; 2.32 V                      ; 6.92e-07 V                  ; 2.35 V             ; -0.00996 V         ; 0.121 V                             ; 0.03 V                              ; 4.64e-10 s                 ; 4.47e-10 s                 ; Yes                       ; Yes                       ;
; HEX6[2]       ; 2.5 V        ; 0 s                 ; 0 s                 ; 2.32 V                       ; 6.92e-07 V                   ; 2.35 V              ; -0.00996 V          ; 0.121 V                              ; 0.03 V                               ; 4.64e-10 s                  ; 4.47e-10 s                  ; Yes                        ; Yes                        ; 2.32 V                      ; 6.92e-07 V                  ; 2.35 V             ; -0.00996 V         ; 0.121 V                             ; 0.03 V                              ; 4.64e-10 s                 ; 4.47e-10 s                 ; Yes                       ; Yes                       ;
; HEX6[3]       ; 2.5 V        ; 0 s                 ; 0 s                 ; 2.32 V                       ; 6.92e-07 V                   ; 2.35 V              ; -0.00996 V          ; 0.121 V                              ; 0.03 V                               ; 4.64e-10 s                  ; 4.47e-10 s                  ; Yes                        ; Yes                        ; 2.32 V                      ; 6.92e-07 V                  ; 2.35 V             ; -0.00996 V         ; 0.121 V                             ; 0.03 V                              ; 4.64e-10 s                 ; 4.47e-10 s                 ; Yes                       ; Yes                       ;
; HEX6[4]       ; 2.5 V        ; 0 s                 ; 0 s                 ; 2.32 V                       ; 6.92e-07 V                   ; 2.35 V              ; -0.00996 V          ; 0.121 V                              ; 0.03 V                               ; 4.64e-10 s                  ; 4.47e-10 s                  ; Yes                        ; Yes                        ; 2.32 V                      ; 6.92e-07 V                  ; 2.35 V             ; -0.00996 V         ; 0.121 V                             ; 0.03 V                              ; 4.64e-10 s                 ; 4.47e-10 s                 ; Yes                       ; Yes                       ;
; HEX6[5]       ; 2.5 V        ; 0 s                 ; 0 s                 ; 2.32 V                       ; 6.92e-07 V                   ; 2.33 V              ; -0.00265 V          ; 0.133 V                              ; 0.056 V                              ; 3.55e-09 s                  ; 3.31e-09 s                  ; Yes                        ; Yes                        ; 2.32 V                      ; 6.92e-07 V                  ; 2.33 V             ; -0.00265 V         ; 0.133 V                             ; 0.056 V                             ; 3.55e-09 s                 ; 3.31e-09 s                 ; Yes                       ; Yes                       ;
; HEX6[6]       ; 2.5 V        ; 0 s                 ; 0 s                 ; 2.32 V                       ; 6.92e-07 V                   ; 2.35 V              ; -0.00996 V          ; 0.121 V                              ; 0.03 V                               ; 4.64e-10 s                  ; 4.47e-10 s                  ; Yes                        ; Yes                        ; 2.32 V                      ; 6.92e-07 V                  ; 2.35 V             ; -0.00996 V         ; 0.121 V                             ; 0.03 V                              ; 4.64e-10 s                 ; 4.47e-10 s                 ; Yes                       ; Yes                       ;
; HEX7[0]       ; 2.5 V        ; 0 s                 ; 0 s                 ; 2.32 V                       ; 6.92e-07 V                   ; 2.35 V              ; -0.00996 V          ; 0.121 V                              ; 0.03 V                               ; 4.64e-10 s                  ; 4.47e-10 s                  ; Yes                        ; Yes                        ; 2.32 V                      ; 6.92e-07 V                  ; 2.35 V             ; -0.00996 V         ; 0.121 V                             ; 0.03 V                              ; 4.64e-10 s                 ; 4.47e-10 s                 ; Yes                       ; Yes                       ;
; HEX7[1]       ; 2.5 V        ; 0 s                 ; 0 s                 ; 2.32 V                       ; 6.92e-07 V                   ; 2.35 V              ; -0.00996 V          ; 0.121 V                              ; 0.03 V                               ; 4.64e-10 s                  ; 4.47e-10 s                  ; Yes                        ; Yes                        ; 2.32 V                      ; 6.92e-07 V                  ; 2.35 V             ; -0.00996 V         ; 0.121 V                             ; 0.03 V                              ; 4.64e-10 s                 ; 4.47e-10 s                 ; Yes                       ; Yes                       ;
; HEX7[2]       ; 2.5 V        ; 0 s                 ; 0 s                 ; 2.32 V                       ; 6.92e-07 V                   ; 2.35 V              ; -0.00996 V          ; 0.121 V                              ; 0.03 V                               ; 4.64e-10 s                  ; 4.47e-10 s                  ; Yes                        ; Yes                        ; 2.32 V                      ; 6.92e-07 V                  ; 2.35 V             ; -0.00996 V         ; 0.121 V                             ; 0.03 V                              ; 4.64e-10 s                 ; 4.47e-10 s                 ; Yes                       ; Yes                       ;
; HEX7[3]       ; 2.5 V        ; 0 s                 ; 0 s                 ; 2.32 V                       ; 6.92e-07 V                   ; 2.35 V              ; -0.00996 V          ; 0.121 V                              ; 0.03 V                               ; 4.64e-10 s                  ; 4.47e-10 s                  ; Yes                        ; Yes                        ; 2.32 V                      ; 6.92e-07 V                  ; 2.35 V             ; -0.00996 V         ; 0.121 V                             ; 0.03 V                              ; 4.64e-10 s                 ; 4.47e-10 s                 ; Yes                       ; Yes                       ;
; HEX7[4]       ; 2.5 V        ; 0 s                 ; 0 s                 ; 2.32 V                       ; 6.92e-07 V                   ; 2.35 V              ; -0.00996 V          ; 0.121 V                              ; 0.03 V                               ; 4.64e-10 s                  ; 4.47e-10 s                  ; Yes                        ; Yes                        ; 2.32 V                      ; 6.92e-07 V                  ; 2.35 V             ; -0.00996 V         ; 0.121 V                             ; 0.03 V                              ; 4.64e-10 s                 ; 4.47e-10 s                 ; Yes                       ; Yes                       ;
; HEX7[5]       ; 2.5 V        ; 0 s                 ; 0 s                 ; 2.32 V                       ; 6.92e-07 V                   ; 2.35 V              ; -0.00996 V          ; 0.121 V                              ; 0.03 V                               ; 4.64e-10 s                  ; 4.47e-10 s                  ; Yes                        ; Yes                        ; 2.32 V                      ; 6.92e-07 V                  ; 2.35 V             ; -0.00996 V         ; 0.121 V                             ; 0.03 V                              ; 4.64e-10 s                 ; 4.47e-10 s                 ; Yes                       ; Yes                       ;
; HEX7[6]       ; 2.5 V        ; 0 s                 ; 0 s                 ; 2.32 V                       ; 6.92e-07 V                   ; 2.35 V              ; -0.00996 V          ; 0.121 V                              ; 0.03 V                               ; 4.64e-10 s                  ; 4.47e-10 s                  ; Yes                        ; Yes                        ; 2.32 V                      ; 6.92e-07 V                  ; 2.35 V             ; -0.00996 V         ; 0.121 V                             ; 0.03 V                              ; 4.64e-10 s                 ; 4.47e-10 s                 ; Yes                       ; Yes                       ;
; LEDR[0]       ; 2.5 V        ; 0 s                 ; 0 s                 ; 2.32 V                       ; 6.92e-07 V                   ; 2.35 V              ; -0.00996 V          ; 0.121 V                              ; 0.03 V                               ; 4.64e-10 s                  ; 4.47e-10 s                  ; Yes                        ; Yes                        ; 2.32 V                      ; 6.92e-07 V                  ; 2.35 V             ; -0.00996 V         ; 0.121 V                             ; 0.03 V                              ; 4.64e-10 s                 ; 4.47e-10 s                 ; Yes                       ; Yes                       ;
; LEDR[1]       ; 2.5 V        ; 0 s                 ; 0 s                 ; 2.32 V                       ; 6.92e-07 V                   ; 2.35 V              ; -0.00996 V          ; 0.121 V                              ; 0.03 V                               ; 4.64e-10 s                  ; 4.47e-10 s                  ; Yes                        ; Yes                        ; 2.32 V                      ; 6.92e-07 V                  ; 2.35 V             ; -0.00996 V         ; 0.121 V                             ; 0.03 V                              ; 4.64e-10 s                 ; 4.47e-10 s                 ; Yes                       ; Yes                       ;
; LEDR[2]       ; 2.5 V        ; 0 s                 ; 0 s                 ; 2.32 V                       ; 6.92e-07 V                   ; 2.35 V              ; -0.00996 V          ; 0.121 V                              ; 0.03 V                               ; 4.64e-10 s                  ; 4.47e-10 s                  ; Yes                        ; Yes                        ; 2.32 V                      ; 6.92e-07 V                  ; 2.35 V             ; -0.00996 V         ; 0.121 V                             ; 0.03 V                              ; 4.64e-10 s                 ; 4.47e-10 s                 ; Yes                       ; Yes                       ;
; LEDR[3]       ; 2.5 V        ; 0 s                 ; 0 s                 ; 2.32 V                       ; 6.92e-07 V                   ; 2.35 V              ; -0.00996 V          ; 0.121 V                              ; 0.03 V                               ; 4.64e-10 s                  ; 4.47e-10 s                  ; Yes                        ; Yes                        ; 2.32 V                      ; 6.92e-07 V                  ; 2.35 V             ; -0.00996 V         ; 0.121 V                             ; 0.03 V                              ; 4.64e-10 s                 ; 4.47e-10 s                 ; Yes                       ; Yes                       ;
; LEDR[4]       ; 2.5 V        ; 0 s                 ; 0 s                 ; 2.32 V                       ; 6.92e-07 V                   ; 2.35 V              ; -0.00996 V          ; 0.121 V                              ; 0.03 V                               ; 4.64e-10 s                  ; 4.47e-10 s                  ; Yes                        ; Yes                        ; 2.32 V                      ; 6.92e-07 V                  ; 2.35 V             ; -0.00996 V         ; 0.121 V                             ; 0.03 V                              ; 4.64e-10 s                 ; 4.47e-10 s                 ; Yes                       ; Yes                       ;
; LEDR[5]       ; 2.5 V        ; 0 s                 ; 0 s                 ; 2.32 V                       ; 6.92e-07 V                   ; 2.35 V              ; -0.00996 V          ; 0.121 V                              ; 0.03 V                               ; 4.64e-10 s                  ; 4.47e-10 s                  ; Yes                        ; Yes                        ; 2.32 V                      ; 6.92e-07 V                  ; 2.35 V             ; -0.00996 V         ; 0.121 V                             ; 0.03 V                              ; 4.64e-10 s                 ; 4.47e-10 s                 ; Yes                       ; Yes                       ;
; LEDR[6]       ; 2.5 V        ; 0 s                 ; 0 s                 ; 2.32 V                       ; 6.92e-07 V                   ; 2.35 V              ; -0.00996 V          ; 0.121 V                              ; 0.03 V                               ; 4.64e-10 s                  ; 4.47e-10 s                  ; Yes                        ; Yes                        ; 2.32 V                      ; 6.92e-07 V                  ; 2.35 V             ; -0.00996 V         ; 0.121 V                             ; 0.03 V                              ; 4.64e-10 s                 ; 4.47e-10 s                 ; Yes                       ; Yes                       ;
; LEDR[7]       ; 2.5 V        ; 0 s                 ; 0 s                 ; 2.32 V                       ; 6.92e-07 V                   ; 2.35 V              ; -0.00996 V          ; 0.121 V                              ; 0.03 V                               ; 4.64e-10 s                  ; 4.47e-10 s                  ; Yes                        ; Yes                        ; 2.32 V                      ; 6.92e-07 V                  ; 2.35 V             ; -0.00996 V         ; 0.121 V                             ; 0.03 V                              ; 4.64e-10 s                 ; 4.47e-10 s                 ; Yes                       ; Yes                       ;
; LEDR[8]       ; 2.5 V        ; 0 s                 ; 0 s                 ; 2.32 V                       ; 6.92e-07 V                   ; 2.35 V              ; -0.00996 V          ; 0.121 V                              ; 0.03 V                               ; 4.64e-10 s                  ; 4.47e-10 s                  ; Yes                        ; Yes                        ; 2.32 V                      ; 6.92e-07 V                  ; 2.35 V             ; -0.00996 V         ; 0.121 V                             ; 0.03 V                              ; 4.64e-10 s                 ; 4.47e-10 s                 ; Yes                       ; Yes                       ;
; LEDR[9]       ; 2.5 V        ; 0 s                 ; 0 s                 ; 2.32 V                       ; 6.92e-07 V                   ; 2.33 V              ; -0.00265 V          ; 0.133 V                              ; 0.056 V                              ; 3.55e-09 s                  ; 3.31e-09 s                  ; Yes                        ; Yes                        ; 2.32 V                      ; 6.92e-07 V                  ; 2.33 V             ; -0.00265 V         ; 0.133 V                             ; 0.056 V                             ; 3.55e-09 s                 ; 3.31e-09 s                 ; Yes                       ; Yes                       ;
; ~ALTERA_DCLK~ ; 2.5 V        ; 0 s                 ; 0 s                 ; 2.32 V                       ; 3.75e-07 V                   ; 2.35 V              ; -0.0109 V           ; 0.084 V                              ; 0.027 V                              ; 4.31e-10 s                  ; 3.61e-10 s                  ; Yes                        ; Yes                        ; 2.32 V                      ; 3.75e-07 V                  ; 2.35 V             ; -0.0109 V          ; 0.084 V                             ; 0.027 V                             ; 4.31e-10 s                 ; 3.61e-10 s                 ; Yes                       ; Yes                       ;
; ~ALTERA_nCEO~ ; 2.5 V        ; 0 s                 ; 0 s                 ; 2.32 V                       ; 6.15e-07 V                   ; 2.35 V              ; -0.00712 V          ; 0.093 V                              ; 0.02 V                               ; 6.21e-10 s                  ; 7.9e-10 s                   ; Yes                        ; Yes                        ; 2.32 V                      ; 6.15e-07 V                  ; 2.35 V             ; -0.00712 V         ; 0.093 V                             ; 0.02 V                              ; 6.21e-10 s                 ; 7.9e-10 s                  ; Yes                       ; Yes                       ;
+---------------+--------------+---------------------+---------------------+------------------------------+------------------------------+---------------------+---------------------+--------------------------------------+--------------------------------------+-----------------------------+-----------------------------+----------------------------+----------------------------+-----------------------------+-----------------------------+--------------------+--------------------+-------------------------------------+-------------------------------------+----------------------------+----------------------------+---------------------------+---------------------------+


+--------------------------------------------------------------------------------------------------------------------------------------------------------------------------------------------------------------------------------------------------------------------------------------------------------------------------------------------------------------------------------------------------------------------------------------------------------------------------------------------------------------------------------------------------------------------------------------------------------------------------------------------------------------------------------------------+
; Signal Integrity Metrics (Fast 1200mv 0c Model)                                                                                                                                                                                                                                                                                                                                                                                                                                                                                                                                                                                                                                            ;
+---------------+--------------+---------------------+---------------------+------------------------------+------------------------------+---------------------+---------------------+--------------------------------------+--------------------------------------+-----------------------------+-----------------------------+----------------------------+----------------------------+-----------------------------+-----------------------------+--------------------+--------------------+-------------------------------------+-------------------------------------+----------------------------+----------------------------+---------------------------+---------------------------+
; Pin           ; I/O Standard ; Board Delay on Rise ; Board Delay on Fall ; Steady State Voh at FPGA Pin ; Steady State Vol at FPGA Pin ; Voh Max at FPGA Pin ; Vol Min at FPGA Pin ; Ringback Voltage on Rise at FPGA Pin ; Ringback Voltage on Fall at FPGA Pin ; 10-90 Rise Time at FPGA Pin ; 90-10 Fall Time at FPGA Pin ; Monotonic Rise at FPGA Pin ; Monotonic Fall at FPGA Pin ; Steady State Voh at Far-end ; Steady State Vol at Far-end ; Voh Max at Far-end ; Vol Min at Far-end ; Ringback Voltage on Rise at Far-end ; Ringback Voltage on Fall at Far-end ; 10-90 Rise Time at Far-end ; 90-10 Fall Time at Far-end ; Monotonic Rise at Far-end ; Monotonic Fall at Far-end ;
+---------------+--------------+---------------------+---------------------+------------------------------+------------------------------+---------------------+---------------------+--------------------------------------+--------------------------------------+-----------------------------+-----------------------------+----------------------------+----------------------------+-----------------------------+-----------------------------+--------------------+--------------------+-------------------------------------+-------------------------------------+----------------------------+----------------------------+---------------------------+---------------------------+
; HEX0[0]       ; 2.5 V        ; 0 s                 ; 0 s                 ; 2.62 V                       ; 4.05e-08 V                   ; 2.72 V              ; -0.0349 V           ; 0.173 V                              ; 0.1 V                                ; 2.72e-10 s                  ; 2.69e-10 s                  ; Yes                        ; Yes                        ; 2.62 V                      ; 4.05e-08 V                  ; 2.72 V             ; -0.0349 V          ; 0.173 V                             ; 0.1 V                               ; 2.72e-10 s                 ; 2.69e-10 s                 ; Yes                       ; Yes                       ;
; HEX0[1]       ; 2.5 V        ; 0 s                 ; 0 s                 ; 2.62 V                       ; 4.05e-08 V                   ; 2.64 V              ; -0.0113 V           ; 0.208 V                              ; 0.179 V                              ; 2.38e-09 s                  ; 2.23e-09 s                  ; No                         ; Yes                        ; 2.62 V                      ; 4.05e-08 V                  ; 2.64 V             ; -0.0113 V          ; 0.208 V                             ; 0.179 V                             ; 2.38e-09 s                 ; 2.23e-09 s                 ; No                        ; Yes                       ;
; HEX0[2]       ; 2.5 V        ; 0 s                 ; 0 s                 ; 2.62 V                       ; 4.05e-08 V                   ; 2.72 V              ; -0.0349 V           ; 0.173 V                              ; 0.1 V                                ; 2.72e-10 s                  ; 2.69e-10 s                  ; Yes                        ; Yes                        ; 2.62 V                      ; 4.05e-08 V                  ; 2.72 V             ; -0.0349 V          ; 0.173 V                             ; 0.1 V                               ; 2.72e-10 s                 ; 2.69e-10 s                 ; Yes                       ; Yes                       ;
; HEX0[3]       ; 2.5 V        ; 0 s                 ; 0 s                 ; 2.62 V                       ; 2.74e-08 V                   ; 2.73 V              ; -0.0384 V           ; 0.169 V                              ; 0.089 V                              ; 2.7e-10 s                   ; 2.62e-10 s                  ; Yes                        ; Yes                        ; 2.62 V                      ; 2.74e-08 V                  ; 2.73 V             ; -0.0384 V          ; 0.169 V                             ; 0.089 V                             ; 2.7e-10 s                  ; 2.62e-10 s                 ; Yes                       ; Yes                       ;
; HEX0[4]       ; 2.5 V        ; 0 s                 ; 0 s                 ; 2.62 V                       ; 2.74e-08 V                   ; 2.73 V              ; -0.0384 V           ; 0.169 V                              ; 0.089 V                              ; 2.7e-10 s                   ; 2.62e-10 s                  ; Yes                        ; Yes                        ; 2.62 V                      ; 2.74e-08 V                  ; 2.73 V             ; -0.0384 V          ; 0.169 V                             ; 0.089 V                             ; 2.7e-10 s                  ; 2.62e-10 s                 ; Yes                       ; Yes                       ;
; HEX0[5]       ; 2.5 V        ; 0 s                 ; 0 s                 ; 2.62 V                       ; 2.74e-08 V                   ; 2.64 V              ; -0.0117 V           ; 0.202 V                              ; 0.176 V                              ; 2.38e-09 s                  ; 2.22e-09 s                  ; No                         ; Yes                        ; 2.62 V                      ; 2.74e-08 V                  ; 2.64 V             ; -0.0117 V          ; 0.202 V                             ; 0.176 V                             ; 2.38e-09 s                 ; 2.22e-09 s                 ; No                        ; Yes                       ;
; HEX0[6]       ; 2.5 V        ; 0 s                 ; 0 s                 ; 2.62 V                       ; 2.74e-08 V                   ; 2.73 V              ; -0.0384 V           ; 0.169 V                              ; 0.089 V                              ; 2.7e-10 s                   ; 2.62e-10 s                  ; Yes                        ; Yes                        ; 2.62 V                      ; 2.74e-08 V                  ; 2.73 V             ; -0.0384 V          ; 0.169 V                             ; 0.089 V                             ; 2.7e-10 s                  ; 2.62e-10 s                 ; Yes                       ; Yes                       ;
; HEX1[0]       ; 2.5 V        ; 0 s                 ; 0 s                 ; 2.62 V                       ; 2.74e-08 V                   ; 2.73 V              ; -0.0384 V           ; 0.169 V                              ; 0.089 V                              ; 2.7e-10 s                   ; 2.62e-10 s                  ; Yes                        ; Yes                        ; 2.62 V                      ; 2.74e-08 V                  ; 2.73 V             ; -0.0384 V          ; 0.169 V                             ; 0.089 V                             ; 2.7e-10 s                  ; 2.62e-10 s                 ; Yes                       ; Yes                       ;
; HEX1[1]       ; 2.5 V        ; 0 s                 ; 0 s                 ; 2.62 V                       ; 2.74e-08 V                   ; 2.71 V              ; -0.0317 V           ; 0.148 V                              ; 0.064 V                              ; 4.51e-10 s                  ; 4.15e-10 s                  ; No                         ; Yes                        ; 2.62 V                      ; 2.74e-08 V                  ; 2.71 V             ; -0.0317 V          ; 0.148 V                             ; 0.064 V                             ; 4.51e-10 s                 ; 4.15e-10 s                 ; No                        ; Yes                       ;
; HEX1[2]       ; 2.5 V        ; 0 s                 ; 0 s                 ; 2.62 V                       ; 2.74e-08 V                   ; 2.71 V              ; -0.0317 V           ; 0.148 V                              ; 0.064 V                              ; 4.51e-10 s                  ; 4.15e-10 s                  ; No                         ; Yes                        ; 2.62 V                      ; 2.74e-08 V                  ; 2.71 V             ; -0.0317 V          ; 0.148 V                             ; 0.064 V                             ; 4.51e-10 s                 ; 4.15e-10 s                 ; No                        ; Yes                       ;
; HEX1[3]       ; 2.5 V        ; 0 s                 ; 0 s                 ; 2.62 V                       ; 2.74e-08 V                   ; 2.71 V              ; -0.0317 V           ; 0.148 V                              ; 0.064 V                              ; 4.51e-10 s                  ; 4.15e-10 s                  ; No                         ; Yes                        ; 2.62 V                      ; 2.74e-08 V                  ; 2.71 V             ; -0.0317 V          ; 0.148 V                             ; 0.064 V                             ; 4.51e-10 s                 ; 4.15e-10 s                 ; No                        ; Yes                       ;
; HEX1[4]       ; 2.5 V        ; 0 s                 ; 0 s                 ; 2.62 V                       ; 2.74e-08 V                   ; 2.71 V              ; -0.0317 V           ; 0.148 V                              ; 0.064 V                              ; 4.51e-10 s                  ; 4.15e-10 s                  ; No                         ; Yes                        ; 2.62 V                      ; 2.74e-08 V                  ; 2.71 V             ; -0.0317 V          ; 0.148 V                             ; 0.064 V                             ; 4.51e-10 s                 ; 4.15e-10 s                 ; No                        ; Yes                       ;
; HEX1[5]       ; 2.5 V        ; 0 s                 ; 0 s                 ; 2.62 V                       ; 2.74e-08 V                   ; 2.64 V              ; -0.0117 V           ; 0.202 V                              ; 0.176 V                              ; 2.38e-09 s                  ; 2.22e-09 s                  ; No                         ; Yes                        ; 2.62 V                      ; 2.74e-08 V                  ; 2.64 V             ; -0.0117 V          ; 0.202 V                             ; 0.176 V                             ; 2.38e-09 s                 ; 2.22e-09 s                 ; No                        ; Yes                       ;
; HEX1[6]       ; 2.5 V        ; 0 s                 ; 0 s                 ; 2.62 V                       ; 2.74e-08 V                   ; 2.64 V              ; -0.0117 V           ; 0.202 V                              ; 0.176 V                              ; 2.38e-09 s                  ; 2.22e-09 s                  ; No                         ; Yes                        ; 2.62 V                      ; 2.74e-08 V                  ; 2.64 V             ; -0.0117 V          ; 0.202 V                             ; 0.176 V                             ; 2.38e-09 s                 ; 2.22e-09 s                 ; No                        ; Yes                       ;
; HEX2[0]       ; 2.5 V        ; 0 s                 ; 0 s                 ; 2.62 V                       ; 2.74e-08 V                   ; 2.71 V              ; -0.0317 V           ; 0.148 V                              ; 0.064 V                              ; 4.51e-10 s                  ; 4.15e-10 s                  ; No                         ; Yes                        ; 2.62 V                      ; 2.74e-08 V                  ; 2.71 V             ; -0.0317 V          ; 0.148 V                             ; 0.064 V                             ; 4.51e-10 s                 ; 4.15e-10 s                 ; No                        ; Yes                       ;
; HEX2[1]       ; 2.5 V        ; 0 s                 ; 0 s                 ; 2.62 V                       ; 2.74e-08 V                   ; 2.71 V              ; -0.0317 V           ; 0.148 V                              ; 0.064 V                              ; 4.51e-10 s                  ; 4.15e-10 s                  ; No                         ; Yes                        ; 2.62 V                      ; 2.74e-08 V                  ; 2.71 V             ; -0.0317 V          ; 0.148 V                             ; 0.064 V                             ; 4.51e-10 s                 ; 4.15e-10 s                 ; No                        ; Yes                       ;
; HEX2[2]       ; 2.5 V        ; 0 s                 ; 0 s                 ; 2.62 V                       ; 2.74e-08 V                   ; 2.71 V              ; -0.0317 V           ; 0.148 V                              ; 0.064 V                              ; 4.51e-10 s                  ; 4.15e-10 s                  ; No                         ; Yes                        ; 2.62 V                      ; 2.74e-08 V                  ; 2.71 V             ; -0.0317 V          ; 0.148 V                             ; 0.064 V                             ; 4.51e-10 s                 ; 4.15e-10 s                 ; No                        ; Yes                       ;
; HEX2[3]       ; 2.5 V        ; 0 s                 ; 0 s                 ; 2.62 V                       ; 2.74e-08 V                   ; 2.71 V              ; -0.0317 V           ; 0.148 V                              ; 0.064 V                              ; 4.51e-10 s                  ; 4.15e-10 s                  ; No                         ; Yes                        ; 2.62 V                      ; 2.74e-08 V                  ; 2.71 V             ; -0.0317 V          ; 0.148 V                             ; 0.064 V                             ; 4.51e-10 s                 ; 4.15e-10 s                 ; No                        ; Yes                       ;
; HEX2[4]       ; 2.5 V        ; 0 s                 ; 0 s                 ; 2.62 V                       ; 2.74e-08 V                   ; 2.71 V              ; -0.0317 V           ; 0.148 V                              ; 0.064 V                              ; 4.51e-10 s                  ; 4.15e-10 s                  ; No                         ; Yes                        ; 2.62 V                      ; 2.74e-08 V                  ; 2.71 V             ; -0.0317 V          ; 0.148 V                             ; 0.064 V                             ; 4.51e-10 s                 ; 4.15e-10 s                 ; No                        ; Yes                       ;
; HEX2[5]       ; 2.5 V        ; 0 s                 ; 0 s                 ; 2.62 V                       ; 2.74e-08 V                   ; 2.71 V              ; -0.0317 V           ; 0.148 V                              ; 0.064 V                              ; 4.51e-10 s                  ; 4.15e-10 s                  ; No                         ; Yes                        ; 2.62 V                      ; 2.74e-08 V                  ; 2.71 V             ; -0.0317 V          ; 0.148 V                             ; 0.064 V                             ; 4.51e-10 s                 ; 4.15e-10 s                 ; No                        ; Yes                       ;
; HEX2[6]       ; 2.5 V        ; 0 s                 ; 0 s                 ; 2.62 V                       ; 2.74e-08 V                   ; 2.71 V              ; -0.0317 V           ; 0.148 V                              ; 0.064 V                              ; 4.51e-10 s                  ; 4.15e-10 s                  ; No                         ; Yes                        ; 2.62 V                      ; 2.74e-08 V                  ; 2.71 V             ; -0.0317 V          ; 0.148 V                             ; 0.064 V                             ; 4.51e-10 s                 ; 4.15e-10 s                 ; No                        ; Yes                       ;
; HEX3[0]       ; 2.5 V        ; 0 s                 ; 0 s                 ; 2.62 V                       ; 2.74e-08 V                   ; 2.71 V              ; -0.0317 V           ; 0.148 V                              ; 0.064 V                              ; 4.51e-10 s                  ; 4.15e-10 s                  ; No                         ; Yes                        ; 2.62 V                      ; 2.74e-08 V                  ; 2.71 V             ; -0.0317 V          ; 0.148 V                             ; 0.064 V                             ; 4.51e-10 s                 ; 4.15e-10 s                 ; No                        ; Yes                       ;
; HEX3[1]       ; 2.5 V        ; 0 s                 ; 0 s                 ; 2.62 V                       ; 2.74e-08 V                   ; 2.73 V              ; -0.0384 V           ; 0.169 V                              ; 0.089 V                              ; 2.7e-10 s                   ; 2.62e-10 s                  ; Yes                        ; Yes                        ; 2.62 V                      ; 2.74e-08 V                  ; 2.73 V             ; -0.0384 V          ; 0.169 V                             ; 0.089 V                             ; 2.7e-10 s                  ; 2.62e-10 s                 ; Yes                       ; Yes                       ;
; HEX3[2]       ; 2.5 V        ; 0 s                 ; 0 s                 ; 2.62 V                       ; 4.05e-08 V                   ; 2.64 V              ; -0.0113 V           ; 0.208 V                              ; 0.179 V                              ; 2.38e-09 s                  ; 2.23e-09 s                  ; No                         ; Yes                        ; 2.62 V                      ; 4.05e-08 V                  ; 2.64 V             ; -0.0113 V          ; 0.208 V                             ; 0.179 V                             ; 2.38e-09 s                 ; 2.23e-09 s                 ; No                        ; Yes                       ;
; HEX3[3]       ; 2.5 V        ; 0 s                 ; 0 s                 ; 2.62 V                       ; 4.05e-08 V                   ; 2.72 V              ; -0.0349 V           ; 0.173 V                              ; 0.1 V                                ; 2.72e-10 s                  ; 2.69e-10 s                  ; Yes                        ; Yes                        ; 2.62 V                      ; 4.05e-08 V                  ; 2.72 V             ; -0.0349 V          ; 0.173 V                             ; 0.1 V                               ; 2.72e-10 s                 ; 2.69e-10 s                 ; Yes                       ; Yes                       ;
; HEX3[4]       ; 2.5 V        ; 0 s                 ; 0 s                 ; 2.62 V                       ; 4.05e-08 V                   ; 2.72 V              ; -0.0349 V           ; 0.173 V                              ; 0.1 V                                ; 2.72e-10 s                  ; 2.69e-10 s                  ; Yes                        ; Yes                        ; 2.62 V                      ; 4.05e-08 V                  ; 2.72 V             ; -0.0349 V          ; 0.173 V                             ; 0.1 V                               ; 2.72e-10 s                 ; 2.69e-10 s                 ; Yes                       ; Yes                       ;
; HEX3[5]       ; 2.5 V        ; 0 s                 ; 0 s                 ; 2.62 V                       ; 4.05e-08 V                   ; 2.72 V              ; -0.0349 V           ; 0.173 V                              ; 0.1 V                                ; 2.72e-10 s                  ; 2.69e-10 s                  ; Yes                        ; Yes                        ; 2.62 V                      ; 4.05e-08 V                  ; 2.72 V             ; -0.0349 V          ; 0.173 V                             ; 0.1 V                               ; 2.72e-10 s                 ; 2.69e-10 s                 ; Yes                       ; Yes                       ;
; HEX3[6]       ; 2.5 V        ; 0 s                 ; 0 s                 ; 2.62 V                       ; 4.05e-08 V                   ; 2.72 V              ; -0.0349 V           ; 0.173 V                              ; 0.1 V                                ; 2.72e-10 s                  ; 2.69e-10 s                  ; Yes                        ; Yes                        ; 2.62 V                      ; 4.05e-08 V                  ; 2.72 V             ; -0.0349 V          ; 0.173 V                             ; 0.1 V                               ; 2.72e-10 s                 ; 2.69e-10 s                 ; Yes                       ; Yes                       ;
; HEX4[0]       ; 2.5 V        ; 0 s                 ; 0 s                 ; 2.62 V                       ; 4.05e-08 V                   ; 2.72 V              ; -0.0349 V           ; 0.173 V                              ; 0.1 V                                ; 2.72e-10 s                  ; 2.69e-10 s                  ; Yes                        ; Yes                        ; 2.62 V                      ; 4.05e-08 V                  ; 2.72 V             ; -0.0349 V          ; 0.173 V                             ; 0.1 V                               ; 2.72e-10 s                 ; 2.69e-10 s                 ; Yes                       ; Yes                       ;
; HEX4[1]       ; 2.5 V        ; 0 s                 ; 0 s                 ; 2.62 V                       ; 4.05e-08 V                   ; 2.72 V              ; -0.0349 V           ; 0.173 V                              ; 0.1 V                                ; 2.72e-10 s                  ; 2.69e-10 s                  ; Yes                        ; Yes                        ; 2.62 V                      ; 4.05e-08 V                  ; 2.72 V             ; -0.0349 V          ; 0.173 V                             ; 0.1 V                               ; 2.72e-10 s                 ; 2.69e-10 s                 ; Yes                       ; Yes                       ;
; HEX4[2]       ; 2.5 V        ; 0 s                 ; 0 s                 ; 2.62 V                       ; 4.05e-08 V                   ; 2.72 V              ; -0.0349 V           ; 0.173 V                              ; 0.1 V                                ; 2.72e-10 s                  ; 2.69e-10 s                  ; Yes                        ; Yes                        ; 2.62 V                      ; 4.05e-08 V                  ; 2.72 V             ; -0.0349 V          ; 0.173 V                             ; 0.1 V                               ; 2.72e-10 s                 ; 2.69e-10 s                 ; Yes                       ; Yes                       ;
; HEX4[3]       ; 2.5 V        ; 0 s                 ; 0 s                 ; 2.62 V                       ; 4.05e-08 V                   ; 2.72 V              ; -0.0349 V           ; 0.173 V                              ; 0.1 V                                ; 2.72e-10 s                  ; 2.69e-10 s                  ; Yes                        ; Yes                        ; 2.62 V                      ; 4.05e-08 V                  ; 2.72 V             ; -0.0349 V          ; 0.173 V                             ; 0.1 V                               ; 2.72e-10 s                 ; 2.69e-10 s                 ; Yes                       ; Yes                       ;
; HEX4[4]       ; 2.5 V        ; 0 s                 ; 0 s                 ; 2.62 V                       ; 4.05e-08 V                   ; 2.72 V              ; -0.0349 V           ; 0.173 V                              ; 0.1 V                                ; 2.72e-10 s                  ; 2.69e-10 s                  ; Yes                        ; Yes                        ; 2.62 V                      ; 4.05e-08 V                  ; 2.72 V             ; -0.0349 V          ; 0.173 V                             ; 0.1 V                               ; 2.72e-10 s                 ; 2.69e-10 s                 ; Yes                       ; Yes                       ;
; HEX4[5]       ; 2.5 V        ; 0 s                 ; 0 s                 ; 2.62 V                       ; 4.05e-08 V                   ; 2.72 V              ; -0.0349 V           ; 0.173 V                              ; 0.1 V                                ; 2.72e-10 s                  ; 2.69e-10 s                  ; Yes                        ; Yes                        ; 2.62 V                      ; 4.05e-08 V                  ; 2.72 V             ; -0.0349 V          ; 0.173 V                             ; 0.1 V                               ; 2.72e-10 s                 ; 2.69e-10 s                 ; Yes                       ; Yes                       ;
; HEX4[6]       ; 2.5 V        ; 0 s                 ; 0 s                 ; 2.62 V                       ; 4.05e-08 V                   ; 2.72 V              ; -0.0349 V           ; 0.173 V                              ; 0.1 V                                ; 2.72e-10 s                  ; 2.69e-10 s                  ; Yes                        ; Yes                        ; 2.62 V                      ; 4.05e-08 V                  ; 2.72 V             ; -0.0349 V          ; 0.173 V                             ; 0.1 V                               ; 2.72e-10 s                 ; 2.69e-10 s                 ; Yes                       ; Yes                       ;
; HEX5[0]       ; 2.5 V        ; 0 s                 ; 0 s                 ; 2.62 V                       ; 4.05e-08 V                   ; 2.72 V              ; -0.0349 V           ; 0.173 V                              ; 0.1 V                                ; 2.72e-10 s                  ; 2.69e-10 s                  ; Yes                        ; Yes                        ; 2.62 V                      ; 4.05e-08 V                  ; 2.72 V             ; -0.0349 V          ; 0.173 V                             ; 0.1 V                               ; 2.72e-10 s                 ; 2.69e-10 s                 ; Yes                       ; Yes                       ;
; HEX5[1]       ; 2.5 V        ; 0 s                 ; 0 s                 ; 2.62 V                       ; 4.05e-08 V                   ; 2.64 V              ; -0.0113 V           ; 0.208 V                              ; 0.179 V                              ; 2.38e-09 s                  ; 2.23e-09 s                  ; No                         ; Yes                        ; 2.62 V                      ; 4.05e-08 V                  ; 2.64 V             ; -0.0113 V          ; 0.208 V                             ; 0.179 V                             ; 2.38e-09 s                 ; 2.23e-09 s                 ; No                        ; Yes                       ;
; HEX5[2]       ; 2.5 V        ; 0 s                 ; 0 s                 ; 2.62 V                       ; 4.05e-08 V                   ; 2.72 V              ; -0.0349 V           ; 0.173 V                              ; 0.1 V                                ; 2.72e-10 s                  ; 2.69e-10 s                  ; Yes                        ; Yes                        ; 2.62 V                      ; 4.05e-08 V                  ; 2.72 V             ; -0.0349 V          ; 0.173 V                             ; 0.1 V                               ; 2.72e-10 s                 ; 2.69e-10 s                 ; Yes                       ; Yes                       ;
; HEX5[3]       ; 2.5 V        ; 0 s                 ; 0 s                 ; 2.62 V                       ; 4.05e-08 V                   ; 2.72 V              ; -0.0349 V           ; 0.173 V                              ; 0.1 V                                ; 2.72e-10 s                  ; 2.69e-10 s                  ; Yes                        ; Yes                        ; 2.62 V                      ; 4.05e-08 V                  ; 2.72 V             ; -0.0349 V          ; 0.173 V                             ; 0.1 V                               ; 2.72e-10 s                 ; 2.69e-10 s                 ; Yes                       ; Yes                       ;
; HEX5[4]       ; 2.5 V        ; 0 s                 ; 0 s                 ; 2.62 V                       ; 4.05e-08 V                   ; 2.72 V              ; -0.0349 V           ; 0.173 V                              ; 0.1 V                                ; 2.72e-10 s                  ; 2.69e-10 s                  ; Yes                        ; Yes                        ; 2.62 V                      ; 4.05e-08 V                  ; 2.72 V             ; -0.0349 V          ; 0.173 V                             ; 0.1 V                               ; 2.72e-10 s                 ; 2.69e-10 s                 ; Yes                       ; Yes                       ;
; HEX5[5]       ; 2.5 V        ; 0 s                 ; 0 s                 ; 2.62 V                       ; 4.05e-08 V                   ; 2.72 V              ; -0.0349 V           ; 0.173 V                              ; 0.1 V                                ; 2.72e-10 s                  ; 2.69e-10 s                  ; Yes                        ; Yes                        ; 2.62 V                      ; 4.05e-08 V                  ; 2.72 V             ; -0.0349 V          ; 0.173 V                             ; 0.1 V                               ; 2.72e-10 s                 ; 2.69e-10 s                 ; Yes                       ; Yes                       ;
; HEX5[6]       ; 2.5 V        ; 0 s                 ; 0 s                 ; 2.62 V                       ; 4.05e-08 V                   ; 2.72 V              ; -0.0349 V           ; 0.173 V                              ; 0.1 V                                ; 2.72e-10 s                  ; 2.69e-10 s                  ; Yes                        ; Yes                        ; 2.62 V                      ; 4.05e-08 V                  ; 2.72 V             ; -0.0349 V          ; 0.173 V                             ; 0.1 V                               ; 2.72e-10 s                 ; 2.69e-10 s                 ; Yes                       ; Yes                       ;
; HEX6[0]       ; 2.5 V        ; 0 s                 ; 0 s                 ; 2.62 V                       ; 4.05e-08 V                   ; 2.72 V              ; -0.0349 V           ; 0.173 V                              ; 0.1 V                                ; 2.72e-10 s                  ; 2.69e-10 s                  ; Yes                        ; Yes                        ; 2.62 V                      ; 4.05e-08 V                  ; 2.72 V             ; -0.0349 V          ; 0.173 V                             ; 0.1 V                               ; 2.72e-10 s                 ; 2.69e-10 s                 ; Yes                       ; Yes                       ;
; HEX6[1]       ; 2.5 V        ; 0 s                 ; 0 s                 ; 2.62 V                       ; 4.05e-08 V                   ; 2.72 V              ; -0.0349 V           ; 0.173 V                              ; 0.1 V                                ; 2.72e-10 s                  ; 2.69e-10 s                  ; Yes                        ; Yes                        ; 2.62 V                      ; 4.05e-08 V                  ; 2.72 V             ; -0.0349 V          ; 0.173 V                             ; 0.1 V                               ; 2.72e-10 s                 ; 2.69e-10 s                 ; Yes                       ; Yes                       ;
; HEX6[2]       ; 2.5 V        ; 0 s                 ; 0 s                 ; 2.62 V                       ; 4.05e-08 V                   ; 2.72 V              ; -0.0349 V           ; 0.173 V                              ; 0.1 V                                ; 2.72e-10 s                  ; 2.69e-10 s                  ; Yes                        ; Yes                        ; 2.62 V                      ; 4.05e-08 V                  ; 2.72 V             ; -0.0349 V          ; 0.173 V                             ; 0.1 V                               ; 2.72e-10 s                 ; 2.69e-10 s                 ; Yes                       ; Yes                       ;
; HEX6[3]       ; 2.5 V        ; 0 s                 ; 0 s                 ; 2.62 V                       ; 4.05e-08 V                   ; 2.72 V              ; -0.0349 V           ; 0.173 V                              ; 0.1 V                                ; 2.72e-10 s                  ; 2.69e-10 s                  ; Yes                        ; Yes                        ; 2.62 V                      ; 4.05e-08 V                  ; 2.72 V             ; -0.0349 V          ; 0.173 V                             ; 0.1 V                               ; 2.72e-10 s                 ; 2.69e-10 s                 ; Yes                       ; Yes                       ;
; HEX6[4]       ; 2.5 V        ; 0 s                 ; 0 s                 ; 2.62 V                       ; 4.05e-08 V                   ; 2.72 V              ; -0.0349 V           ; 0.173 V                              ; 0.1 V                                ; 2.72e-10 s                  ; 2.69e-10 s                  ; Yes                        ; Yes                        ; 2.62 V                      ; 4.05e-08 V                  ; 2.72 V             ; -0.0349 V          ; 0.173 V                             ; 0.1 V                               ; 2.72e-10 s                 ; 2.69e-10 s                 ; Yes                       ; Yes                       ;
; HEX6[5]       ; 2.5 V        ; 0 s                 ; 0 s                 ; 2.62 V                       ; 4.05e-08 V                   ; 2.64 V              ; -0.0113 V           ; 0.208 V                              ; 0.179 V                              ; 2.38e-09 s                  ; 2.23e-09 s                  ; No                         ; Yes                        ; 2.62 V                      ; 4.05e-08 V                  ; 2.64 V             ; -0.0113 V          ; 0.208 V                             ; 0.179 V                             ; 2.38e-09 s                 ; 2.23e-09 s                 ; No                        ; Yes                       ;
; HEX6[6]       ; 2.5 V        ; 0 s                 ; 0 s                 ; 2.62 V                       ; 4.05e-08 V                   ; 2.72 V              ; -0.0349 V           ; 0.173 V                              ; 0.1 V                                ; 2.72e-10 s                  ; 2.69e-10 s                  ; Yes                        ; Yes                        ; 2.62 V                      ; 4.05e-08 V                  ; 2.72 V             ; -0.0349 V          ; 0.173 V                             ; 0.1 V                               ; 2.72e-10 s                 ; 2.69e-10 s                 ; Yes                       ; Yes                       ;
; HEX7[0]       ; 2.5 V        ; 0 s                 ; 0 s                 ; 2.62 V                       ; 4.05e-08 V                   ; 2.72 V              ; -0.0349 V           ; 0.173 V                              ; 0.1 V                                ; 2.72e-10 s                  ; 2.69e-10 s                  ; Yes                        ; Yes                        ; 2.62 V                      ; 4.05e-08 V                  ; 2.72 V             ; -0.0349 V          ; 0.173 V                             ; 0.1 V                               ; 2.72e-10 s                 ; 2.69e-10 s                 ; Yes                       ; Yes                       ;
; HEX7[1]       ; 2.5 V        ; 0 s                 ; 0 s                 ; 2.62 V                       ; 4.05e-08 V                   ; 2.72 V              ; -0.0349 V           ; 0.173 V                              ; 0.1 V                                ; 2.72e-10 s                  ; 2.69e-10 s                  ; Yes                        ; Yes                        ; 2.62 V                      ; 4.05e-08 V                  ; 2.72 V             ; -0.0349 V          ; 0.173 V                             ; 0.1 V                               ; 2.72e-10 s                 ; 2.69e-10 s                 ; Yes                       ; Yes                       ;
; HEX7[2]       ; 2.5 V        ; 0 s                 ; 0 s                 ; 2.62 V                       ; 4.05e-08 V                   ; 2.72 V              ; -0.0349 V           ; 0.173 V                              ; 0.1 V                                ; 2.72e-10 s                  ; 2.69e-10 s                  ; Yes                        ; Yes                        ; 2.62 V                      ; 4.05e-08 V                  ; 2.72 V             ; -0.0349 V          ; 0.173 V                             ; 0.1 V                               ; 2.72e-10 s                 ; 2.69e-10 s                 ; Yes                       ; Yes                       ;
; HEX7[3]       ; 2.5 V        ; 0 s                 ; 0 s                 ; 2.62 V                       ; 4.05e-08 V                   ; 2.72 V              ; -0.0349 V           ; 0.173 V                              ; 0.1 V                                ; 2.72e-10 s                  ; 2.69e-10 s                  ; Yes                        ; Yes                        ; 2.62 V                      ; 4.05e-08 V                  ; 2.72 V             ; -0.0349 V          ; 0.173 V                             ; 0.1 V                               ; 2.72e-10 s                 ; 2.69e-10 s                 ; Yes                       ; Yes                       ;
; HEX7[4]       ; 2.5 V        ; 0 s                 ; 0 s                 ; 2.62 V                       ; 4.05e-08 V                   ; 2.72 V              ; -0.0349 V           ; 0.173 V                              ; 0.1 V                                ; 2.72e-10 s                  ; 2.69e-10 s                  ; Yes                        ; Yes                        ; 2.62 V                      ; 4.05e-08 V                  ; 2.72 V             ; -0.0349 V          ; 0.173 V                             ; 0.1 V                               ; 2.72e-10 s                 ; 2.69e-10 s                 ; Yes                       ; Yes                       ;
; HEX7[5]       ; 2.5 V        ; 0 s                 ; 0 s                 ; 2.62 V                       ; 4.05e-08 V                   ; 2.72 V              ; -0.0349 V           ; 0.173 V                              ; 0.1 V                                ; 2.72e-10 s                  ; 2.69e-10 s                  ; Yes                        ; Yes                        ; 2.62 V                      ; 4.05e-08 V                  ; 2.72 V             ; -0.0349 V          ; 0.173 V                             ; 0.1 V                               ; 2.72e-10 s                 ; 2.69e-10 s                 ; Yes                       ; Yes                       ;
; HEX7[6]       ; 2.5 V        ; 0 s                 ; 0 s                 ; 2.62 V                       ; 4.05e-08 V                   ; 2.72 V              ; -0.0349 V           ; 0.173 V                              ; 0.1 V                                ; 2.72e-10 s                  ; 2.69e-10 s                  ; Yes                        ; Yes                        ; 2.62 V                      ; 4.05e-08 V                  ; 2.72 V             ; -0.0349 V          ; 0.173 V                             ; 0.1 V                               ; 2.72e-10 s                 ; 2.69e-10 s                 ; Yes                       ; Yes                       ;
; LEDR[0]       ; 2.5 V        ; 0 s                 ; 0 s                 ; 2.62 V                       ; 4.05e-08 V                   ; 2.72 V              ; -0.0349 V           ; 0.173 V                              ; 0.1 V                                ; 2.72e-10 s                  ; 2.69e-10 s                  ; Yes                        ; Yes                        ; 2.62 V                      ; 4.05e-08 V                  ; 2.72 V             ; -0.0349 V          ; 0.173 V                             ; 0.1 V                               ; 2.72e-10 s                 ; 2.69e-10 s                 ; Yes                       ; Yes                       ;
; LEDR[1]       ; 2.5 V        ; 0 s                 ; 0 s                 ; 2.62 V                       ; 4.05e-08 V                   ; 2.72 V              ; -0.0349 V           ; 0.173 V                              ; 0.1 V                                ; 2.72e-10 s                  ; 2.69e-10 s                  ; Yes                        ; Yes                        ; 2.62 V                      ; 4.05e-08 V                  ; 2.72 V             ; -0.0349 V          ; 0.173 V                             ; 0.1 V                               ; 2.72e-10 s                 ; 2.69e-10 s                 ; Yes                       ; Yes                       ;
; LEDR[2]       ; 2.5 V        ; 0 s                 ; 0 s                 ; 2.62 V                       ; 4.05e-08 V                   ; 2.72 V              ; -0.0349 V           ; 0.173 V                              ; 0.1 V                                ; 2.72e-10 s                  ; 2.69e-10 s                  ; Yes                        ; Yes                        ; 2.62 V                      ; 4.05e-08 V                  ; 2.72 V             ; -0.0349 V          ; 0.173 V                             ; 0.1 V                               ; 2.72e-10 s                 ; 2.69e-10 s                 ; Yes                       ; Yes                       ;
; LEDR[3]       ; 2.5 V        ; 0 s                 ; 0 s                 ; 2.62 V                       ; 4.05e-08 V                   ; 2.72 V              ; -0.0349 V           ; 0.173 V                              ; 0.1 V                                ; 2.72e-10 s                  ; 2.69e-10 s                  ; Yes                        ; Yes                        ; 2.62 V                      ; 4.05e-08 V                  ; 2.72 V             ; -0.0349 V          ; 0.173 V                             ; 0.1 V                               ; 2.72e-10 s                 ; 2.69e-10 s                 ; Yes                       ; Yes                       ;
; LEDR[4]       ; 2.5 V        ; 0 s                 ; 0 s                 ; 2.62 V                       ; 4.05e-08 V                   ; 2.72 V              ; -0.0349 V           ; 0.173 V                              ; 0.1 V                                ; 2.72e-10 s                  ; 2.69e-10 s                  ; Yes                        ; Yes                        ; 2.62 V                      ; 4.05e-08 V                  ; 2.72 V             ; -0.0349 V          ; 0.173 V                             ; 0.1 V                               ; 2.72e-10 s                 ; 2.69e-10 s                 ; Yes                       ; Yes                       ;
; LEDR[5]       ; 2.5 V        ; 0 s                 ; 0 s                 ; 2.62 V                       ; 4.05e-08 V                   ; 2.72 V              ; -0.0349 V           ; 0.173 V                              ; 0.1 V                                ; 2.72e-10 s                  ; 2.69e-10 s                  ; Yes                        ; Yes                        ; 2.62 V                      ; 4.05e-08 V                  ; 2.72 V             ; -0.0349 V          ; 0.173 V                             ; 0.1 V                               ; 2.72e-10 s                 ; 2.69e-10 s                 ; Yes                       ; Yes                       ;
; LEDR[6]       ; 2.5 V        ; 0 s                 ; 0 s                 ; 2.62 V                       ; 4.05e-08 V                   ; 2.72 V              ; -0.0349 V           ; 0.173 V                              ; 0.1 V                                ; 2.72e-10 s                  ; 2.69e-10 s                  ; Yes                        ; Yes                        ; 2.62 V                      ; 4.05e-08 V                  ; 2.72 V             ; -0.0349 V          ; 0.173 V                             ; 0.1 V                               ; 2.72e-10 s                 ; 2.69e-10 s                 ; Yes                       ; Yes                       ;
; LEDR[7]       ; 2.5 V        ; 0 s                 ; 0 s                 ; 2.62 V                       ; 4.05e-08 V                   ; 2.72 V              ; -0.0349 V           ; 0.173 V                              ; 0.1 V                                ; 2.72e-10 s                  ; 2.69e-10 s                  ; Yes                        ; Yes                        ; 2.62 V                      ; 4.05e-08 V                  ; 2.72 V             ; -0.0349 V          ; 0.173 V                             ; 0.1 V                               ; 2.72e-10 s                 ; 2.69e-10 s                 ; Yes                       ; Yes                       ;
; LEDR[8]       ; 2.5 V        ; 0 s                 ; 0 s                 ; 2.62 V                       ; 4.05e-08 V                   ; 2.72 V              ; -0.0349 V           ; 0.173 V                              ; 0.1 V                                ; 2.72e-10 s                  ; 2.69e-10 s                  ; Yes                        ; Yes                        ; 2.62 V                      ; 4.05e-08 V                  ; 2.72 V             ; -0.0349 V          ; 0.173 V                             ; 0.1 V                               ; 2.72e-10 s                 ; 2.69e-10 s                 ; Yes                       ; Yes                       ;
; LEDR[9]       ; 2.5 V        ; 0 s                 ; 0 s                 ; 2.62 V                       ; 4.05e-08 V                   ; 2.64 V              ; -0.0113 V           ; 0.208 V                              ; 0.179 V                              ; 2.38e-09 s                  ; 2.23e-09 s                  ; No                         ; Yes                        ; 2.62 V                      ; 4.05e-08 V                  ; 2.64 V             ; -0.0113 V          ; 0.208 V                             ; 0.179 V                             ; 2.38e-09 s                 ; 2.23e-09 s                 ; No                        ; Yes                       ;
; ~ALTERA_DCLK~ ; 2.5 V        ; 0 s                 ; 0 s                 ; 2.62 V                       ; 2.22e-08 V                   ; 2.74 V              ; -0.06 V             ; 0.158 V                              ; 0.08 V                               ; 2.68e-10 s                  ; 2.19e-10 s                  ; Yes                        ; Yes                        ; 2.62 V                      ; 2.22e-08 V                  ; 2.74 V             ; -0.06 V            ; 0.158 V                             ; 0.08 V                              ; 2.68e-10 s                 ; 2.19e-10 s                 ; Yes                       ; Yes                       ;
; ~ALTERA_nCEO~ ; 2.5 V        ; 0 s                 ; 0 s                 ; 2.62 V                       ; 3.54e-08 V                   ; 2.7 V               ; -0.00943 V          ; 0.276 V                              ; 0.035 V                              ; 3.19e-10 s                  ; 4.99e-10 s                  ; No                         ; Yes                        ; 2.62 V                      ; 3.54e-08 V                  ; 2.7 V              ; -0.00943 V         ; 0.276 V                             ; 0.035 V                             ; 3.19e-10 s                 ; 4.99e-10 s                 ; No                        ; Yes                       ;
+---------------+--------------+---------------------+---------------------+------------------------------+------------------------------+---------------------+---------------------+--------------------------------------+--------------------------------------+-----------------------------+-----------------------------+----------------------------+----------------------------+-----------------------------+-----------------------------+--------------------+--------------------+-------------------------------------+-------------------------------------+----------------------------+----------------------------+---------------------------+---------------------------+


+-------------------------------------------------------------------+
; Setup Transfers                                                   ;
+------------+----------+----------+----------+----------+----------+
; From Clock ; To Clock ; RR Paths ; FR Paths ; RF Paths ; FF Paths ;
+------------+----------+----------+----------+----------+----------+
; CLOCK_50   ; CLOCK_50 ; 2502     ; 0        ; 0        ; 0        ;
+------------+----------+----------+----------+----------+----------+
Entries labeled "false path" only account for clock-to-clock false paths and not path-based false paths. As a result, actual path counts may be lower than reported.


+-------------------------------------------------------------------+
; Hold Transfers                                                    ;
+------------+----------+----------+----------+----------+----------+
; From Clock ; To Clock ; RR Paths ; FR Paths ; RF Paths ; FF Paths ;
+------------+----------+----------+----------+----------+----------+
; CLOCK_50   ; CLOCK_50 ; 2502     ; 0        ; 0        ; 0        ;
+------------+----------+----------+----------+----------+----------+
Entries labeled "false path" only account for clock-to-clock false paths and not path-based false paths. As a result, actual path counts may be lower than reported.


+-------------------------------------------------------------------+
; Recovery Transfers                                                ;
+------------+----------+----------+----------+----------+----------+
; From Clock ; To Clock ; RR Paths ; FR Paths ; RF Paths ; FF Paths ;
+------------+----------+----------+----------+----------+----------+
; CLOCK_50   ; CLOCK_50 ; 107      ; 0        ; 0        ; 0        ;
+------------+----------+----------+----------+----------+----------+
Entries labeled "false path" only account for clock-to-clock false paths and not path-based false paths. As a result, actual path counts may be lower than reported.


+-------------------------------------------------------------------+
; Removal Transfers                                                 ;
+------------+----------+----------+----------+----------+----------+
; From Clock ; To Clock ; RR Paths ; FR Paths ; RF Paths ; FF Paths ;
+------------+----------+----------+----------+----------+----------+
; CLOCK_50   ; CLOCK_50 ; 107      ; 0        ; 0        ; 0        ;
+------------+----------+----------+----------+----------+----------+
Entries labeled "false path" only account for clock-to-clock false paths and not path-based false paths. As a result, actual path counts may be lower than reported.


---------------
; Report TCCS ;
---------------
No dedicated SERDES Transmitter circuitry present in device or used in design


---------------
; Report RSKM ;
---------------
No non-DPA dedicated SERDES Receiver circuitry present in device or used in design


+------------------------------------------------+
; Unconstrained Paths Summary                    ;
+---------------------------------+-------+------+
; Property                        ; Setup ; Hold ;
+---------------------------------+-------+------+
; Illegal Clocks                  ; 0     ; 0    ;
; Unconstrained Clocks            ; 1     ; 1    ;
; Unconstrained Input Ports       ; 20    ; 20   ;
; Unconstrained Input Port Paths  ; 60    ; 60   ;
; Unconstrained Output Ports      ; 66    ; 66   ;
; Unconstrained Output Port Paths ; 2498  ; 2498 ;
+---------------------------------+-------+------+


+------------------------------------------------------------------+
; Clock Status Summary                                             ;
+--------------------------------+----------+------+---------------+
; Target                         ; Clock    ; Type ; Status        ;
+--------------------------------+----------+------+---------------+
; CLOCK_50                       ; CLOCK_50 ; Base ; Constrained   ;
; clock_divider:clk_div_1hz|tick ;          ; Base ; Unconstrained ;
+--------------------------------+----------+------+---------------+


+---------------------------------------------------------------------------------------------------+
; Unconstrained Input Ports                                                                         ;
+------------+--------------------------------------------------------------------------------------+
; Input Port ; Comment                                                                              ;
+------------+--------------------------------------------------------------------------------------+
; KEY[0]     ; No input delay, min/max delays, false-path exceptions, or max skew assignments found ;
; KEY[1]     ; No input delay, min/max delays, false-path exceptions, or max skew assignments found ;
; SW[0]      ; No input delay, min/max delays, false-path exceptions, or max skew assignments found ;
; SW[1]      ; No input delay, min/max delays, false-path exceptions, or max skew assignments found ;
; SW[2]      ; No input delay, min/max delays, false-path exceptions, or max skew assignments found ;
; SW[3]      ; No input delay, min/max delays, false-path exceptions, or max skew assignments found ;
; SW[4]      ; No input delay, min/max delays, false-path exceptions, or max skew assignments found ;
; SW[5]      ; No input delay, min/max delays, false-path exceptions, or max skew assignments found ;
; SW[6]      ; No input delay, min/max delays, false-path exceptions, or max skew assignments found ;
; SW[7]      ; No input delay, min/max delays, false-path exceptions, or max skew assignments found ;
; SW[8]      ; No input delay, min/max delays, false-path exceptions, or max skew assignments found ;
; SW[9]      ; No input delay, min/max delays, false-path exceptions, or max skew assignments found ;
; SW[10]     ; No input delay, min/max delays, false-path exceptions, or max skew assignments found ;
; SW[11]     ; No input delay, min/max delays, false-path exceptions, or max skew assignments found ;
; SW[12]     ; No input delay, min/max delays, false-path exceptions, or max skew assignments found ;
; SW[13]     ; No input delay, min/max delays, false-path exceptions, or max skew assignments found ;
; SW[14]     ; No input delay, min/max delays, false-path exceptions, or max skew assignments found ;
; SW[15]     ; No input delay, min/max delays, false-path exceptions, or max skew assignments found ;
; SW[16]     ; No input delay, min/max delays, false-path exceptions, or max skew assignments found ;
; SW[17]     ; No input delay, min/max delays, false-path exceptions, or max skew assignments found ;
+------------+--------------------------------------------------------------------------------------+


+-----------------------------------------------------------------------------------------------------+
; Unconstrained Output Ports                                                                          ;
+-------------+---------------------------------------------------------------------------------------+
; Output Port ; Comment                                                                               ;
+-------------+---------------------------------------------------------------------------------------+
; HEX0[0]     ; No output delay, min/max delays, false-path exceptions, or max skew assignments found ;
; HEX0[1]     ; No output delay, min/max delays, false-path exceptions, or max skew assignments found ;
; HEX0[2]     ; No output delay, min/max delays, false-path exceptions, or max skew assignments found ;
; HEX0[3]     ; No output delay, min/max delays, false-path exceptions, or max skew assignments found ;
; HEX0[4]     ; No output delay, min/max delays, false-path exceptions, or max skew assignments found ;
; HEX0[5]     ; No output delay, min/max delays, false-path exceptions, or max skew assignments found ;
; HEX0[6]     ; No output delay, min/max delays, false-path exceptions, or max skew assignments found ;
; HEX1[0]     ; No output delay, min/max delays, false-path exceptions, or max skew assignments found ;
; HEX1[1]     ; No output delay, min/max delays, false-path exceptions, or max skew assignments found ;
; HEX1[2]     ; No output delay, min/max delays, false-path exceptions, or max skew assignments found ;
; HEX1[3]     ; No output delay, min/max delays, false-path exceptions, or max skew assignments found ;
; HEX1[4]     ; No output delay, min/max delays, false-path exceptions, or max skew assignments found ;
; HEX1[5]     ; No output delay, min/max delays, false-path exceptions, or max skew assignments found ;
; HEX1[6]     ; No output delay, min/max delays, false-path exceptions, or max skew assignments found ;
; HEX2[0]     ; No output delay, min/max delays, false-path exceptions, or max skew assignments found ;
; HEX2[1]     ; No output delay, min/max delays, false-path exceptions, or max skew assignments found ;
; HEX2[2]     ; No output delay, min/max delays, false-path exceptions, or max skew assignments found ;
; HEX2[3]     ; No output delay, min/max delays, false-path exceptions, or max skew assignments found ;
; HEX2[4]     ; No output delay, min/max delays, false-path exceptions, or max skew assignments found ;
; HEX2[5]     ; No output delay, min/max delays, false-path exceptions, or max skew assignments found ;
; HEX2[6]     ; No output delay, min/max delays, false-path exceptions, or max skew assignments found ;
; HEX3[0]     ; No output delay, min/max delays, false-path exceptions, or max skew assignments found ;
; HEX3[1]     ; No output delay, min/max delays, false-path exceptions, or max skew assignments found ;
; HEX3[2]     ; No output delay, min/max delays, false-path exceptions, or max skew assignments found ;
; HEX3[3]     ; No output delay, min/max delays, false-path exceptions, or max skew assignments found ;
; HEX3[4]     ; No output delay, min/max delays, false-path exceptions, or max skew assignments found ;
; HEX3[5]     ; No output delay, min/max delays, false-path exceptions, or max skew assignments found ;
; HEX3[6]     ; No output delay, min/max delays, false-path exceptions, or max skew assignments found ;
; HEX4[0]     ; No output delay, min/max delays, false-path exceptions, or max skew assignments found ;
; HEX4[1]     ; No output delay, min/max delays, false-path exceptions, or max skew assignments found ;
; HEX4[2]     ; No output delay, min/max delays, false-path exceptions, or max skew assignments found ;
; HEX4[3]     ; No output delay, min/max delays, false-path exceptions, or max skew assignments found ;
; HEX4[4]     ; No output delay, min/max delays, false-path exceptions, or max skew assignments found ;
; HEX4[5]     ; No output delay, min/max delays, false-path exceptions, or max skew assignments found ;
; HEX4[6]     ; No output delay, min/max delays, false-path exceptions, or max skew assignments found ;
; HEX5[0]     ; No output delay, min/max delays, false-path exceptions, or max skew assignments found ;
; HEX5[1]     ; No output delay, min/max delays, false-path exceptions, or max skew assignments found ;
; HEX5[2]     ; No output delay, min/max delays, false-path exceptions, or max skew assignments found ;
; HEX5[3]     ; No output delay, min/max delays, false-path exceptions, or max skew assignments found ;
; HEX5[4]     ; No output delay, min/max delays, false-path exceptions, or max skew assignments found ;
; HEX5[5]     ; No output delay, min/max delays, false-path exceptions, or max skew assignments found ;
; HEX5[6]     ; No output delay, min/max delays, false-path exceptions, or max skew assignments found ;
; HEX6[0]     ; No output delay, min/max delays, false-path exceptions, or max skew assignments found ;
; HEX6[1]     ; No output delay, min/max delays, false-path exceptions, or max skew assignments found ;
; HEX6[2]     ; No output delay, min/max delays, false-path exceptions, or max skew assignments found ;
; HEX6[3]     ; No output delay, min/max delays, false-path exceptions, or max skew assignments found ;
; HEX6[4]     ; No output delay, min/max delays, false-path exceptions, or max skew assignments found ;
; HEX6[5]     ; No output delay, min/max delays, false-path exceptions, or max skew assignments found ;
; HEX6[6]     ; No output delay, min/max delays, false-path exceptions, or max skew assignments found ;
; HEX7[0]     ; No output delay, min/max delays, false-path exceptions, or max skew assignments found ;
; HEX7[1]     ; No output delay, min/max delays, false-path exceptions, or max skew assignments found ;
; HEX7[2]     ; No output delay, min/max delays, false-path exceptions, or max skew assignments found ;
; HEX7[3]     ; No output delay, min/max delays, false-path exceptions, or max skew assignments found ;
; HEX7[4]     ; No output delay, min/max delays, false-path exceptions, or max skew assignments found ;
; HEX7[5]     ; No output delay, min/max delays, false-path exceptions, or max skew assignments found ;
; HEX7[6]     ; No output delay, min/max delays, false-path exceptions, or max skew assignments found ;
; LEDR[0]     ; No output delay, min/max delays, false-path exceptions, or max skew assignments found ;
; LEDR[1]     ; No output delay, min/max delays, false-path exceptions, or max skew assignments found ;
; LEDR[2]     ; No output delay, min/max delays, false-path exceptions, or max skew assignments found ;
; LEDR[3]     ; No output delay, min/max delays, false-path exceptions, or max skew assignments found ;
; LEDR[4]     ; No output delay, min/max delays, false-path exceptions, or max skew assignments found ;
; LEDR[5]     ; No output delay, min/max delays, false-path exceptions, or max skew assignments found ;
; LEDR[6]     ; No output delay, min/max delays, false-path exceptions, or max skew assignments found ;
; LEDR[7]     ; No output delay, min/max delays, false-path exceptions, or max skew assignments found ;
; LEDR[8]     ; No output delay, min/max delays, false-path exceptions, or max skew assignments found ;
; LEDR[9]     ; No output delay, min/max delays, false-path exceptions, or max skew assignments found ;
+-------------+---------------------------------------------------------------------------------------+


+---------------------------------------------------------------------------------------------------+
; Unconstrained Input Ports                                                                         ;
+------------+--------------------------------------------------------------------------------------+
; Input Port ; Comment                                                                              ;
+------------+--------------------------------------------------------------------------------------+
; KEY[0]     ; No input delay, min/max delays, false-path exceptions, or max skew assignments found ;
; KEY[1]     ; No input delay, min/max delays, false-path exceptions, or max skew assignments found ;
; SW[0]      ; No input delay, min/max delays, false-path exceptions, or max skew assignments found ;
; SW[1]      ; No input delay, min/max delays, false-path exceptions, or max skew assignments found ;
; SW[2]      ; No input delay, min/max delays, false-path exceptions, or max skew assignments found ;
; SW[3]      ; No input delay, min/max delays, false-path exceptions, or max skew assignments found ;
; SW[4]      ; No input delay, min/max delays, false-path exceptions, or max skew assignments found ;
; SW[5]      ; No input delay, min/max delays, false-path exceptions, or max skew assignments found ;
; SW[6]      ; No input delay, min/max delays, false-path exceptions, or max skew assignments found ;
; SW[7]      ; No input delay, min/max delays, false-path exceptions, or max skew assignments found ;
; SW[8]      ; No input delay, min/max delays, false-path exceptions, or max skew assignments found ;
; SW[9]      ; No input delay, min/max delays, false-path exceptions, or max skew assignments found ;
; SW[10]     ; No input delay, min/max delays, false-path exceptions, or max skew assignments found ;
; SW[11]     ; No input delay, min/max delays, false-path exceptions, or max skew assignments found ;
; SW[12]     ; No input delay, min/max delays, false-path exceptions, or max skew assignments found ;
; SW[13]     ; No input delay, min/max delays, false-path exceptions, or max skew assignments found ;
; SW[14]     ; No input delay, min/max delays, false-path exceptions, or max skew assignments found ;
; SW[15]     ; No input delay, min/max delays, false-path exceptions, or max skew assignments found ;
; SW[16]     ; No input delay, min/max delays, false-path exceptions, or max skew assignments found ;
; SW[17]     ; No input delay, min/max delays, false-path exceptions, or max skew assignments found ;
+------------+--------------------------------------------------------------------------------------+


+-----------------------------------------------------------------------------------------------------+
; Unconstrained Output Ports                                                                          ;
+-------------+---------------------------------------------------------------------------------------+
; Output Port ; Comment                                                                               ;
+-------------+---------------------------------------------------------------------------------------+
; HEX0[0]     ; No output delay, min/max delays, false-path exceptions, or max skew assignments found ;
; HEX0[1]     ; No output delay, min/max delays, false-path exceptions, or max skew assignments found ;
; HEX0[2]     ; No output delay, min/max delays, false-path exceptions, or max skew assignments found ;
; HEX0[3]     ; No output delay, min/max delays, false-path exceptions, or max skew assignments found ;
; HEX0[4]     ; No output delay, min/max delays, false-path exceptions, or max skew assignments found ;
; HEX0[5]     ; No output delay, min/max delays, false-path exceptions, or max skew assignments found ;
; HEX0[6]     ; No output delay, min/max delays, false-path exceptions, or max skew assignments found ;
; HEX1[0]     ; No output delay, min/max delays, false-path exceptions, or max skew assignments found ;
; HEX1[1]     ; No output delay, min/max delays, false-path exceptions, or max skew assignments found ;
; HEX1[2]     ; No output delay, min/max delays, false-path exceptions, or max skew assignments found ;
; HEX1[3]     ; No output delay, min/max delays, false-path exceptions, or max skew assignments found ;
; HEX1[4]     ; No output delay, min/max delays, false-path exceptions, or max skew assignments found ;
; HEX1[5]     ; No output delay, min/max delays, false-path exceptions, or max skew assignments found ;
; HEX1[6]     ; No output delay, min/max delays, false-path exceptions, or max skew assignments found ;
; HEX2[0]     ; No output delay, min/max delays, false-path exceptions, or max skew assignments found ;
; HEX2[1]     ; No output delay, min/max delays, false-path exceptions, or max skew assignments found ;
; HEX2[2]     ; No output delay, min/max delays, false-path exceptions, or max skew assignments found ;
; HEX2[3]     ; No output delay, min/max delays, false-path exceptions, or max skew assignments found ;
; HEX2[4]     ; No output delay, min/max delays, false-path exceptions, or max skew assignments found ;
; HEX2[5]     ; No output delay, min/max delays, false-path exceptions, or max skew assignments found ;
; HEX2[6]     ; No output delay, min/max delays, false-path exceptions, or max skew assignments found ;
; HEX3[0]     ; No output delay, min/max delays, false-path exceptions, or max skew assignments found ;
; HEX3[1]     ; No output delay, min/max delays, false-path exceptions, or max skew assignments found ;
; HEX3[2]     ; No output delay, min/max delays, false-path exceptions, or max skew assignments found ;
; HEX3[3]     ; No output delay, min/max delays, false-path exceptions, or max skew assignments found ;
; HEX3[4]     ; No output delay, min/max delays, false-path exceptions, or max skew assignments found ;
; HEX3[5]     ; No output delay, min/max delays, false-path exceptions, or max skew assignments found ;
; HEX3[6]     ; No output delay, min/max delays, false-path exceptions, or max skew assignments found ;
; HEX4[0]     ; No output delay, min/max delays, false-path exceptions, or max skew assignments found ;
; HEX4[1]     ; No output delay, min/max delays, false-path exceptions, or max skew assignments found ;
; HEX4[2]     ; No output delay, min/max delays, false-path exceptions, or max skew assignments found ;
; HEX4[3]     ; No output delay, min/max delays, false-path exceptions, or max skew assignments found ;
; HEX4[4]     ; No output delay, min/max delays, false-path exceptions, or max skew assignments found ;
; HEX4[5]     ; No output delay, min/max delays, false-path exceptions, or max skew assignments found ;
; HEX4[6]     ; No output delay, min/max delays, false-path exceptions, or max skew assignments found ;
; HEX5[0]     ; No output delay, min/max delays, false-path exceptions, or max skew assignments found ;
; HEX5[1]     ; No output delay, min/max delays, false-path exceptions, or max skew assignments found ;
; HEX5[2]     ; No output delay, min/max delays, false-path exceptions, or max skew assignments found ;
; HEX5[3]     ; No output delay, min/max delays, false-path exceptions, or max skew assignments found ;
; HEX5[4]     ; No output delay, min/max delays, false-path exceptions, or max skew assignments found ;
; HEX5[5]     ; No output delay, min/max delays, false-path exceptions, or max skew assignments found ;
; HEX5[6]     ; No output delay, min/max delays, false-path exceptions, or max skew assignments found ;
; HEX6[0]     ; No output delay, min/max delays, false-path exceptions, or max skew assignments found ;
; HEX6[1]     ; No output delay, min/max delays, false-path exceptions, or max skew assignments found ;
; HEX6[2]     ; No output delay, min/max delays, false-path exceptions, or max skew assignments found ;
; HEX6[3]     ; No output delay, min/max delays, false-path exceptions, or max skew assignments found ;
; HEX6[4]     ; No output delay, min/max delays, false-path exceptions, or max skew assignments found ;
; HEX6[5]     ; No output delay, min/max delays, false-path exceptions, or max skew assignments found ;
; HEX6[6]     ; No output delay, min/max delays, false-path exceptions, or max skew assignments found ;
; HEX7[0]     ; No output delay, min/max delays, false-path exceptions, or max skew assignments found ;
; HEX7[1]     ; No output delay, min/max delays, false-path exceptions, or max skew assignments found ;
; HEX7[2]     ; No output delay, min/max delays, false-path exceptions, or max skew assignments found ;
; HEX7[3]     ; No output delay, min/max delays, false-path exceptions, or max skew assignments found ;
; HEX7[4]     ; No output delay, min/max delays, false-path exceptions, or max skew assignments found ;
; HEX7[5]     ; No output delay, min/max delays, false-path exceptions, or max skew assignments found ;
; HEX7[6]     ; No output delay, min/max delays, false-path exceptions, or max skew assignments found ;
; LEDR[0]     ; No output delay, min/max delays, false-path exceptions, or max skew assignments found ;
; LEDR[1]     ; No output delay, min/max delays, false-path exceptions, or max skew assignments found ;
; LEDR[2]     ; No output delay, min/max delays, false-path exceptions, or max skew assignments found ;
; LEDR[3]     ; No output delay, min/max delays, false-path exceptions, or max skew assignments found ;
; LEDR[4]     ; No output delay, min/max delays, false-path exceptions, or max skew assignments found ;
; LEDR[5]     ; No output delay, min/max delays, false-path exceptions, or max skew assignments found ;
; LEDR[6]     ; No output delay, min/max delays, false-path exceptions, or max skew assignments found ;
; LEDR[7]     ; No output delay, min/max delays, false-path exceptions, or max skew assignments found ;
; LEDR[8]     ; No output delay, min/max delays, false-path exceptions, or max skew assignments found ;
; LEDR[9]     ; No output delay, min/max delays, false-path exceptions, or max skew assignments found ;
+-------------+---------------------------------------------------------------------------------------+


+------------------------------------+
; TimeQuest Timing Analyzer Messages ;
+------------------------------------+
Info: *******************************************************************
Info: Running Quartus Prime TimeQuest Timing Analyzer
    Info: Version 17.1.0 Build 590 10/25/2017 SJ Lite Edition
    Info: Processing started: Fri Jul 25 21:45:02 2025
Info: Command: quartus_sta RISCV_processador -c RISCV_processador
Info: qsta_default_script.tcl version: #3
Warning (18236): Number of processors has not been specified which may cause overloading on shared machines.  Set the global assignment NUM_PARALLEL_PROCESSORS in your QSF to an appropriate value for best performance.
Info (20030): Parallel compilation is enabled and will use 5 of the 5 processors detected
Info (21077): Low junction temperature is 0 degrees C
Info (21077): High junction temperature is 85 degrees C
Info (332104): Reading SDC File: 'RISCV_processador.sdc'
Warning (332060): Node: clock_divider:clk_div_1hz|tick was determined to be a clock but was found without an associated clock assignment.
    Info (13166): Register RISCV_processador:cpu|program_counter:program_counter_inst|pc_out[8] is being clocked by clock_divider:clk_div_1hz|tick
Critical Warning (332168): The following clock transfers have no clock uncertainty assignment. For more accurate results, apply clock uncertainty assignments or use the derive_clock_uncertainty command.
    Critical Warning (332169): From CLOCK_50 (Rise) to CLOCK_50 (Rise) (setup and hold)
Info: Found TIMEQUEST_REPORT_SCRIPT_INCLUDE_DEFAULT_ANALYSIS = ON
Info: Analyzing Slow 1200mV 85C Model
Info (332146): Worst-case setup slack is 12.809
    Info (332119):     Slack       End Point TNS Clock 
    Info (332119): ========= =================== =====================
    Info (332119):    12.809               0.000 CLOCK_50 
Info (332146): Worst-case hold slack is 0.402
    Info (332119):     Slack       End Point TNS Clock 
    Info (332119): ========= =================== =====================
    Info (332119):     0.402               0.000 CLOCK_50 
Info (332146): Worst-case recovery slack is 12.157
    Info (332119):     Slack       End Point TNS Clock 
    Info (332119): ========= =================== =====================
    Info (332119):    12.157               0.000 CLOCK_50 
Info (332146): Worst-case removal slack is 5.847
    Info (332119):     Slack       End Point TNS Clock 
    Info (332119): ========= =================== =====================
    Info (332119):     5.847               0.000 CLOCK_50 
Info (332146): Worst-case minimum pulse width slack is 9.720
    Info (332119):     Slack       End Point TNS Clock 
    Info (332119): ========= =================== =====================
    Info (332119):     9.720               0.000 CLOCK_50 
Info: Analyzing Slow 1200mV 0C Model
Info (334003): Started post-fitting delay annotation
Info (334004): Delay annotation completed successfully
Warning (332060): Node: clock_divider:clk_div_1hz|tick was determined to be a clock but was found without an associated clock assignment.
    Info (13166): Register RISCV_processador:cpu|program_counter:program_counter_inst|pc_out[8] is being clocked by clock_divider:clk_div_1hz|tick
Critical Warning (332168): The following clock transfers have no clock uncertainty assignment. For more accurate results, apply clock uncertainty assignments or use the derive_clock_uncertainty command.
    Critical Warning (332169): From CLOCK_50 (Rise) to CLOCK_50 (Rise) (setup and hold)
Info (332146): Worst-case setup slack is 13.348
    Info (332119):     Slack       End Point TNS Clock 
    Info (332119): ========= =================== =====================
    Info (332119):    13.348               0.000 CLOCK_50 
Info (332146): Worst-case hold slack is 0.354
    Info (332119):     Slack       End Point TNS Clock 
    Info (332119): ========= =================== =====================
    Info (332119):     0.354               0.000 CLOCK_50 
Info (332146): Worst-case recovery slack is 12.860
    Info (332119):     Slack       End Point TNS Clock 
    Info (332119): ========= =================== =====================
    Info (332119):    12.860               0.000 CLOCK_50 
Info (332146): Worst-case removal slack is 5.243
    Info (332119):     Slack       End Point TNS Clock 
    Info (332119): ========= =================== =====================
    Info (332119):     5.243               0.000 CLOCK_50 
Info (332146): Worst-case minimum pulse width slack is 9.724
    Info (332119):     Slack       End Point TNS Clock 
    Info (332119): ========= =================== =====================
    Info (332119):     9.724               0.000 CLOCK_50 
Info: Analyzing Fast 1200mV 0C Model
Warning (332060): Node: clock_divider:clk_div_1hz|tick was determined to be a clock but was found without an associated clock assignment.
    Info (13166): Register RISCV_processador:cpu|program_counter:program_counter_inst|pc_out[8] is being clocked by clock_divider:clk_div_1hz|tick
Critical Warning (332168): The following clock transfers have no clock uncertainty assignment. For more accurate results, apply clock uncertainty assignments or use the derive_clock_uncertainty command.
    Critical Warning (332169): From CLOCK_50 (Rise) to CLOCK_50 (Rise) (setup and hold)
Info (332146): Worst-case setup slack is 16.178
    Info (332119):     Slack       End Point TNS Clock 
    Info (332119): ========= =================== =====================
    Info (332119):    16.178               0.000 CLOCK_50 
Info (332146): Worst-case hold slack is 0.181
    Info (332119):     Slack       End Point TNS Clock 
    Info (332119): ========= =================== =====================
    Info (332119):     0.181               0.000 CLOCK_50 
Info (332146): Worst-case recovery slack is 15.668
    Info (332119):     Slack       End Point TNS Clock 
    Info (332119): ========= =================== =====================
    Info (332119):    15.668               0.000 CLOCK_50 
Info (332146): Worst-case removal slack is 3.005
    Info (332119):     Slack       End Point TNS Clock 
    Info (332119): ========= =================== =====================
    Info (332119):     3.005               0.000 CLOCK_50 
Info (332146): Worst-case minimum pulse width slack is 9.436
    Info (332119):     Slack       End Point TNS Clock 
    Info (332119): ========= =================== =====================
    Info (332119):     9.436               0.000 CLOCK_50 
Info (332102): Design is not fully constrained for setup requirements
Info (332102): Design is not fully constrained for hold requirements
Info: Quartus Prime TimeQuest Timing Analyzer was successful. 0 errors, 10 warnings
    Info: Peak virtual memory: 4880 megabytes
    Info: Processing ended: Fri Jul 25 21:45:04 2025
    Info: Elapsed time: 00:00:02
    Info: Total CPU time (on all processors): 00:00:02


